2.858	2.317	2.304	2.188	2.138	1.783	2.171	1.817	1.554	1.475	1.417	1.271	1.408	1.600	1.512	1.896	1.587	1.704	1.900	2.525	2.100	2.013	1.821	1.679	1.575	1.667	1.796	1.367	1.137	1.433	1.342	1.067	1.479	1.579	1.587	1.617	1.567	1.904	2.196	3.092	2.129	1.946	1.654	1.667	1.283	1.446	1.321	1.167	0.988	0.917	0.875	1.492	1.242	0.863	1.183	1.425	1.462	1.583	2.000	2.317	1.721	1.967	1.625	1.379	1.400	1.125	1.129	0.917	0.858	1.183	0.863	0.979	1.104	0.892	1.300	1.221	1.708	1.825	1.758	2.075	2.054	1.696	1.358	1.521	0.762	1.096	1.587	1.504	0.758	1.129	1.108	1.000	0.812	0.921	1.158	1.304	1.417	1.521	1.650	1.738	1.663	1.404	1.133	0.967	1.163	1.633	1.254	1.096	0.967	0.946	1.100	1.304	1.062	1.133	1.008	1.433	1.217	1.358	2.096	2.796	2.808	1.783	1.375	1.642	1.171	1.175	1.271	1.654	1.546	1.375	0.912	1.137	1.583	1.129	1.450	1.183	1.333	1.496	2.000	2.750	
3.280	2.388	2.172	1.880	1.920	2.020	2.080	1.800	1.800	1.628	1.952	1.516	2.068	1.548	1.412	1.728	1.804	2.368	2.844	2.744	3.296	2.800	2.304	2.228	1.808	2.044	2.024	1.988	1.912	1.732	1.848	1.800	1.620	1.796	1.772	1.928	2.160	2.520	2.328	2.952	2.844	2.608	2.588	2.356	2.180	1.824	1.904	2.108	2.036	1.868	2.192	1.468	1.900	1.812	1.584	1.424	1.980	2.384	2.520	2.088	2.604	2.772	2.260	2.468	2.088	2.268	2.428	2.344	2.056	1.996	1.836	2.036	1.828	1.612	1.436	1.872	2.076	2.284	2.212	2.284	2.848	2.764	2.404	2.504	2.444	2.432	2.548	2.176	2.152	1.828	1.624	1.896	1.976	1.992	1.812	1.764	2.224	2.204	2.284	1.972	2.568	2.512	2.516	2.444	2.592	2.268	2.196	1.888	2.176	1.652	1.828	2.072	1.888	1.908	1.836	2.016	2.120	1.916	2.420	2.336	3.136	2.720	2.308	2.244	2.216	2.168	2.052	1.900	2.140	1.772	2.152	2.072	2.216	2.000	1.700	2.132	2.256	1.868	2.204	2.656	
3.092	2.544	2.220	2.224	1.864	1.912	1.664	1.824	1.432	1.644	1.712	2.064	2.288	2.340	2.168	1.724	1.876	2.056	2.180	2.848	3.328	2.752	2.224	1.948	1.736	1.996	2.000	1.848	1.900	2.036	1.916	2.544	2.160	2.032	2.008	1.740	2.100	1.920	2.412	2.912	2.492	2.832	2.464	1.932	2.000	1.936	1.716	2.004	2.004	1.900	1.464	2.200	2.176	2.196	1.624	1.784	2.068	1.892	2.180	2.344	1.892	2.320	1.856	2.096	1.748	1.652	1.820	2.052	1.804	1.916	2.044	2.100	2.428	2.172	1.980	2.036	1.912	1.988	2.204	2.560	2.748	2.336	2.520	2.236	2.100	1.884	2.020	2.060	1.804	1.960	1.756	2.052	2.036	2.440	1.924	2.064	1.884	1.708	1.788	2.100	2.248	2.748	2.068	2.032	2.040	2.216	2.224	1.736	1.584	1.668	2.064	2.344	2.044	2.220	2.132	1.780	1.872	1.804	2.604	2.476	3.004	2.596	2.124	1.956	2.172	1.972	1.860	1.656	1.940	2.036	1.864	2.388	2.016	2.272	2.188	1.816	1.920	1.980	1.948	2.528	
2.636	2.072	2.152	3.020	2.604	2.252	2.300	2.228	2.360	2.552	2.392	2.020	2.356	1.760	1.972	1.904	1.892	1.756	2.076	2.400	2.928	2.280	2.608	2.564	2.284	2.040	1.808	2.124	2.208	2.108	1.768	2.068	2.256	2.180	2.036	2.372	1.880	2.284	2.084	2.300	2.280	2.444	2.404	2.348	2.096	2.064	1.988	2.272	2.208	2.212	2.032	2.148	2.064	2.256	2.124	1.996	2.268	2.024	2.000	1.536	2.104	2.692	2.488	2.148	1.884	1.912	2.080	1.932	1.928	1.928	2.224	2.384	1.912	2.108	2.072	2.116	2.048	2.052	1.924	2.152	2.308	2.160	2.080	2.044	2.248	2.004	1.840	2.236	2.440	1.860	2.232	2.112	1.792	1.892	2.308	2.136	2.032	2.340	2.376	1.892	2.436	2.332	1.916	1.864	1.864	2.092	1.764	2.108	1.836	2.040	2.400	1.920	2.072	2.100	2.236	1.884	2.020	2.372	2.364	2.336	3.452	2.700	2.188	1.820	2.148	2.200	2.180	1.884	2.324	2.240	2.044	2.036	2.072	2.140	2.016	1.920	2.304	2.300	2.320	2.628	
2.912	2.112	2.384	1.824	1.916	2.316	2.136	2.060	2.208	1.924	2.064	2.204	2.276	2.120	2.020	2.200	1.692	2.200	2.060	2.732	2.756	2.432	2.080	2.120	2.152	2.148	1.948	2.164	1.708	2.180	2.056	2.156	2.052	2.140	1.916	2.100	2.072	1.756	2.324	2.720	2.588	2.396	2.296	2.304	2.100	2.200	2.196	2.200	2.116	1.988	2.116	2.144	2.052	1.976	1.800	2.296	1.756	2.084	2.108	2.016	2.040	2.052	1.924	2.184	2.264	2.028	1.788	1.944	1.988	1.956	2.016	2.040	1.772	1.832	2.008	1.944	1.780	1.660	1.892	2.460	2.580	2.140	2.052	2.208	2.360	2.288	1.984	2.032	1.948	1.820	1.644	1.776	1.772	2.288	2.580	2.156	2.332	1.732	1.764	1.860	2.508	2.400	2.192	2.300	2.316	2.108	1.888	1.976	1.940	1.808	2.052	1.756	1.968	2.100	2.120	1.952	2.104	1.968	2.484	2.580	2.828	2.832	2.320	2.264	1.840	1.556	1.856	1.820	2.032	2.084	2.076	1.636	1.768	2.384	1.880	2.120	2.224	2.284	2.456	2.580	
2.864	2.224	2.124	2.196	2.436	2.296	2.064	2.024	2.228	2.248	1.856	1.960	1.996	1.864	2.212	2.108	2.148	2.684	2.568	3.332	2.904	2.304	1.984	2.500	2.184	2.020	1.924	2.212	1.976	2.072	2.068	1.824	1.832	2.020	2.208	2.340	2.476	2.484	2.756	2.992	2.236	2.516	2.080	2.388	2.240	2.180	1.892	2.264	2.252	2.188	2.012	1.856	1.960	1.848	1.816	2.336	2.476	2.336	2.304	2.220	1.972	2.180	2.348	1.868	1.916	2.088	2.344	2.108	1.908	2.408	2.052	2.008	2.192	1.892	2.336	2.168	2.224	2.340	2.308	2.460	2.256	2.068	2.232	2.136	1.972	1.840	1.804	2.180	1.916	2.072	2.220	1.860	2.536	2.280	1.972	1.832	2.108	2.200	2.504	2.476	1.948	2.576	2.264	2.160	1.828	1.884	1.740	2.092	1.904	1.832	2.092	1.948	2.164	2.044	1.876	2.240	2.148	2.268	2.400	2.640	1.944	2.468	2.252	1.856	2.164	1.924	1.496	2.056	1.660	1.576	2.104	2.484	2.048	2.128	1.760	2.172	2.436	2.052	2.244	2.668	
2.868	2.492	2.148	2.100	2.360	1.864	1.928	2.484	2.008	1.932	1.824	1.892	1.764	2.332	1.824	2.036	2.092	2.172	2.316	3.020	2.816	2.336	2.328	2.152	1.832	2.132	2.312	2.076	1.996	1.844	1.964	1.804	2.044	1.784	2.264	2.400	1.924	1.996	2.712	3.184	2.148	2.672	2.280	2.540	2.328	2.296	2.148	2.204	2.088	1.876	2.008	1.788	1.964	1.664	2.104	1.972	2.036	2.104	1.936	2.288	2.400	2.464	2.256	2.332	2.272	2.424	2.212	2.036	1.736	1.808	1.952	2.260	1.880	2.168	1.876	1.852	1.944	1.936	2.156	2.408	2.584	2.512	2.344	2.372	2.380	2.648	2.560	1.900	2.108	1.580	1.960	2.352	2.208	1.708	1.976	1.812	1.768	1.788	1.824	2.156	2.424	2.248	2.400	2.396	2.328	2.212	1.656	1.652	1.876	1.604	2.076	1.848	1.912	2.304	2.212	2.140	1.476	1.796	2.368	3.140	2.004	2.424	2.260	2.528	2.208	2.588	1.768	2.000	1.908	1.776	1.820	1.956	1.876	1.964	2.156	1.924	1.756	1.864	1.880	2.800	
2.640	2.448	1.852	2.124	1.256	1.612	1.740	1.556	1.692	1.908	1.616	1.888	2.456	2.144	2.364	1.884	1.816	2.496	2.504	2.796	2.552	2.720	2.008	1.664	1.468	1.968	2.060	1.488	2.320	1.968	2.092	2.232	2.304	2.456	2.280	2.052	2.348	2.764	2.652	2.568	2.024	2.460	1.572	1.804	1.592	1.712	1.860	1.416	2.220	2.272	2.108	2.420	2.052	2.104	2.260	2.408	2.044	2.716	2.452	2.472	2.020	1.592	1.424	1.796	1.544	1.564	1.772	1.980	1.736	2.100	2.216	1.764	2.104	2.372	2.064	2.208	2.500	2.852	2.612	2.872	2.896	1.768	1.960	1.932	1.612	1.816	1.876	1.712	2.032	1.532	2.200	1.864	2.016	2.080	2.116	2.120	2.372	2.728	2.664	2.568	2.388	2.564	1.952	2.284	1.824	1.564	2.208	2.020	1.860	2.136	2.172	2.368	2.100	2.244	1.988	2.028	2.476	2.500	2.728	2.880	2.280	2.828	2.276	1.736	1.808	1.656	1.988	1.728	2.300	2.336	2.136	2.232	1.908	2.272	2.332	2.224	2.184	2.624	2.576	3.044	
2.520	2.324	1.992	2.080	2.220	1.996	2.256	2.012	2.316	1.820	2.328	2.348	2.376	2.404	2.552	2.500	2.284	2.136	2.124	2.388	2.512	2.656	1.920	1.664	2.336	2.188	2.512	2.340	2.020	1.972	2.164	2.260	2.184	2.212	2.316	2.156	2.340	2.464	2.640	2.792	1.768	2.892	1.756	2.080	2.260	2.292	2.236	2.520	2.368	1.796	2.068	2.056	2.348	2.224	1.992	2.100	2.264	2.712	2.744	2.456	2.212	1.952	2.188	2.076	2.496	2.568	2.376	2.268	2.220	2.232	2.428	2.400	2.292	2.332	2.352	2.356	2.212	2.628	2.380	2.984	2.564	1.940	2.216	2.292	2.048	2.372	2.320	2.256	2.316	2.292	2.092	2.388	2.508	2.288	2.244	1.980	2.276	2.316	2.776	3.184	2.268	2.140	2.160	2.388	2.680	2.208	2.476	2.336	2.460	2.296	2.200	2.328	2.408	2.456	2.236	2.120	2.360	3.012	2.852	3.392	2.224	2.588	2.012	2.152	2.320	2.008	1.788	2.104	2.200	2.736	2.332	2.408	2.420	1.872	2.172	2.244	2.108	2.552	2.632	3.456	
2.924	2.240	2.100	2.520	2.368	2.432	2.760	2.628	2.520	2.248	2.292	2.356	2.424	2.364	2.240	2.460	2.572	2.792	2.812	2.640	2.756	2.440	2.592	2.140	2.148	2.580	2.964	2.428	2.228	2.424	2.264	2.516	2.300	2.292	2.304	2.480	2.508	2.932	2.132	2.736	2.048	3.272	2.268	1.960	2.220	2.352	2.688	2.344	2.176	2.096	2.452	2.300	2.204	2.116	1.944	2.028	2.556	2.560	2.740	2.328	2.852	2.412	2.360	2.508	2.136	2.308	2.400	2.292	2.220	2.204	2.368	2.320	1.924	2.060	2.064	2.364	1.840	2.512	2.232	2.760	2.192	2.352	2.388	2.280	2.616	2.316	2.568	2.396	2.484	2.452	2.504	2.288	2.140	2.056	2.020	2.440	2.324	2.484	2.288	2.348	2.340	2.576	2.364	2.588	2.628	2.180	2.264	2.372	2.780	2.324	2.376	2.180	2.140	2.156	1.968	2.136	1.964	2.476	2.612	2.464	2.560	3.008	2.684	2.452	2.568	2.112	2.292	2.076	2.592	2.524	2.156	2.404	1.860	2.084	2.352	2.196	1.952	2.288	2.436	2.868	
2.572	2.488	2.508	2.084	2.152	1.860	2.092	2.060	2.000	2.144	1.872	1.544	1.656	2.072	2.456	2.220	2.364	2.476	2.428	2.880	2.596	3.024	2.328	2.172	1.764	2.108	2.288	2.304	1.808	2.044	1.996	2.084	2.080	2.612	2.768	2.452	2.552	2.640	2.164	2.984	2.044	2.356	2.220	1.944	2.352	2.348	2.312	2.360	1.916	2.272	2.356	2.320	2.316	2.440	2.756	2.584	2.592	2.712	2.908	2.300	2.564	2.844	2.088	1.976	2.124	2.576	2.600	2.064	2.036	2.256	2.284	2.276	2.288	2.096	2.348	2.300	2.500	2.500	2.248	2.340	2.496	1.948	2.404	2.144	2.004	2.048	2.824	2.436	2.316	2.224	2.404	2.152	2.320	2.624	2.432	2.132	1.996	2.148	2.256	2.236	2.828	1.932	2.268	1.860	1.860	2.216	2.256	2.236	2.268	2.172	2.064	1.956	1.972	2.512	2.400	1.940	2.028	2.608	2.156	2.520	2.276	2.364	2.112	1.792	1.508	1.984	1.704	2.072	2.764	2.324	2.192	1.968	1.960	2.004	2.256	2.176	2.448	2.152	2.748	2.596	
2.996	2.508	2.244	1.644	2.072	2.240	2.004	2.228	2.124	2.072	1.816	1.864	1.952	2.232	2.436	2.232	2.292	2.156	2.352	2.648	2.568	2.464	2.172	1.872	2.000	2.140	2.196	2.160	2.124	2.076	1.952	2.012	2.364	2.448	2.356	2.724	2.456	2.496	2.596	2.716	2.020	2.644	1.848	2.232	1.844	2.148	2.476	2.152	1.992	2.120	1.936	1.900	1.936	2.252	1.796	2.480	2.316	2.440	2.532	2.132	2.664	2.508	2.240	2.408	2.528	2.312	2.316	2.144	2.180	2.156	2.176	1.800	1.880	2.040	2.048	2.332	2.536	2.436	2.200	2.284	2.836	2.400	2.540	2.776	2.532	2.432	2.176	2.264	2.168	2.280	1.644	2.364	1.804	2.288	1.940	2.220	2.312	2.236	2.072	2.628	2.916	2.460	2.484	2.428	2.524	2.400	2.340	1.940	2.216	2.240	2.152	2.044	2.116	2.156	2.340	2.348	2.316	2.272	2.044	2.480	2.884	2.892	2.520	2.524	2.300	2.180	2.568	2.548	1.984	2.288	2.148	1.996	2.020	1.932	2.096	2.140	2.264	2.016	2.060	2.468	
2.844	2.348	2.548	2.300	1.876	1.812	2.208	1.716	1.616	1.848	2.240	2.112	2.188	1.700	1.852	1.800	2.748	2.476	2.648	2.892	2.884	2.996	2.448	2.264	2.032	2.140	2.184	2.164	2.012	1.996	2.164	2.164	2.320	2.528	2.140	2.460	2.564	2.484	2.544	2.684	2.164	2.840	2.272	2.500	1.988	1.868	1.832	1.992	2.152	2.076	2.320	2.184	2.160	2.164	2.412	2.352	2.536	2.704	2.300	1.660	2.380	2.460	2.428	2.380	2.012	2.180	2.100	2.348	2.636	2.552	2.316	2.364	2.288	2.276	2.188	2.304	2.488	2.268	2.480	2.068	2.224	2.612	2.556	2.152	2.128	2.192	2.248	2.280	2.448	2.360	2.452	2.180	2.596	2.076	2.280	2.160	2.732	2.552	2.260	2.592	2.144	2.568	2.116	1.888	1.828	2.096	2.124	2.496	2.532	2.200	2.188	2.216	2.332	1.932	1.844	2.540	2.376	2.248	2.356	2.296	2.660	2.556	2.368	2.228	1.920	2.228	1.988	2.356	2.540	2.364	2.248	2.296	2.280	2.368	2.168	2.644	2.440	2.288	2.116	3.176	
2.684	2.100	1.836	1.972	2.212	2.268	2.360	2.048	2.108	1.956	1.944	1.952	2.184	1.924	2.004	1.808	2.396	2.260	2.124	2.640	2.292	2.384	2.136	2.248	2.348	2.288	2.176	2.512	1.812	2.120	2.316	2.244	2.336	2.052	1.964	1.960	2.220	2.044	2.164	2.596	2.084	2.544	1.672	2.452	2.384	2.512	2.556	2.136	1.908	2.012	1.720	2.052	2.152	2.368	2.192	2.244	2.060	2.152	2.680	1.936	2.204	2.192	2.368	2.640	2.632	2.140	2.420	1.788	1.808	2.240	2.088	2.456	2.044	2.488	2.128	2.296	1.936	2.372	2.236	2.080	2.072	2.356	2.376	2.156	2.212	2.112	2.448	2.200	2.084	1.860	2.108	1.924	2.244	2.488	2.316	2.368	2.196	2.264	2.076	2.784	2.000	2.372	2.392	2.164	2.360	2.148	2.392	2.124	2.180	2.084	2.072	2.044	2.028	2.452	2.440	2.120	2.044	2.412	2.504	2.472	2.180	2.472	2.240	2.320	2.436	2.360	2.340	1.904	1.856	2.232	1.932	2.168	1.984	1.940	2.156	2.124	2.176	2.136	2.268	2.912	
2.940	2.076	2.292	2.420	2.824	2.484	2.072	2.668	1.960	1.908	2.208	1.864	2.128	2.316	1.992	2.208	2.308	2.220	2.496	2.812	2.468	2.696	2.296	2.472	2.516	1.996	2.228	2.388	2.200	2.304	2.196	2.272	1.884	2.188	2.420	2.108	1.892	2.560	2.788	2.948	2.068	2.920	1.796	2.232	2.304	2.336	1.984	2.152	1.984	2.268	2.356	2.308	2.484	1.764	2.324	2.268	2.028	2.476	2.440	1.844	2.544	2.288	2.016	2.456	2.364	2.432	2.212	2.120	2.032	1.944	2.148	1.912	2.096	2.020	2.188	2.668	2.164	2.340	2.652	2.656	2.204	2.420	2.408	2.016	2.440	2.444	2.336	2.076	1.984	2.192	1.840	2.176	1.920	2.116	2.028	2.376	2.560	2.520	2.480	2.756	2.312	2.516	2.128	1.952	2.056	2.240	1.984	2.220	1.996	2.016	2.148	2.036	1.972	1.920	1.784	2.644	2.724	2.460	2.584	2.248	2.388	2.240	2.032	2.196	2.256	2.036	1.856	1.852	1.632	1.660	1.992	2.012	1.788	1.988	2.028	1.864	2.100	2.744	2.548	2.788	
2.536	2.436	2.320	2.100	2.208	1.996	1.540	2.120	2.112	2.676	2.244	2.328	1.916	2.080	2.128	1.864	2.180	2.352	2.344	2.780	2.560	2.660	2.132	2.016	2.128	1.972	1.844	2.188	2.628	2.460	2.168	2.088	2.144	2.064	1.932	2.088	1.824	2.356	2.436	2.628	2.584	2.608	1.864	1.896	2.252	2.280	2.144	1.916	1.984	2.268	2.288	2.132	1.952	2.100	2.020	2.072	2.012	2.132	2.652	1.848	2.732	2.524	2.132	2.204	2.380	2.012	2.192	2.148	2.124	2.292	2.288	1.892	1.636	2.404	2.180	2.440	2.480	2.376	2.336	2.264	2.920	2.776	2.324	2.508	2.312	2.220	1.956	2.140	2.172	2.212	1.800	2.048	2.132	2.040	2.304	2.284	2.176	2.040	2.264	2.252	3.100	2.508	2.128	2.432	2.056	2.712	2.192	1.844	2.312	1.996	2.192	1.648	2.132	2.132	2.352	2.476	1.912	2.256	2.392	2.236	2.812	2.848	2.392	2.280	2.236	2.376	2.496	2.268	1.876	2.116	1.960	2.160	1.980	2.112	2.256	2.336	2.260	2.012	2.172	2.852	
2.960	2.252	2.424	2.384	2.192	2.524	2.536	2.312	2.096	2.248	2.548	2.144	2.228	2.060	2.412	2.196	2.148	1.996	1.856	2.432	2.592	2.448	2.140	2.224	2.208	2.132	1.988	2.280	2.276	2.248	2.708	2.064	2.564	2.396	2.176	1.960	2.332	1.968	1.868	2.316	2.120	2.868	1.984	2.084	2.016	1.968	2.336	2.380	2.232	2.416	2.564	2.296	1.852	2.392	2.540	2.088	2.088	1.964	2.276	1.312	2.284	2.480	2.616	2.228	2.096	1.912	2.268	2.220	2.232	2.212	2.284	2.016	2.416	2.144	2.432	2.256	1.832	2.128	2.016	1.824	2.544	2.172	1.980	1.904	1.940	1.992	2.312	2.524	2.336	2.088	2.060	2.200	2.180	2.064	2.024	2.160	2.304	2.116	1.968	1.992	2.492	2.368	2.024	2.104	2.352	2.640	2.032	2.336	2.196	2.232	1.992	1.880	1.908	1.940	2.008	1.672	1.932	1.912	2.160	1.792	2.184	2.332	1.972	2.104	2.136	2.892	2.212	2.208	1.904	1.608	2.064	2.012	2.052	2.412	2.084	2.004	2.020	1.700	1.956	2.516	
2.968	2.212	1.912	1.740	1.848	2.012	1.852	1.908	1.632	1.760	1.840	2.080	2.084	2.312	2.108	2.252	2.308	2.268	2.636	3.152	2.684	2.244	1.596	1.904	2.104	2.120	1.888	1.632	1.812	2.328	2.012	2.184	2.224	2.112	2.444	1.968	2.368	2.064	2.096	3.016	2.304	2.672	1.872	1.392	1.768	1.936	1.764	1.744	1.984	1.652	2.040	2.208	2.608	2.028	2.416	2.440	2.156	2.460	2.884	2.156	2.664	2.616	2.492	1.972	2.072	2.032	1.820	1.812	1.828	2.160	2.056	2.160	2.180	2.140	2.416	2.640	2.304	2.612	2.496	2.388	2.868	2.616	2.548	2.232	2.164	1.968	1.704	2.152	1.824	1.668	1.824	1.992	2.284	2.220	2.552	2.508	2.188	2.712	2.476	2.396	2.576	2.732	2.484	2.484	2.088	1.976	1.808	1.964	1.504	1.440	1.808	2.092	2.352	2.180	2.436	2.112	2.080	2.316	2.388	2.448	2.452	2.736	2.668	1.968	2.048	2.012	2.308	1.720	1.924	1.752	1.640	2.272	2.208	1.952	2.140	1.964	2.264	2.172	2.424	3.064	
2.908	2.284	2.124	2.216	2.356	2.224	2.288	1.976	1.872	1.968	2.212	2.116	2.112	2.164	2.172	2.312	2.356	2.320	2.532	2.616	2.536	2.640	2.272	2.316	2.148	2.020	2.244	1.884	2.008	1.936	2.472	2.556	2.264	2.424	2.352	2.224	2.132	2.160	2.036	1.908	2.268	3.048	1.736	2.132	2.120	2.040	2.356	1.936	1.848	2.008	1.960	2.228	2.272	2.236	2.360	2.420	2.104	2.528	2.424	2.016	2.652	2.520	2.072	2.312	2.168	1.948	2.268	2.204	2.200	1.896	1.960	2.256	1.872	1.988	2.236	2.304	2.364	2.528	2.128	2.516	2.648	2.592	2.712	1.920	2.088	1.928	2.248	2.408	2.092	2.000	1.912	2.192	2.076	2.288	2.032	1.908	2.324	2.344	2.376	2.284	2.540	2.632	2.392	1.948	2.072	2.280	2.488	2.340	2.064	2.032	2.132	1.984	1.832	1.844	2.216	1.988	2.480	2.256	2.136	2.220	3.056	2.836	2.492	2.740	2.496	2.484	2.440	2.292	1.960	2.252	2.076	2.120	2.084	1.976	2.104	1.788	1.856	1.976	2.020	2.716	
2.884	2.660	2.424	2.420	2.180	2.708	2.240	1.892	2.268	2.512	2.684	2.260	2.596	2.596	2.484	1.976	2.280	2.312	2.244	2.652	2.716	3.032	2.348	2.356	2.544	2.100	2.164	2.408	2.416	2.520	2.404	2.508	2.496	2.580	2.484	2.460	2.496	2.484	2.180	2.300	1.948	3.200	1.916	2.012	2.444	2.600	2.416	2.312	2.384	2.268	2.288	2.400	2.244	2.204	2.580	2.024	2.536	2.196	2.756	1.772	2.796	2.352	2.132	2.476	2.628	2.828	2.464	2.700	2.476	2.220	2.132	2.048	2.460	2.264	2.156	2.492	2.536	2.072	1.820	2.468	2.824	2.672	2.208	2.216	2.500	2.476	3.084	2.904	2.560	2.476	2.264	2.476	2.332	2.216	1.956	2.048	2.216	2.464	2.364	2.236	2.920	2.492	2.404	2.288	2.392	2.628	2.508	2.484	2.100	2.048	1.772	2.156	2.368	2.156	2.224	2.272	2.344	2.364	2.468	2.488	2.872	3.032	2.136	2.240	1.988	2.280	2.412	2.136	2.176	2.072	1.856	2.056	1.664	2.024	2.260	2.292	2.292	2.144	2.356	2.644	
2.344	1.936	2.412	2.396	1.940	2.672	2.120	2.120	2.132	1.712	1.884	1.808	1.448	1.908	1.736	2.048	2.436	2.384	2.484	3.084	2.544	2.664	2.096	2.264	2.340	2.264	1.948	2.112	1.852	1.728	1.524	1.792	1.908	2.112	2.268	2.100	2.168	2.192	2.688	2.708	2.080	2.820	1.764	2.084	1.988	1.800	1.916	2.112	1.860	1.796	1.336	1.860	1.592	1.804	1.900	2.020	2.124	1.992	2.776	2.120	2.720	2.124	2.216	2.272	2.188	2.136	1.804	2.044	1.680	1.632	1.836	1.756	1.720	2.020	1.680	1.740	1.896	2.052	1.812	2.572	2.856	2.212	2.344	2.104	2.220	2.044	2.144	1.988	1.932	1.700	1.552	1.756	1.572	1.736	1.512	1.552	1.624	2.124	2.260	2.340	2.076	2.128	2.244	2.068	2.100	1.932	2.116	1.912	2.028	2.024	1.940	2.056	1.748	1.624	1.672	1.684	2.020	2.184	2.328	2.580	2.316	2.536	2.280	2.168	1.944	2.224	1.712	2.128	1.856	1.920	1.860	2.084	1.816	1.680	2.188	1.864	1.948	1.832	2.108	2.840	
2.764	2.212	1.868	2.164	2.036	2.100	2.136	2.144	2.092	2.052	2.044	2.012	1.960	1.792	2.000	2.356	2.104	2.072	2.172	3.092	2.700	2.680	2.316	2.332	2.468	2.244	1.816	2.172	2.120	2.184	1.740	1.848	2.200	1.764	2.084	2.044	2.084	2.568	2.380	2.240	2.360	2.636	2.040	2.188	2.380	2.124	2.132	2.164	2.116	1.924	1.768	1.888	2.112	2.152	1.968	2.136	2.072	2.252	2.844	2.192	2.560	2.128	2.352	2.160	2.232	2.052	2.100	1.760	2.052	2.080	1.984	1.892	1.908	1.860	1.832	1.920	2.136	2.604	2.224	2.704	2.628	2.092	1.980	1.996	2.092	2.232	2.044	1.816	2.020	2.156	1.916	1.808	2.012	2.204	2.112	2.208	2.240	2.432	2.356	2.172	1.992	2.292	2.160	2.444	2.268	2.164	2.144	1.908	1.732	1.804	2.004	1.828	1.892	2.308	1.980	1.988	2.084	2.012	2.756	2.604	2.292	2.680	2.368	2.328	2.228	2.400	2.140	1.816	1.824	1.744	1.804	1.968	2.100	2.016	2.296	2.068	2.256	2.004	2.244	2.296	
3.228	2.896	2.696	2.336	2.032	2.096	1.732	1.884	2.332	2.020	2.196	2.024	2.304	2.296	2.400	1.952	2.100	2.268	2.480	2.840	2.784	3.028	2.188	2.192	1.924	2.136	1.880	2.168	2.204	1.796	2.000	2.088	2.680	2.568	2.388	2.448	2.344	2.420	2.516	2.036	2.656	2.628	2.464	2.112	2.476	2.196	2.084	2.460	2.232	2.496	2.208	2.152	2.188	2.276	2.596	2.512	2.548	2.588	2.736	2.516	3.140	2.756	2.512	2.476	2.152	2.372	2.212	2.340	2.036	2.544	2.652	2.204	2.588	2.404	2.280	2.664	2.540	2.904	1.996	2.460	2.572	2.656	2.496	2.120	2.104	2.168	2.444	2.376	2.504	2.244	2.460	2.468	2.336	2.624	2.332	2.244	2.096	2.236	2.548	2.712	2.260	2.868	2.672	2.712	2.292	2.484	2.184	2.440	2.096	2.180	2.136	2.192	1.972	1.948	2.060	2.008	2.248	2.020	2.864	2.272	2.692	3.044	2.620	2.476	2.480	2.504	2.384	1.776	1.996	2.372	2.396	2.464	1.936	1.960	2.088	1.832	2.072	2.412	2.644	2.708	
2.716	2.164	2.108	2.324	2.352	2.444	2.448	2.152	1.996	2.216	2.784	2.456	2.588	2.028	1.844	2.220	1.948	2.316	1.948	2.624	2.748	2.728	2.292	2.300	2.680	2.412	2.484	2.292	2.220	2.144	2.272	1.996	2.216	1.840	2.304	2.312	2.500	2.740	2.524	2.316	2.088	2.432	2.092	2.324	2.180	2.220	2.428	2.092	2.356	2.140	2.052	2.260	2.120	2.220	2.076	2.480	2.232	2.608	3.132	2.284	2.816	2.380	1.984	2.384	2.124	2.260	2.228	1.980	2.004	2.148	2.504	2.204	2.396	2.100	2.472	2.348	2.732	2.676	1.980	2.580	2.504	2.512	2.292	2.380	1.680	2.304	1.904	2.384	2.488	1.956	2.100	2.236	2.372	2.512	2.304	2.404	2.480	2.100	2.404	2.612	2.564	2.096	2.280	2.296	2.124	2.128	2.272	2.728	2.472	2.004	2.200	2.356	2.156	2.604	2.468	2.756	2.424	2.100	2.940	2.456	2.060	2.060	2.020	1.980	1.932	2.088	2.204	2.260	2.428	2.572	2.120	2.108	1.984	2.440	2.524	2.396	2.156	2.216	2.876	2.832	
2.556	2.108	2.568	2.204	2.588	2.276	2.388	2.120	1.980	1.960	1.744	2.196	2.200	2.076	2.228	2.260	2.080	2.172	2.424	2.760	2.520	2.824	2.336	2.524	2.420	2.324	1.796	1.916	1.752	2.060	1.992	2.304	2.180	1.996	2.236	2.528	2.396	2.596	2.624	2.312	2.396	2.488	2.044	2.136	2.400	2.712	2.352	1.976	1.812	1.928	2.124	1.824	2.260	2.004	2.248	2.468	2.476	2.420	2.956	2.440	2.832	2.652	2.100	2.208	1.944	2.044	1.928	1.992	2.404	2.180	1.872	2.024	2.200	2.432	2.136	2.544	2.580	2.888	2.304	2.720	2.304	2.736	2.296	2.280	2.284	2.180	1.788	2.448	2.080	2.088	1.972	2.072	2.044	2.348	2.380	2.416	2.752	2.316	3.128	2.464	2.556	2.684	2.312	2.236	2.424	1.652	1.720	2.096	1.968	1.884	2.256	2.200	2.180	2.184	2.372	2.416	2.204	2.460	2.908	2.560	2.688	2.896	2.444	2.052	2.648	1.836	1.700	1.972	2.432	1.944	2.136	2.076	2.452	2.216	2.284	2.172	2.212	2.244	3.236	2.908	
2.428	2.516	2.540	2.236	2.376	2.176	2.088	2.024	2.220	2.156	2.828	2.428	2.164	2.492	2.284	2.012	1.704	2.284	2.376	2.944	2.148	2.988	2.836	2.068	2.080	2.184	1.976	2.096	1.988	2.380	2.292	2.448	2.196	2.320	2.072	2.028	2.180	2.404	2.924	1.968	2.164	2.512	2.284	1.800	2.276	2.072	1.744	1.888	2.088	2.192	2.292	2.324	2.268	2.336	2.184	2.100	2.180	2.228	3.052	2.216	2.580	2.196	2.104	1.832	2.248	2.116	2.200	2.096	2.052	1.860	2.032	2.184	2.052	1.956	1.696	1.996	2.092	2.464	2.620	2.776	2.220	2.416	2.248	2.260	2.100	2.220	2.016	2.036	1.740	1.916	2.168	1.860	1.864	1.944	1.824	2.040	2.020	1.816	2.676	2.212	1.972	2.532	2.304	2.220	2.016	1.860	1.916	1.888	1.808	2.128	1.956	1.904	1.844	1.764	2.240	2.196	2.100	2.392	2.276	1.920	2.572	2.852	2.712	2.232	2.304	2.160	2.068	1.868	1.720	2.116	2.240	1.808	1.756	1.824	2.484	2.100	2.028	2.536	2.540	2.248	
2.856	2.724	2.212	2.048	2.320	2.356	2.208	2.388	2.348	2.108	2.296	1.928	2.092	2.000	2.592	2.416	2.188	1.992	2.112	2.884	2.800	2.592	2.380	2.068	2.436	2.276	2.380	2.584	2.636	2.380	2.064	2.128	1.652	1.940	2.432	2.372	2.636	2.576	2.624	2.352	2.672	2.760	2.404	1.824	1.828	1.964	2.244	2.564	2.120	2.556	2.396	2.180	2.272	1.976	2.152	2.632	2.652	2.560	2.704	2.208	3.236	2.240	2.092	1.812	2.200	1.924	2.108	2.372	2.196	2.176	2.076	2.236	2.228	2.264	2.216	2.456	2.416	2.836	2.444	2.392	2.408	2.404	2.220	1.796	2.120	1.816	2.048	2.104	2.148	2.240	1.992	2.144	1.920	1.716	1.884	1.960	2.004	1.776	2.392	2.324	2.388	2.284	2.104	1.704	1.788	2.024	2.092	2.340	2.460	2.248	2.472	1.888	2.080	1.984	2.040	2.144	2.208	2.324	2.632	2.636	2.604	2.784	1.904	1.948	1.696	1.960	2.120	2.100	2.340	2.468	2.252	2.340	2.428	2.184	1.988	1.920	1.996	2.252	3.192	2.776	
2.688	2.312	2.160	2.080	1.928	2.024	1.436	1.852	2.456	2.464	2.272	2.524	2.660	2.464	2.472	2.300	1.848	2.032	2.084	2.892	2.180	2.268	2.344	2.020	1.708	1.984	1.928	1.952	2.292	2.496	2.492	2.704	2.736	2.512	2.012	2.304	2.184	2.484	2.684	2.052	2.264	2.232	2.076	1.764	2.004	1.800	1.920	2.244	2.144	2.328	2.464	2.892	2.820	2.696	2.508	2.452	2.516	2.840	2.656	2.216	2.892	2.520	2.356	2.220	1.864	2.056	2.152	2.120	2.360	2.404	2.576	2.800	2.580	2.312	2.812	2.900	2.420	2.940	2.348	2.252	2.204	2.604	2.468	2.408	2.168	2.536	2.400	2.460	2.400	2.428	2.248	2.604	2.828	2.604	2.736	2.676	2.360	2.056	2.432	2.612	2.200	2.632	2.420	2.296	2.352	2.624	2.824	2.676	2.188	2.372	2.444	2.456	2.432	2.236	2.668	2.800	2.412	2.704	2.192	2.460	2.952	2.972	2.404	2.328	2.568	2.420	2.580	2.760	2.508	2.352	2.288	2.544	2.048	2.356	2.372	2.604	2.564	2.560	3.024	2.888	
3.312	2.548	2.460	2.524	2.180	1.868	2.016	1.832	1.976	2.048	1.832	2.012	2.108	2.228	2.160	2.232	2.504	2.596	2.612	2.752	2.728	2.556	3.076	2.420	2.360	2.016	1.796	2.156	2.092	2.056	2.036	1.916	2.216	2.420	2.552	2.508	2.496	2.352	2.356	2.316	2.460	2.572	2.368	2.124	2.392	2.084	2.072	2.364	1.988	2.092	1.996	1.720	1.980	2.264	2.368	2.580	2.656	2.544	2.468	2.192	2.660	2.388	2.488	2.272	2.240	1.904	2.056	2.016	1.928	1.828	1.828	2.028	2.016	1.664	2.308	2.348	2.440	2.796	2.084	2.572	2.104	2.668	2.524	2.240	2.104	2.236	2.028	2.020	2.072	2.192	2.332	1.996	1.892	1.996	2.012	2.428	2.396	2.092	2.352	2.512	2.228	2.348	2.144	2.332	2.092	2.220	2.416	2.168	2.292	2.340	2.332	2.136	1.864	2.268	2.268	2.144	2.280	2.156	2.180	2.200	2.204	2.548	2.348	1.900	2.116	2.096	2.252	2.180	2.128	2.180	1.972	2.140	2.312	2.048	2.364	2.380	2.212	2.404	2.460	2.404	
2.864	2.332	2.568	2.320	2.200	2.016	2.196	1.964	1.812	1.828	1.984	2.204	1.928	1.872	2.076	2.224	2.216	2.572	2.428	2.968	2.244	2.316	2.656	2.096	2.092	2.328	2.248	1.744	1.504	2.092	1.772	1.764	2.132	2.024	1.900	1.784	2.132	2.856	2.784	2.480	2.636	2.264	2.152	1.812	2.200	2.348	2.556	2.196	1.980	2.212	1.844	1.912	1.600	1.836	1.884	1.928	1.924	2.324	2.536	2.464	2.488	2.380	2.156	2.264	2.336	2.116	2.216	2.008	2.136	1.856	2.216	2.076	1.848	1.792	1.764	2.200	2.648	2.896	2.456	2.592	2.244	2.628	2.516	2.420	2.360	2.228	2.632	1.784	2.080	1.896	2.356	2.088	1.764	1.996	2.540	2.112	2.436	2.156	2.744	2.892	2.764	2.388	2.208	2.440	2.156	2.192	2.008	1.800	1.844	2.584	2.064	2.040	2.064	2.180	2.204	2.460	2.264	2.288	2.500	2.496	2.324	2.684	2.468	2.476	2.164	1.980	2.276	2.152	1.924	2.132	2.620	2.248	2.196	2.268	1.956	2.336	2.512	2.124	2.672	2.616	
2.796	2.472	2.624	2.184	1.820	2.056	1.972	2.088	1.580	2.216	2.204	2.008	2.196	2.392	2.304	2.008	2.072	1.904	2.420	2.904	2.136	2.260	2.752	2.308	2.020	1.944	1.712	1.648	1.992	1.916	2.196	2.268	2.004	2.116	1.904	1.972	2.268	2.192	2.584	2.692	2.176	2.040	2.320	2.224	2.260	2.224	2.292	1.660	2.020	1.904	2.040	2.372	2.248	1.976	2.288	2.116	2.540	2.648	2.540	2.748	2.276	2.036	2.004	2.268	2.200	2.352	2.472	2.124	1.832	1.912	2.148	2.248	2.328	2.264	2.168	2.360	2.136	2.580	2.192	2.916	1.992	2.228	2.384	2.180	2.300	2.312	2.316	2.352	2.052	1.968	2.344	2.380	1.988	2.424	2.352	2.840	2.044	2.092	2.524	2.540	1.992	2.088	2.136	2.424	2.304	2.452	2.324	2.108	2.056	2.244	2.192	2.204	2.268	2.456	2.668	2.364	2.136	2.296	2.516	2.544	2.220	2.400	2.116	2.372	2.500	2.392	2.112	2.184	2.220	1.916	2.332	2.296	2.224	2.120	2.004	2.060	2.488	2.516	2.388	2.396	
2.480	2.252	2.324	1.988	2.040	1.792	2.412	2.324	1.936	1.936	2.320	2.216	2.164	2.172	1.788	1.452	1.728	1.908	2.504	3.052	2.432	2.176	2.384	1.996	1.868	1.848	2.432	2.200	2.320	2.292	2.204	2.144	1.912	1.968	2.048	1.732	1.920	2.664	2.476	2.728	2.064	2.296	2.176	1.688	1.588	1.388	2.284	2.364	1.936	1.988	1.832	2.036	2.068	2.200	2.200	2.044	1.988	2.672	2.444	2.464	2.724	1.988	2.084	1.772	2.044	2.164	1.976	1.980	1.980	1.956	2.076	1.672	2.188	2.240	2.348	2.204	2.380	2.928	2.788	2.800	2.324	2.476	2.208	2.248	2.152	1.856	2.416	2.084	2.404	2.212	1.804	2.304	2.000	2.216	2.620	1.996	2.168	1.916	2.652	2.704	2.440	1.988	2.552	2.136	2.340	2.420	2.128	2.128	2.040	2.008	2.088	2.028	2.364	2.056	2.196	1.892	2.316	2.180	2.584	2.756	2.132	2.352	1.836	2.176	2.048	1.884	1.976	2.016	1.960	2.236	2.076	2.520	2.260	2.408	1.916	2.092	2.148	2.200	2.936	2.460	
2.864	2.544	2.104	1.804	1.684	2.008	2.208	2.356	2.248	2.336	2.284	1.768	2.144	2.312	1.604	1.800	1.600	1.912	2.068	2.552	2.664	2.560	2.148	1.896	2.020	1.932	2.000	2.216	1.972	2.180	2.412	2.032	2.384	2.356	2.160	2.144	2.432	2.328	2.632	2.100	2.696	2.660	2.536	1.776	2.012	2.136	2.020	2.140	1.900	2.072	2.356	2.196	2.204	2.320	2.340	2.196	2.100	2.244	2.440	2.448	3.040	2.440	2.024	1.816	1.888	1.916	1.780	2.220	1.824	2.260	2.184	2.452	2.448	2.292	2.164	2.084	2.212	2.804	2.332	2.436	2.184	2.232	1.936	2.072	1.996	1.900	1.852	1.992	2.120	2.416	2.240	2.296	2.544	1.836	2.108	1.952	2.064	2.200	2.332	2.392	1.944	2.352	2.584	2.180	2.160	2.344	1.996	2.076	2.220	2.680	2.108	2.364	2.536	2.224	1.820	1.924	2.272	2.320	2.524	2.356	2.192	2.716	2.400	2.300	2.008	2.380	2.424	1.988	2.228	2.244	2.308	2.560	2.236	2.348	2.164	1.964	2.136	2.236	2.844	2.420	
2.972	2.464	2.672	2.176	2.116	1.976	1.868	1.964	2.044	2.100	2.284	2.772	2.256	1.972	2.276	2.040	2.464	2.308	2.080	2.760	2.656	3.136	2.636	2.200	1.988	2.072	1.868	2.056	2.128	2.308	2.360	2.272	2.448	2.640	2.388	2.056	2.316	2.372	2.524	2.432	2.484	2.792	2.436	2.392	2.108	1.780	2.452	2.496	2.108	2.300	2.064	2.016	2.320	2.532	2.492	2.720	2.208	2.580	2.508	2.164	3.116	2.532	2.396	2.084	1.940	2.224	2.356	2.480	2.480	2.244	2.344	2.400	2.188	2.640	2.504	2.192	2.456	2.936	2.316	2.432	2.628	2.296	2.412	1.976	2.012	2.248	2.336	2.876	2.676	2.748	2.248	1.972	1.924	2.092	2.672	1.948	2.256	1.840	2.424	2.172	2.044	2.300	2.068	2.208	2.384	2.264	2.748	2.668	2.312	2.752	2.176	2.168	2.084	1.748	2.048	2.140	2.392	2.176	2.160	2.156	2.248	2.620	2.368	2.096	1.928	2.224	2.396	2.280	2.536	2.552	2.316	1.996	1.896	1.632	1.704	1.840	2.264	2.492	2.780	2.628	
2.548	1.800	2.628	2.700	2.256	2.056	1.896	1.828	1.672	2.168	2.068	2.072	2.352	2.232	1.860	2.200	2.084	2.144	2.520	2.788	2.460	2.396	2.324	2.120	1.968	1.912	1.756	2.116	1.996	2.224	2.068	1.604	2.172	2.080	2.416	2.292	2.268	1.972	2.812	2.760	2.652	2.412	2.320	1.712	2.060	1.736	1.928	1.920	1.908	2.204	2.344	1.744	2.200	2.116	2.192	2.032	2.344	2.764	2.600	2.512	2.604	2.580	2.400	2.440	2.224	2.032	2.168	2.036	2.264	2.588	2.000	2.028	1.848	2.748	2.376	2.144	2.456	2.868	2.800	2.580	2.296	2.696	2.464	2.456	2.376	2.336	2.556	2.116	2.324	2.208	2.124	2.008	2.012	2.088	2.336	1.960	2.444	2.052	2.416	2.532	2.236	2.364	2.404	2.528	2.432	2.400	2.252	2.264	2.376	2.320	1.932	1.668	1.988	1.684	2.600	2.244	2.392	2.680	2.336	2.432	2.744	2.320	2.764	2.084	2.560	2.300	2.568	2.172	1.940	2.092	2.128	1.460	2.004	1.832	2.268	2.132	2.272	2.652	2.948	2.708	
2.408	2.180	2.172	1.544	2.140	1.868	1.764	1.936	1.904	2.324	1.972	2.464	2.384	1.988	1.704	1.884	2.260	2.232	2.840	2.684	2.420	2.392	2.012	1.804	2.016	1.832	2.136	1.988	1.992	2.156	2.344	2.388	2.480	2.368	2.344	2.072	2.508	2.136	3.056	2.644	2.280	2.556	2.224	1.324	1.936	2.048	2.072	2.196	2.104	2.056	2.264	2.288	1.880	2.308	2.436	2.372	2.296	2.792	2.596	2.424	2.824	2.388	2.060	2.252	1.988	1.972	2.292	2.144	2.100	2.208	2.252	2.000	2.252	2.180	2.484	2.068	1.916	2.676	2.680	3.008	2.392	2.648	2.520	2.144	2.140	2.276	2.460	2.052	2.144	2.288	2.052	2.116	2.128	2.072	2.344	1.856	1.996	2.060	2.504	2.564	2.136	2.544	2.068	2.148	2.104	2.308	2.252	2.380	2.260	2.124	2.196	2.036	2.156	1.800	2.640	2.064	2.032	2.160	2.604	2.832	2.320	2.552	2.196	2.308	2.260	2.248	2.336	2.196	2.172	1.696	2.192	2.184	2.096	2.232	2.296	2.332	2.604	2.460	2.948	2.708	
2.708	2.116	2.364	2.224	2.252	1.852	1.872	2.164	2.296	2.424	2.116	2.092	2.608	2.572	2.340	1.984	2.124	2.256	2.440	2.528	2.384	2.452	2.064	1.964	1.928	1.720	1.980	2.020	2.240	1.916	2.064	2.208	2.532	2.396	2.100	2.036	2.288	1.856	2.824	2.296	2.344	2.416	2.148	1.320	1.932	2.116	1.692	2.072	1.968	1.908	1.748	2.292	2.260	2.560	2.400	2.060	2.036	2.352	2.540	2.536	2.488	2.420	1.960	2.184	2.080	1.856	1.956	2.016	1.860	1.988	2.216	2.216	2.476	2.608	2.180	1.948	2.104	2.836	2.904	2.532	2.280	2.672	2.120	2.072	2.164	2.104	1.588	2.068	1.908	1.844	2.480	2.436	2.236	2.396	2.912	1.972	1.924	1.788	2.476	2.624	2.904	2.664	2.324	2.168	2.316	1.856	2.072	2.372	2.252	2.396	2.160	2.088	2.004	1.996	2.544	2.036	2.332	2.448	2.488	2.268	2.344	2.452	2.564	2.224	2.332	2.048	1.696	2.084	2.056	2.484	2.144	2.340	2.212	2.056	1.704	2.240	2.264	2.432	2.864	2.756	
2.772	2.348	2.612	2.304	1.952	1.812	1.768	1.820	2.432	2.224	2.124	2.208	2.280	2.220	2.472	1.868	2.200	2.136	3.040	2.504	2.136	2.404	2.688	2.104	2.164	1.740	1.728	2.140	2.520	2.220	2.184	1.868	2.152	2.360	2.056	2.456	2.360	2.100	3.132	2.800	2.004	2.264	2.280	1.960	2.224	2.440	2.220	2.084	2.308	2.268	2.440	2.088	2.268	2.520	2.188	2.340	2.688	2.792	2.848	2.720	2.044	2.076	2.056	1.860	2.120	2.420	2.364	2.120	2.304	2.176	2.520	2.204	2.420	2.340	2.388	1.868	2.132	3.080	2.872	2.584	2.080	2.424	2.300	2.312	2.532	2.532	2.036	2.200	1.912	1.920	2.100	2.248	2.296	1.932	1.740	2.028	2.264	2.236	2.588	2.868	2.564	2.260	2.352	2.400	2.248	2.164	1.984	1.676	1.680	1.848	2.040	2.032	1.896	1.708	2.172	2.268	2.352	2.944	2.736	2.712	1.928	2.316	2.264	2.184	2.260	2.200	2.140	2.000	1.856	1.732	1.776	1.932	1.672	1.448	2.472	2.616	2.548	2.572	2.876	2.684	
2.660	2.000	2.444	1.908	1.812	1.672	2.120	2.172	2.104	2.372	2.380	2.332	2.372	2.136	2.192	2.376	2.236	2.160	2.736	2.404	2.504	2.568	2.320	1.892	1.896	1.688	2.136	2.128	2.544	2.476	2.188	2.304	2.552	2.624	2.388	2.392	2.264	2.044	2.504	2.380	2.524	2.472	2.248	1.640	2.100	2.264	2.356	2.752	2.320	2.412	2.328	2.248	2.304	2.392	2.360	2.648	1.820	2.492	2.836	2.432	2.448	2.352	2.232	2.008	2.276	2.420	2.348	2.500	2.468	2.336	2.104	1.984	2.224	2.100	2.384	2.184	2.276	2.828	2.828	2.136	2.340	2.856	2.116	2.124	2.136	2.036	2.160	2.296	2.232	2.340	2.028	1.892	1.776	1.892	1.824	2.020	2.504	1.672	2.632	2.312	2.444	2.564	1.764	1.964	2.004	2.144	1.848	1.808	2.004	2.188	2.080	1.848	1.940	1.856	2.020	2.444	2.252	2.584	2.576	2.684	1.932	2.596	2.016	2.012	1.948	1.952	1.700	1.572	1.724	1.680	2.076	1.984	1.916	1.568	2.288	2.056	2.288	2.372	2.816	2.704	
2.728	2.412	2.916	2.336	2.212	2.136	1.908	1.896	2.136	2.296	2.324	2.168	2.396	2.028	2.476	2.524	2.480	2.516	2.696	2.616	2.796	2.604	2.792	2.028	2.696	2.372	1.964	2.208	1.884	1.900	2.100	2.272	2.040	2.616	2.788	2.860	2.220	1.940	2.984	2.404	2.436	2.752	2.684	2.036	2.520	2.492	2.096	2.200	2.040	1.860	2.120	1.948	2.648	2.464	2.716	2.692	2.084	2.644	2.672	2.756	2.696	2.436	2.292	2.472	2.528	2.720	2.256	1.956	2.016	1.960	2.112	2.132	2.476	2.224	2.528	2.244	2.372	2.888	2.600	3.132	2.708	2.532	2.456	2.504	2.608	2.576	2.484	2.028	1.988	2.228	2.084	2.324	2.532	2.056	2.364	2.376	2.284	1.984	2.656	2.768	2.832	2.664	2.668	2.772	2.600	2.564	2.428	2.144	2.256	2.108	2.288	2.236	2.480	2.028	2.192	2.176	2.444	2.712	2.452	2.732	2.148	2.404	1.820	2.472	2.580	2.652	2.900	2.416	2.040	1.924	1.840	1.972	2.184	2.344	2.164	2.016	1.972	2.304	2.844	2.608	
2.852	2.104	2.612	2.136	2.380	2.608	2.460	2.260	2.368	2.152	2.076	1.952	2.404	2.720	2.452	2.272	2.356	2.412	2.124	2.008	2.612	2.040	2.564	1.724	1.992	2.432	2.268	2.452	2.164	1.916	1.804	1.940	2.340	2.600	2.320	2.948	2.088	1.748	2.492	2.188	2.264	2.576	2.248	1.832	1.952	2.112	2.244	2.356	2.104	1.928	1.880	1.908	2.384	2.332	2.328	2.452	2.228	2.180	2.492	1.972	2.476	2.324	2.208	1.836	2.280	2.236	1.852	2.212	2.024	1.864	2.180	2.264	2.012	2.288	2.360	2.144	1.852	2.452	2.200	2.272	2.732	2.084	2.600	2.632	2.264	2.368	2.264	2.216	1.924	1.652	2.016	1.948	2.140	2.028	2.448	1.964	2.048	1.692	1.952	2.268	3.064	2.828	2.680	2.288	2.224	2.300	2.144	1.728	1.940	1.836	2.100	1.844	1.844	1.948	1.828	1.796	2.104	2.052	2.172	1.948	2.908	2.520	1.844	1.868	1.976	1.544	2.168	1.940	1.896	2.100	2.012	1.812	2.096	1.704	2.560	2.032	2.264	2.144	2.504	2.272	
2.264	1.976	2.200	2.092	1.736	1.940	2.472	2.316	2.448	2.312	2.704	1.924	1.924	2.212	1.824	2.172	2.040	2.212	2.184	2.468	1.808	1.860	1.976	1.580	2.132	2.440	2.212	2.152	2.116	1.880	2.144	2.120	1.996	2.124	2.036	2.496	1.600	1.840	3.388	2.364	2.032	2.060	2.100	1.876	2.080	2.160	2.184	2.100	2.152	1.772	1.844	1.972	1.900	1.988	1.952	2.028	1.712	1.976	2.432	2.176	2.800	1.860	2.460	2.080	1.944	2.152	2.560	2.464	1.920	1.580	2.020	2.156	2.024	1.780	1.972	1.888	1.984	2.208	2.540	2.620	2.392	2.428	2.540	2.192	2.448	2.208	2.132	2.332	2.100	1.932	1.860	2.360	1.792	2.096	2.220	2.072	1.676	1.792	2.704	2.308	2.988	2.808	2.292	2.140	2.392	2.404	2.380	2.448	2.328	2.056	1.748	2.428	2.108	2.008	1.956	1.532	1.936	2.016	1.816	2.232	2.704	2.136	2.296	2.412	2.444	2.204	2.148	2.200	2.820	2.380	1.996	2.288	2.072	1.664	2.484	2.304	1.960	1.916	2.532	2.308	
2.700	2.176	2.276	2.448	2.108	2.432	2.100	2.268	2.120	2.024	2.008	1.852	1.904	2.032	1.732	2.496	2.276	2.080	2.284	2.656	2.836	2.536	2.172	1.720	2.048	1.928	1.824	2.116	2.056	2.060	1.908	1.940	2.196	2.248	2.292	2.596	1.752	2.036	2.636	2.448	2.312	2.924	2.320	1.716	1.824	2.124	1.968	2.084	1.760	1.836	1.932	2.120	2.160	2.396	2.480	2.068	1.708	1.840	2.496	2.600	2.608	2.276	2.040	2.052	2.236	2.520	2.224	2.008	2.004	2.224	2.104	2.520	2.144	2.760	2.252	2.088	2.216	2.020	2.536	2.708	2.544	2.216	2.368	2.316	2.336	2.412	2.728	2.268	2.184	2.280	1.852	2.180	2.520	2.544	2.232	1.912	2.000	1.988	2.880	2.424	2.732	2.644	2.356	2.360	2.060	2.132	2.420	2.204	1.800	2.196	2.380	2.364	2.044	2.364	2.400	2.428	2.060	2.392	2.128	2.544	2.524	2.288	2.128	2.484	2.468	2.508	2.704	2.424	2.464	2.416	2.672	2.108	1.864	1.908	2.344	2.372	2.300	2.004	2.724	2.580	
2.684	1.960	2.640	2.304	2.300	1.860	1.640	2.052	2.024	1.964	2.164	2.332	1.960	2.012	2.456	2.304	2.472	2.644	2.684	3.276	2.344	2.428	2.156	2.052	1.712	1.632	1.940	2.220	2.040	2.160	2.472	2.140	2.012	2.380	2.624	3.020	2.488	2.552	3.384	2.872	1.888	1.968	1.896	1.524	1.676	2.084	1.984	2.388	2.268	2.288	2.500	2.332	2.168	2.064	2.240	2.396	2.376	2.024	3.016	2.752	1.936	2.056	2.116	1.884	1.968	1.928	2.284	2.212	2.436	2.228	2.132	2.452	2.260	2.044	2.264	2.028	2.328	2.492	3.116	2.524	1.724	2.220	2.236	2.096	2.036	1.868	2.080	2.300	2.120	2.152	2.108	2.216	2.068	1.996	2.236	2.364	2.120	2.120	2.652	2.472	2.340	2.292	2.260	2.176	2.104	2.484	2.400	2.428	2.180	2.036	2.172	1.968	1.960	2.380	2.212	2.272	2.176	2.220	2.012	2.240	2.056	1.784	1.952	2.064	2.016	2.140	2.288	2.180	1.856	1.992	2.092	2.240	1.900	1.436	2.244	2.044	1.928	2.224	2.376	2.036	
3.100	2.584	2.756	2.068	2.112	1.964	1.716	2.144	2.236	2.468	2.584	2.480	2.244	2.344	2.072	2.172	2.512	2.292	2.892	2.776	2.960	2.440	2.080	2.060	1.956	2.144	1.948	2.124	2.016	2.188	2.452	2.220	2.084	2.308	2.420	2.780	1.824	1.756	3.120	2.148	2.468	2.412	2.236	1.616	2.016	2.072	2.220	2.108	2.284	2.012	2.164	2.288	2.288	2.300	2.380	2.372	2.336	2.100	2.384	1.976	2.704	2.400	2.368	2.152	2.224	2.072	2.468	2.480	2.256	2.252	2.080	2.500	2.580	2.408	2.240	2.172	2.244	2.032	2.556	2.276	2.368	2.544	2.288	2.472	2.476	2.188	2.352	1.924	2.072	2.440	2.256	2.128	2.488	2.204	1.936	1.904	2.136	2.208	2.628	1.900	2.660	2.928	2.360	2.192	2.196	2.228	2.392	2.228	2.224	2.380	2.196	1.924	2.116	2.148	2.184	2.068	2.176	2.064	1.988	2.132	2.652	2.248	2.168	2.272	2.420	2.208	2.404	2.116	2.176	1.960	1.936	2.004	1.980	1.532	2.480	2.096	1.952	2.468	2.756	2.456	
2.188	2.092	2.288	2.256	2.388	2.296	1.904	2.336	1.992	2.108	1.720	2.068	2.356	2.380	1.956	2.128	2.124	2.312	2.076	2.732	3.024	2.512	2.272	1.952	2.008	2.036	2.160	2.104	1.596	1.936	2.264	2.324	2.108	2.176	2.328	2.424	1.776	2.448	2.352	1.892	2.196	2.424	2.456	1.828	2.208	1.920	1.972	1.968	1.876	1.720	2.360	2.000	2.276	2.092	2.336	2.068	1.832	1.960	2.548	2.580	2.240	2.552	2.320	2.168	2.164	2.232	2.204	1.988	2.132	2.156	2.000	2.416	2.328	2.412	2.288	2.184	2.476	1.872	2.616	2.768	2.232	2.192	2.056	1.904	2.124	2.292	2.104	2.460	2.244	2.008	1.940	1.984	2.144	2.392	2.496	2.200	2.140	2.100	3.060	2.416	2.652	2.652	2.192	2.376	2.296	2.272	2.044	1.880	2.284	1.968	1.904	2.028	2.164	2.160	2.288	2.120	2.008	2.284	2.120	2.180	2.392	1.960	1.800	2.460	2.460	2.172	2.292	2.216	2.240	2.148	1.840	2.024	1.996	2.372	2.672	2.460	2.396	2.324	3.176	2.376	
2.556	2.196	2.196	2.268	1.996	1.784	2.368	2.232	2.096	2.088	2.192	2.488	2.296	2.400	2.088	2.200	2.292	2.196	2.152	2.544	2.960	2.172	1.692	1.800	1.860	2.236	2.764	2.264	2.192	2.216	2.224	2.492	1.984	2.524	1.920	2.016	2.144	2.056	2.512	2.524	2.404	2.620	2.092	1.560	2.128	2.376	2.580	2.180	2.220	1.992	1.860	1.828	2.180	2.304	1.908	2.112	2.464	2.096	2.772	2.568	2.552	2.732	2.428	2.264	2.344	2.692	2.420	2.080	1.952	2.076	1.836	2.112	2.028	2.124	2.252	2.288	2.516	2.668	2.964	2.744	2.288	2.308	2.256	2.484	2.464	2.540	2.548	2.268	2.276	2.116	1.928	2.132	2.060	2.264	2.440	2.352	2.720	3.036	3.084	2.664	2.712	2.620	2.148	2.180	2.508	2.460	2.340	2.300	2.288	2.196	2.016	1.972	2.044	2.392	2.436	2.712	2.480	2.560	2.492	2.240	2.212	2.272	2.032	2.308	2.300	2.196	2.432	2.272	2.300	2.472	1.584	2.252	1.912	1.672	2.356	2.324	2.616	2.252	2.660	2.428	
2.464	2.668	2.676	2.032	1.740	1.732	2.228	2.176	2.260	2.444	2.296	2.580	1.848	2.452	2.272	2.676	3.216	2.644	2.848	3.304	2.416	2.152	2.208	1.688	1.688	2.028	2.372	2.048	2.144	2.120	2.236	2.664	2.200	2.728	2.656	2.644	2.520	2.764	2.960	2.804	2.164	2.120	2.016	1.708	1.264	1.792	2.008	2.028	1.852	2.400	2.424	2.196	2.548	2.388	2.440	2.516	2.088	2.636	2.692	2.580	2.008	2.168	2.128	2.028	1.796	1.844	2.124	1.920	1.808	2.324	2.256	2.388	2.400	2.488	2.384	1.800	2.372	2.608	2.480	2.832	1.784	2.232	2.244	2.404	1.912	2.044	2.028	2.044	2.152	2.104	2.136	2.144	2.408	2.392	2.184	2.000	2.024	2.260	3.060	2.612	2.324	2.324	2.116	1.864	1.712	1.740	1.796	2.060	2.360	1.980	2.140	2.008	2.216	2.080	2.348	2.148	2.276	2.308	2.276	2.620	2.188	1.780	2.136	1.572	2.136	2.136	2.228	1.900	2.468	2.008	1.784	2.076	2.052	1.904	2.496	1.844	1.672	1.824	2.724	2.588	
2.188	2.388	2.576	2.344	2.376	2.420	2.380	2.236	1.936	2.300	2.552	2.456	2.592	2.256	1.964	2.080	2.360	1.912	2.680	3.276	3.156	2.528	2.308	2.216	2.352	2.388	2.456	2.280	2.152	2.172	2.368	2.408	2.368	1.940	2.024	2.068	2.168	2.308	2.904	2.840	2.428	2.744	2.868	2.104	2.268	2.540	2.144	2.032	2.148	2.252	2.240	2.624	2.300	2.236	2.120	1.796	1.916	2.252	2.708	2.496	2.780	3.236	2.344	2.352	2.468	2.376	2.124	1.892	2.060	1.960	2.528	2.212	2.172	2.104	2.160	2.220	2.120	2.568	2.536	2.408	2.436	3.164	2.916	2.568	2.396	2.552	2.544	2.012	1.872	1.984	2.220	2.132	2.288	1.912	2.136	2.164	2.136	2.488	2.824	2.316	3.188	3.328	2.820	2.612	2.472	2.476	2.108	1.852	2.032	2.156	2.472	1.988	1.740	2.004	1.844	1.928	2.448	2.356	2.096	2.260	2.412	2.332	2.524	2.480	2.604	2.568	2.168	2.104	2.076	2.200	2.272	1.896	2.020	1.808	2.456	2.264	2.396	2.396	2.272	2.284	
2.484	2.516	2.968	2.780	3.028	2.420	2.284	2.196	2.324	2.712	2.456	2.428	2.912	2.076	2.008	2.352	2.264	1.828	2.612	3.128	2.864	2.576	2.384	2.508	2.532	2.208	2.616	2.224	2.176	2.216	2.304	2.380	2.212	2.312	2.072	2.276	1.976	2.424	2.400	2.980	1.996	2.472	2.468	1.996	2.396	2.672	2.776	2.660	2.032	2.108	2.040	2.096	2.200	1.988	2.412	2.640	2.112	2.220	2.636	3.004	2.624	2.744	2.232	2.220	2.440	2.796	2.012	2.188	2.008	1.492	2.904	1.920	2.164	2.332	2.376	2.184	2.060	2.704	2.996	3.152	2.068	2.696	2.548	2.664	2.424	2.160	2.724	2.404	1.952	1.808	2.176	2.140	2.080	1.884	2.108	1.960	2.220	2.608	3.248	3.312	3.028	3.332	2.584	2.604	2.608	2.536	2.356	2.128	2.148	2.236	2.212	2.016	2.148	1.748	1.996	2.328	2.344	2.444	2.276	2.892	2.916	2.188	2.224	2.712	2.568	2.636	2.336	2.244	2.532	2.532	2.140	1.704	2.136	1.932	2.560	2.412	2.308	2.424	2.636	2.600	
2.360	2.064	2.556	1.856	2.436	2.464	2.128	1.980	2.656	2.432	2.304	2.120	2.384	1.380	1.936	1.960	1.968	1.408	2.248	2.780	2.732	2.204	2.084	2.100	1.916	2.456	2.492	2.336	2.248	2.416	2.408	2.344	1.884	2.180	2.216	1.812	2.056	2.040	2.648	2.380	2.324	2.092	2.336	1.664	2.056	2.192	2.564	2.352	2.484	2.552	2.392	2.516	2.148	2.368	2.364	2.316	2.096	2.396	2.288	2.276	2.352	1.920	2.156	2.148	2.120	2.656	2.096	2.192	2.712	1.764	2.892	2.604	2.460	2.104	2.232	2.412	2.564	2.476	2.432	2.820	2.436	2.412	2.416	2.184	1.952	1.984	2.804	2.280	2.424	2.536	2.604	2.428	2.504	2.476	2.436	2.452	2.344	2.380	3.184	2.528	2.536	2.688	2.256	2.368	2.388	2.540	2.004	2.396	2.492	2.472	2.464	2.204	2.412	2.536	2.152	2.184	2.620	2.400	2.388	2.680	2.440	2.064	1.812	2.144	2.248	2.392	2.024	2.356	2.568	2.468	2.376	2.452	2.008	2.308	2.492	2.060	1.876	2.268	2.932	2.864	
2.276	2.272	2.680	2.156	2.024	2.256	2.480	2.444	2.236	2.492	2.300	2.552	3.016	2.432	2.592	2.484	2.884	1.908	2.412	2.836	2.808	2.456	2.232	2.104	2.004	2.460	2.228	2.248	2.548	2.516	2.428	2.600	2.568	2.204	2.336	2.084	2.220	2.120	2.516	2.516	2.224	2.420	2.292	1.924	2.288	2.212	2.456	2.208	2.548	2.200	2.660	2.080	2.312	2.096	2.276	2.200	2.160	2.184	2.644	2.684	2.516	2.588	2.440	2.144	2.328	2.728	1.420	2.264	2.380	1.972	2.424	2.116	2.000	2.084	2.172	2.428	2.260	2.468	2.908	2.496	2.596	2.588	2.024	2.204	2.392	2.036	2.348	2.432	2.052	2.192	2.080	1.808	2.272	2.312	2.344	2.360	2.552	2.336	3.112	2.544	2.540	2.580	2.076	2.316	2.272	2.216	2.172	1.908	2.388	1.972	2.200	1.704	2.604	2.292	2.344	2.412	2.308	2.476	1.776	2.524	2.576	2.628	1.964	2.160	2.300	2.576	2.068	1.992	2.112	2.304	2.052	1.792	1.896	2.892	2.400	2.172	1.892	2.308	2.920	2.556	
2.208	2.096	2.244	1.980	2.016	1.752	1.900	2.144	2.468	2.448	1.904	1.664	2.088	2.312	2.244	2.148	2.636	1.760	2.292	2.540	2.644	2.176	2.260	2.000	2.072	2.204	2.240	2.284	2.024	1.892	1.896	2.264	2.460	2.332	2.304	1.928	2.244	2.196	2.432	2.108	2.248	2.464	2.284	1.832	2.284	2.212	2.932	1.480	1.896	1.892	2.264	2.224	2.388	2.600	2.208	2.232	2.164	2.360	2.332	2.336	2.208	2.424	2.200	1.896	1.708	1.896	1.892	1.572	1.700	1.896	2.912	2.216	2.412	2.284	2.268	2.516	1.936	2.416	2.508	2.420	2.092	2.332	1.964	1.912	1.680	1.480	2.612	2.272	1.876	2.120	2.508	2.396	2.136	2.288	2.420	2.036	1.752	2.104	2.436	2.124	2.456	2.496	1.772	1.884	1.848	2.096	2.044	1.824	1.860	2.112	2.500	2.224	1.764	1.852	1.928	2.052	2.084	2.240	1.776	2.152	2.300	2.168	1.768	1.296	1.804	2.040	2.088	2.200	2.144	1.868	2.396	2.228	1.392	2.312	1.948	1.968	2.028	2.008	2.596	2.496	
2.184	2.288	2.852	2.320	2.092	2.328	2.308	1.952	1.792	1.972	1.780	1.892	2.164	2.152	2.556	2.056	2.688	1.924	2.236	2.552	2.908	2.364	2.248	2.104	2.184	2.524	2.312	2.292	2.328	1.872	1.892	2.464	2.584	1.788	2.104	2.144	2.196	2.492	2.160	2.200	1.976	2.444	2.436	1.732	1.900	2.324	2.600	1.768	2.440	2.516	2.384	2.416	2.600	2.940	1.852	2.212	2.364	2.160	2.152	2.328	2.620	2.504	2.232	2.268	1.812	2.288	2.096	2.132	1.824	2.252	2.440	2.408	2.600	2.456	2.388	2.368	2.248	2.396	2.228	2.260	2.044	2.616	2.524	2.412	1.916	1.624	2.736	2.160	2.576	2.280	2.636	2.476	2.612	2.432	2.236	2.480	2.532	2.644	2.728	2.180	2.436	3.068	2.368	2.104	2.184	2.308	2.372	2.008	2.216	2.660	2.224	2.624	2.572	2.600	2.540	2.136	2.532	2.172	1.720	1.868	2.432	2.324	2.440	2.244	2.040	2.164	2.220	1.700	2.248	2.504	2.432	2.300	2.148	3.128	2.456	2.164	2.872	2.592	2.236	1.916	
2.408	2.716	2.356	2.484	2.764	2.588	2.480	2.248	2.384	2.624	2.536	2.420	2.612	2.680	2.392	2.428	2.368	2.164	2.340	2.380	3.180	2.332	2.388	2.548	2.372	2.468	2.456	2.660	2.652	2.376	2.228	2.444	2.608	2.472	2.328	2.104	2.192	2.508	2.048	2.236	2.036	2.808	2.672	2.076	2.064	2.144	2.612	1.804	1.988	2.328	2.288	2.252	2.456	2.792	2.068	2.184	2.388	2.028	2.060	2.504	2.548	2.592	2.208	2.192	2.180	1.856	2.040	1.700	2.160	2.092	2.236	2.128	2.860	2.552	2.220	2.208	2.396	2.604	2.612	2.716	2.488	2.316	2.536	2.596	2.188	1.556	2.340	1.968	1.940	1.952	2.236	2.024	2.204	2.324	2.216	2.516	2.312	2.376	2.952	2.244	2.804	3.032	2.672	2.584	2.148	1.976	2.372	2.324	1.612	2.600	2.084	1.992	2.400	2.296	2.144	1.992	2.116	2.344	1.996	2.436	2.380	2.352	2.436	2.328	2.264	2.088	2.140	2.096	2.048	2.356	2.380	1.872	1.868	2.440	1.988	1.744	1.964	2.304	2.760	2.300	
2.456	2.676	2.744	2.680	2.720	2.296	2.252	2.788	2.288	2.324	1.960	2.304	2.216	2.028	2.088	1.964	2.136	1.560	2.224	3.088	2.820	2.568	2.696	2.648	2.524	2.632	2.696	2.376	2.376	2.112	1.920	2.176	2.424	2.180	2.080	1.816	2.016	2.048	2.552	2.780	2.328	2.668	2.108	1.740	2.228	2.532	2.608	2.004	2.376	2.244	2.668	2.664	2.408	2.556	2.100	2.272	2.376	2.136	2.424	2.104	2.684	2.292	2.216	2.084	2.392	2.248	2.596	2.460	2.164	2.244	2.608	2.592	2.488	2.732	1.932	2.212	2.440	2.684	2.476	2.604	2.468	2.800	2.604	2.416	2.164	1.856	2.936	2.344	2.104	2.232	2.244	2.316	2.468	2.588	2.436	2.596	2.292	2.740	3.032	2.648	3.036	3.176	2.532	2.488	2.216	2.464	2.276	2.112	1.940	2.864	2.512	2.116	2.556	2.600	2.796	2.696	2.788	2.736	2.136	2.476	2.628	2.520	2.300	2.600	2.224	2.228	2.204	2.584	2.600	2.292	2.232	1.928	2.116	2.832	2.108	2.296	2.400	2.768	3.568	3.176	
2.100	2.520	2.888	3.152	2.716	2.520	2.048	2.308	2.232	2.248	2.172	2.448	2.212	2.440	1.888	2.664	2.640	2.348	2.240	2.416	3.080	2.400	2.512	2.400	2.312	2.580	2.512	2.088	2.116	2.464	2.396	2.180	2.068	2.456	2.164	2.180	2.516	2.584	2.504	2.176	2.196	2.636	2.660	1.860	2.088	2.136	2.388	1.816	2.236	2.380	2.148	2.200	2.040	2.252	2.276	2.180	2.448	2.428	2.860	2.368	2.564	2.544	2.752	2.228	2.092	1.560	2.100	2.176	2.188	2.268	2.528	2.472	2.544	2.648	1.800	2.188	2.440	2.628	2.640	2.748	2.064	2.544	2.472	2.516	2.024	1.776	2.440	2.532	2.176	2.196	2.148	2.260	2.284	2.676	2.516	2.768	2.376	2.712	3.148	2.652	2.444	2.960	2.292	2.320	2.200	2.028	2.248	1.612	1.780	2.356	2.280	1.944	2.700	2.848	2.560	2.432	2.684	2.560	1.876	2.280	2.268	2.444	2.368	2.360	2.096	2.056	2.016	2.188	2.020	2.508	2.356	2.076	2.232	3.032	2.188	2.264	2.360	2.560	3.036	2.476	
2.188	2.348	2.896	2.300	2.584	2.440	2.468	2.456	1.968	2.340	2.340	1.880	2.568	2.256	1.936	2.236	2.496	1.968	1.780	2.544	2.800	2.536	2.464	2.308	2.508	2.468	2.220	2.088	2.204	2.104	2.112	2.484	2.548	2.024	2.240	2.152	1.660	1.916	2.048	1.936	2.544	2.352	2.432	2.052	2.348	2.580	2.364	2.180	2.196	1.972	1.892	2.048	2.280	2.440	1.896	1.648	1.604	1.876	2.132	2.212	2.664	2.672	2.392	2.324	2.380	2.320	2.288	2.284	2.376	1.944	1.944	2.288	2.048	2.968	2.028	1.972	1.688	1.940	2.012	2.552	2.592	2.512	2.648	2.700	2.684	2.376	2.668	2.272	2.068	1.888	1.820	1.592	2.088	2.276	2.380	2.240	1.768	2.020	2.412	2.236	2.660	2.756	2.416	2.344	1.944	2.792	2.384	2.212	1.700	1.896	1.676	2.080	2.124	2.032	1.600	2.132	1.944	2.292	1.552	2.228	2.148	2.260	1.940	2.200	2.052	2.624	2.548	2.664	1.772	2.428	1.920	1.764	1.584	2.340	2.132	2.232	1.980	2.320	2.908	2.132	
2.348	2.484	2.572	2.132	2.108	2.392	2.076	2.732	2.072	1.960	1.944	2.168	1.984	2.300	2.104	2.500	2.500	1.928	2.252	2.864	2.756	2.408	2.344	1.952	2.140	2.456	1.980	1.888	2.208	2.076	2.240	2.324	2.424	2.360	2.484	2.376	2.412	2.420	2.696	2.416	2.392	2.492	2.380	1.748	2.088	2.364	2.092	2.072	1.952	2.136	2.252	2.200	2.144	2.012	2.196	2.092	2.076	2.616	2.400	2.292	2.768	2.508	2.368	2.192	1.976	2.076	2.032	2.224	2.128	2.316	1.944	2.092	1.820	2.300	1.900	1.876	2.188	2.412	2.600	2.328	2.032	2.764	2.748	2.108	2.124	1.860	1.928	1.948	1.852	2.032	2.040	2.048	2.056	2.096	2.664	2.176	2.192	2.092	2.796	2.508	2.652	2.484	2.148	2.540	2.052	2.636	1.800	2.264	2.016	1.864	2.004	2.040	2.188	2.256	2.084	2.024	2.468	2.296	1.628	2.472	2.328	2.620	1.856	2.440	2.080	2.256	2.356	2.284	1.824	2.328	1.932	2.076	1.608	2.408	1.736	2.008	2.168	1.876	2.424	2.104	
2.316	2.132	3.212	2.196	2.380	2.520	2.144	2.088	1.876	2.096	1.844	1.776	1.972	2.348	2.352	2.560	2.852	1.748	2.304	2.576	2.636	2.388	2.828	1.844	2.260	2.488	2.008	2.096	1.924	1.916	1.988	1.884	2.232	2.208	2.540	2.044	2.228	2.524	3.044	2.940	2.236	2.808	2.672	2.148	2.212	2.388	2.176	2.396	2.332	1.768	1.696	1.872	1.752	2.244	2.020	2.428	2.304	2.536	2.996	2.472	2.300	1.956	2.392	2.292	2.536	2.584	1.980	2.412	2.496	1.844	2.192	1.872	2.092	2.304	2.252	2.468	2.468	2.620	2.512	2.516	2.244	2.132	2.248	2.368	1.936	2.348	2.408	2.452	2.372	2.168	2.036	2.224	2.116	2.448	2.520	2.596	2.240	2.480	2.844	2.752	2.408	2.972	2.392	2.552	1.812	2.740	2.044	2.160	2.024	1.992	2.096	1.928	2.128	2.212	2.268	2.088	2.636	2.832	2.408	2.780	2.264	2.044	1.936	2.532	2.096	2.464	2.168	1.912	1.984	2.608	2.372	2.160	1.712	2.548	1.896	1.704	2.500	2.884	3.180	3.076	
2.200	2.168	2.552	2.408	2.196	2.176	2.760	2.540	2.040	2.004	1.956	2.080	1.716	2.156	1.712	2.136	2.424	2.012	2.072	2.088	2.512	1.872	2.100	2.116	2.060	2.752	2.356	2.228	1.904	2.076	2.308	2.192	2.288	2.396	1.984	2.236	2.068	2.084	2.400	2.260	2.424	2.768	2.532	1.972	2.164	2.552	2.436	2.212	2.180	2.116	1.984	2.288	2.008	2.280	2.488	2.420	2.216	1.980	2.300	2.032	2.084	1.956	2.032	1.880	2.264	2.636	2.012	2.460	2.000	1.980	1.996	2.096	2.312	2.436	2.400	2.460	2.156	2.352	1.880	2.536	2.164	2.224	2.244	1.972	1.972	2.368	2.240	1.968	2.264	2.180	1.928	2.264	2.372	2.212	2.484	2.544	2.564	2.120	2.464	2.024	2.676	2.876	2.084	1.984	1.884	2.860	2.276	1.832	1.952	2.304	1.936	1.828	2.700	2.524	2.700	2.580	2.244	2.060	1.704	2.264	2.112	2.220	2.352	2.016	2.216	2.276	2.036	2.276	1.756	2.336	2.152	2.320	1.972	2.504	2.384	2.356	2.372	2.268	2.648	2.112	
2.616	2.480	3.240	2.920	2.536	1.944	2.096	2.004	1.616	1.628	1.756	2.248	2.032	1.892	1.816	2.092	2.440	2.128	2.380	2.620	2.236	1.956	2.564	2.424	2.196	1.928	1.808	2.260	1.764	2.120	2.260	2.248	2.148	2.072	1.996	2.492	2.328	2.528	2.800	2.872	2.384	2.628	2.352	1.996	2.384	1.996	2.032	2.212	2.344	2.256	2.480	2.436	2.156	2.268	2.504	2.560	2.028	2.272	2.440	2.552	2.628	1.904	1.796	2.556	2.220	2.128	2.092	2.396	2.588	2.404	2.252	2.152	2.332	2.292	2.264	2.336	2.136	2.636	2.360	2.712	2.472	2.516	2.152	2.520	2.284	2.044	2.316	2.416	2.460	1.904	2.104	2.028	2.256	2.280	2.116	2.252	2.184	2.108	3.288	2.792	2.752	3.100	2.512	2.256	1.944	2.876	2.636	2.220	1.880	2.024	2.120	1.996	2.908	2.504	2.076	2.252	2.224	2.268	2.016	2.532	2.532	2.728	1.972	2.620	2.448	2.432	2.704	2.208	1.784	2.100	1.936	2.240	2.284	2.492	1.948	2.004	2.516	1.936	2.640	2.264	
1.960	2.276	2.852	2.540	2.912	1.952	2.100	2.560	1.992	1.820	2.076	2.288	2.016	2.140	2.456	2.048	2.308	1.720	1.828	2.440	2.404	2.200	2.584	2.360	2.524	2.248	2.172	2.048	1.972	2.076	2.152	1.952	2.104	2.160	2.072	2.092	2.096	1.924	2.104	2.316	2.700	2.508	2.964	2.192	2.560	2.428	2.456	2.092	2.012	2.192	2.132	2.284	1.800	2.132	2.204	1.768	2.084	2.284	2.720	2.316	2.660	2.280	2.476	2.520	2.484	2.320	2.408	2.384	2.432	2.404	2.248	2.112	2.148	2.220	2.268	2.428	2.500	2.596	2.220	2.464	2.696	2.644	2.520	2.388	2.392	2.224	2.324	2.224	2.360	2.228	2.432	2.220	2.212	1.952	2.124	2.236	2.400	2.472	3.096	2.436	2.320	3.008	2.632	2.196	2.056	2.780	2.100	2.212	1.992	2.444	2.384	1.840	2.440	2.320	2.380	2.412	1.960	2.212	2.096	2.056	2.636	2.896	2.228	2.324	2.516	2.588	2.520	2.224	1.912	2.580	2.612	2.200	1.836	1.900	2.504	2.096	2.416	2.284	2.784	2.464	
2.128	2.076	2.320	2.136	2.688	1.560	2.232	2.372	1.680	1.668	1.716	1.640	1.816	1.672	1.904	2.116	2.512	2.228	2.624	2.684	2.664	1.884	2.196	1.672	1.972	1.616	1.768	1.668	1.500	1.656	2.052	1.812	2.008	2.084	1.992	2.288	2.224	2.260	2.592	2.316	2.128	2.168	2.016	1.668	1.888	2.216	1.760	1.872	1.728	1.876	1.796	2.104	2.156	1.984	2.244	2.212	2.244	2.472	2.688	1.968	2.260	2.264	2.252	1.864	1.852	2.180	2.036	1.804	1.484	1.636	1.648	2.336	2.352	2.112	2.216	2.452	2.416	2.828	2.580	2.844	2.156	2.172	2.656	2.504	2.296	2.492	2.408	1.964	1.708	1.432	1.680	2.064	2.376	2.428	2.788	2.628	2.452	2.576	3.076	2.736	2.364	2.804	2.172	1.912	1.984	2.592	2.564	2.484	1.896	2.108	1.848	1.700	2.708	2.052	2.348	2.532	2.292	2.872	2.160	2.432	2.316	2.352	2.316	1.996	2.076	2.416	2.640	2.140	2.136	2.212	2.004	1.464	1.632	2.004	2.060	1.824	2.464	2.616	3.240	2.608	
2.300	2.284	2.208	1.788	2.660	1.864	2.120	2.360	1.868	2.020	1.868	2.136	2.128	2.164	1.896	2.264	2.548	1.900	2.224	2.928	2.932	2.132	2.256	2.412	2.256	1.976	2.160	1.840	1.924	2.192	2.004	2.208	2.572	1.840	2.292	2.272	1.976	1.920	2.532	2.660	2.304	2.300	2.476	2.444	2.592	2.168	2.360	2.004	2.208	2.092	2.272	2.096	2.308	1.948	2.044	2.128	2.208	2.112	2.420	3.224	2.548	2.272	2.164	2.232	2.140	1.924	2.108	1.928	1.840	1.732	1.656	2.040	2.592	2.132	1.936	2.092	1.984	2.180	2.552	2.840	2.200	2.184	2.340	2.052	2.028	1.960	2.008	2.204	2.212	1.732	1.612	1.476	2.204	2.408	2.036	2.316	1.788	2.204	2.764	2.392	3.132	2.684	2.168	1.940	1.724	2.628	2.108	1.984	1.572	2.088	2.048	2.164	2.248	2.204	2.244	2.488	1.996	2.516	2.068	2.460	2.472	1.568	2.268	2.484	1.916	2.028	2.152	1.748	1.936	2.572	1.780	1.652	1.856	2.200	2.028	2.296	2.596	2.180	3.104	2.596	
2.072	2.316	2.636	2.384	2.512	1.848	1.848	2.432	1.352	1.636	1.884	2.036	1.912	1.760	2.428	2.188	2.472	2.036	2.180	2.620	2.364	1.588	2.200	2.368	2.192	2.020	2.236	1.900	1.748	2.056	1.948	1.964	1.828	2.088	2.336	2.216	2.444	2.368	2.160	2.436	1.880	1.948	2.440	2.004	2.320	2.164	2.096	1.832	2.020	1.684	1.808	2.184	1.992	2.084	2.252	2.192	1.860	2.028	2.424	1.996	2.412	2.232	2.072	2.316	2.160	2.004	2.084	1.808	1.856	2.020	2.212	2.640	2.128	1.784	1.716	2.080	2.016	2.432	2.036	2.400	1.856	2.564	2.208	2.216	1.940	1.876	2.040	1.928	2.064	2.012	2.360	1.820	2.512	2.260	2.012	2.392	1.800	1.932	2.404	2.120	2.488	2.988	2.284	2.192	2.136	2.044	2.136	1.832	1.668	2.208	2.052	2.104	2.188	2.132	2.428	2.300	1.892	2.288	2.004	2.160	2.304	2.208	2.396	2.340	2.068	2.380	2.280	2.116	1.520	2.416	2.340	2.152	1.992	2.044	2.264	2.176	2.200	2.148	2.600	2.080	
2.320	2.708	3.036	2.172	2.888	1.976	1.780	2.392	2.076	2.616	2.236	2.408	1.988	1.912	1.908	2.344	2.696	2.212	2.412	3.012	2.844	1.900	2.552	2.404	2.480	2.028	2.256	2.168	2.144	2.640	1.696	1.776	2.224	1.860	2.452	2.504	2.424	2.444	2.536	2.484	2.292	2.112	2.676	2.404	2.512	2.072	2.236	2.704	2.396	2.264	1.672	2.308	2.072	1.968	1.844	2.332	2.052	2.612	2.936	2.252	2.400	2.144	2.392	2.632	2.104	2.184	2.396	2.424	1.820	1.948	2.396	2.896	2.308	2.580	2.072	2.136	2.236	2.496	2.596	2.572	2.012	2.220	2.576	2.484	2.712	2.284	2.236	2.396	1.952	2.128	2.120	2.224	2.432	2.348	2.484	2.428	2.228	2.052	3.076	2.656	2.408	2.892	2.328	2.636	2.588	2.156	2.312	2.332	2.292	2.040	2.116	2.300	2.060	2.560	2.260	2.304	2.028	2.088	1.760	2.104	2.028	2.252	2.328	2.232	1.964	2.476	2.088	2.036	1.680	2.356	1.980	2.240	2.436	2.128	2.140	2.212	2.400	2.424	2.636	2.584	
2.048	2.220	2.524	2.164	2.708	1.952	1.892	1.880	2.392	1.796	1.780	1.644	1.840	1.768	1.812	2.188	2.332	1.628	2.040	2.804	2.464	1.656	2.092	2.208	2.324	1.624	1.628	1.844	2.088	1.856	2.076	2.532	2.216	1.992	1.820	2.192	1.996	2.364	2.400	2.348	2.096	2.180	2.124	1.996	2.080	2.304	1.832	2.160	2.420	2.476	2.140	2.236	2.404	2.360	1.968	1.892	1.720	2.360	2.428	2.056	2.072	2.276	2.048	2.024	2.336	2.132	2.412	1.832	1.540	1.684	1.664	2.572	1.924	1.984	2.136	1.812	2.268	2.272	2.460	2.580	1.716	2.256	2.212	2.308	2.392	1.944	2.116	1.744	1.416	1.904	2.016	1.888	2.364	2.020	1.992	2.080	2.048	1.980	2.836	2.436	2.092	2.964	2.192	2.368	2.088	2.160	2.256	1.668	1.876	1.640	2.036	1.892	2.068	2.132	2.196	2.132	1.712	2.004	1.496	1.860	2.096	2.316	2.096	2.076	2.120	2.484	2.236	1.952	2.116	2.620	1.744	2.208	1.972	2.044	2.388	2.324	2.236	1.540	2.044	1.932	
2.436	2.284	2.256	1.992	2.344	1.428	2.008	2.276	2.680	1.772	2.088	1.864	2.112	1.732	1.676	2.112	2.656	1.712	2.140	2.608	3.012	1.896	2.304	1.920	2.292	1.692	2.252	2.340	2.020	1.780	2.044	2.140	1.900	2.004	2.008	1.944	1.868	1.968	2.216	2.300	2.272	2.280	2.376	2.152	2.100	2.284	1.908	2.260	1.992	1.812	1.896	2.076	2.364	2.132	1.940	2.092	2.296	2.188	2.144	2.196	2.552	2.272	1.896	1.864	1.812	2.040	1.964	2.368	1.676	1.824	1.664	2.656	1.912	2.192	2.124	2.296	2.000	2.384	2.244	2.696	2.224	2.172	2.120	2.020	2.088	1.872	1.844	2.440	2.176	1.672	1.876	1.680	1.888	1.988	2.060	2.360	2.316	2.088	2.836	2.164	2.568	2.440	2.012	1.696	2.176	2.148	2.300	2.372	1.772	2.176	2.024	2.060	1.800	2.128	2.392	2.368	2.292	2.024	1.848	1.976	1.692	2.048	1.760	1.952	1.800	2.844	2.552	2.372	1.760	2.060	1.884	2.292	2.024	1.972	1.988	2.040	2.104	1.988	2.044	1.868	
2.916	2.040	2.264	2.112	2.252	1.520	1.820	1.996	2.288	1.756	1.524	2.324	1.964	2.348	1.984	1.920	2.240	2.004	2.056	2.460	2.628	2.200	2.204	2.284	2.164	1.820	1.884	2.200	2.648	1.784	2.060	2.152	2.168	2.128	2.004	2.044	1.788	2.288	2.564	2.320	2.204	2.476	2.672	1.996	2.400	2.192	2.244	2.112	2.196	1.976	1.800	2.212	2.140	2.384	2.500	2.320	2.204	2.348	2.400	2.328	2.764	2.464	2.240	2.156	2.240	1.596	2.096	2.336	2.468	1.996	1.844	2.740	2.392	2.464	2.232	1.920	2.064	2.740	2.140	2.680	2.220	2.412	2.040	2.136	2.040	2.016	1.780	2.172	2.040	2.132	2.076	2.208	2.372	2.292	2.244	2.332	2.340	1.832	2.320	2.116	2.416	2.704	2.144	2.140	1.976	1.972	1.956	2.316	1.936	1.924	2.240	2.052	2.260	1.980	2.300	2.416	2.500	2.176	1.928	2.264	2.248	1.644	2.192	2.300	1.736	2.052	1.816	2.016	1.744	2.496	2.056	2.352	2.240	2.220	1.972	2.168	2.636	2.220	2.700	2.096	
2.652	2.012	2.516	2.480	2.244	1.760	1.860	2.392	2.772	2.320	2.396	2.380	2.240	2.416	2.292	1.984	2.800	1.820	2.404	3.000	2.440	2.248	2.380	2.340	2.788	1.948	2.460	2.440	3.064	2.448	2.568	2.360	2.236	2.484	2.052	2.220	2.108	2.008	2.624	2.432	2.488	2.240	2.364	2.388	2.356	2.428	2.556	2.472	2.608	2.640	2.484	2.444	2.340	2.108	2.348	2.332	2.276	2.560	2.576	2.296	2.344	2.708	2.588	2.488	2.228	2.332	2.420	2.312	2.616	2.400	2.200	2.712	2.220	2.472	2.520	2.304	2.400	2.992	2.284	2.700	2.204	2.372	2.568	2.284	2.368	2.152	2.092	2.392	2.596	2.552	2.548	2.384	2.400	2.676	2.288	2.664	2.580	2.020	2.416	2.432	2.332	2.348	1.944	1.792	1.904	1.940	2.048	2.476	2.692	2.188	2.508	2.504	2.708	2.576	2.704	2.572	2.484	2.360	2.436	2.384	2.176	2.192	2.220	1.944	2.092	2.588	2.156	2.080	2.400	2.928	2.744	2.580	2.320	2.284	2.044	2.384	2.984	2.264	2.744	2.532	
2.760	2.200	2.776	2.296	2.348	2.192	1.908	1.924	2.716	1.900	2.072	1.928	1.916	2.180	2.248	2.100	2.356	1.900	1.992	2.824	2.340	2.204	2.456	2.636	2.420	1.936	1.848	2.088	2.272	2.492	2.376	2.312	1.660	2.000	2.280	2.172	2.220	2.108	2.556	2.068	2.560	2.364	2.640	2.724	2.784	3.020	1.892	2.136	2.204	2.352	2.104	2.156	2.328	2.044	2.172	2.092	2.224	2.316	2.228	2.124	2.456	2.532	2.888	2.600	2.664	2.332	2.128	2.204	2.464	2.140	1.692	2.632	2.548	2.024	2.148	2.112	2.040	2.940	2.112	2.672	2.684	2.164	2.524	2.264	2.368	2.668	2.384	2.152	1.852	1.872	1.840	1.856	2.172	2.128	1.924	2.124	2.132	1.988	2.328	2.440	2.472	2.604	1.844	2.308	2.428	2.484	2.248	2.236	2.120	2.036	1.992	1.580	1.880	1.884	1.748	1.932	2.220	2.072	2.352	2.556	2.188	2.452	1.792	2.048	1.996	2.552	2.348	2.244	1.572	2.260	1.772	1.640	1.988	1.884	1.952	2.004	2.568	2.280	2.488	2.612	
2.968	2.440	2.828	2.412	2.248	1.924	2.084	2.400	2.492	2.060	2.420	2.136	2.052	2.168	2.252	2.296	2.372	1.820	2.152	2.660	2.500	2.732	2.660	2.516	2.472	2.140	2.492	2.408	2.228	2.248	2.440	2.036	2.496	2.028	2.384	2.076	1.924	1.856	2.404	2.240	2.524	2.352	2.668	2.644	2.312	2.216	2.432	1.952	2.228	2.332	2.420	2.428	2.452	2.260	2.268	2.304	2.100	1.892	2.464	2.356	2.848	2.476	2.744	2.360	2.328	2.824	2.068	1.940	2.084	2.264	2.140	2.404	2.444	2.492	2.264	2.176	2.328	2.296	2.232	3.016	2.520	2.496	2.324	2.376	2.404	2.088	2.412	2.280	2.176	2.432	2.096	2.520	2.396	2.048	2.196	1.968	2.208	1.852	2.064	2.456	2.948	2.672	2.232	2.256	2.084	2.420	2.492	2.348	2.208	2.264	2.080	1.844	1.924	1.980	1.976	1.756	1.940	1.544	2.084	2.344	2.704	2.176	2.372	2.072	1.980	2.696	2.432	2.096	1.936	2.484	2.364	1.824	1.628	2.208	1.884	1.668	1.812	2.180	1.944	2.568	
2.312	1.472	2.468	1.884	1.716	1.988	1.388	1.704	1.988	1.796	1.820	1.432	1.572	1.904	1.892	2.220	2.484	1.848	2.128	2.316	1.964	2.024	2.172	1.984	1.884	1.784	1.920	1.888	1.832	1.728	1.288	1.164	1.576	1.852	2.188	2.204	2.196	2.424	2.376	1.896	2.300	1.972	2.256	2.080	2.376	2.244	1.812	1.540	1.504	1.640	1.428	1.276	1.540	1.560	1.916	2.320	2.036	2.276	2.612	2.252	2.404	2.088	1.900	1.768	2.280	2.364	2.032	1.616	1.600	1.604	1.856	1.688	1.724	1.784	1.528	2.004	1.896	2.384	2.352	2.688	2.280	1.848	2.176	1.828	1.988	2.048	1.992	1.708	1.676	1.804	1.652	2.136	1.740	1.540	1.700	1.736	1.504	1.568	2.232	2.692	2.700	2.580	1.864	1.816	2.092	1.992	1.736	1.972	1.716	1.580	1.876	2.136	2.120	1.672	1.744	2.084	2.020	2.296	2.224	2.236	2.152	2.044	1.888	1.636	1.660	2.484	1.992	2.220	1.632	2.524	2.084	2.172	2.148	1.872	2.100	2.440	2.048	2.480	1.940	2.324	
2.412	1.580	1.952	1.732	1.768	1.716	1.428	1.776	1.980	2.032	2.148	2.476	2.268	2.128	2.212	1.692	2.468	2.080	2.196	2.992	2.036	2.176	2.040	2.140	1.880	1.824	1.500	1.628	1.836	1.820	1.920	1.920	1.924	2.196	2.048	2.244	2.012	2.360	2.756	2.220	2.340	2.228	2.152	2.076	1.952	1.892	1.876	1.364	1.676	2.200	1.908	2.212	2.196	1.880	2.068	2.060	2.328	2.544	2.596	2.260	2.080	2.424	2.344	2.156	2.128	2.116	1.692	1.892	2.008	2.060	1.824	2.128	2.292	1.752	1.732	2.236	2.304	2.772	2.396	2.172	2.252	2.204	2.316	2.204	2.224	1.864	2.336	2.012	2.332	2.008	1.852	1.876	1.992	2.020	2.096	2.108	2.096	1.916	2.296	2.444	2.472	2.592	2.360	2.312	2.088	2.108	2.040	1.992	2.072	1.924	2.056	2.080	2.032	2.064	1.956	2.076	2.472	2.048	2.328	2.296	2.020	1.828	1.940	2.116	1.952	2.644	2.444	1.872	1.720	2.344	2.040	2.268	2.184	1.976	1.796	2.072	2.132	2.616	2.188	2.600	
3.240	2.076	2.216	1.824	2.148	2.424	2.240	1.828	2.032	2.028	2.016	2.108	2.076	1.992	1.908	1.904	2.036	1.636	2.060	2.840	2.428	2.072	2.436	2.224	2.344	1.936	1.948	2.032	2.220	1.964	2.224	2.048	2.336	2.220	2.000	2.320	2.056	2.660	2.436	2.364	2.564	2.308	2.212	1.872	2.300	2.128	1.848	2.068	2.152	1.752	1.988	1.988	1.792	1.928	2.072	2.180	2.424	2.568	2.504	2.180	2.428	2.708	2.444	2.276	2.532	2.824	2.532	1.828	2.088	1.828	2.036	2.296	1.756	2.052	2.136	2.252	2.364	3.016	2.188	2.624	2.548	2.648	2.784	2.288	2.444	2.472	2.752	2.320	2.108	1.960	2.036	2.112	1.868	2.032	2.180	2.220	2.168	2.100	2.492	1.956	2.760	2.712	2.352	2.644	2.360	2.388	2.668	2.452	1.804	1.880	1.924	2.268	2.172	2.276	2.112	2.292	2.024	2.376	1.964	2.284	1.960	2.492	2.224	2.460	2.664	2.680	2.468	2.336	1.896	2.592	2.196	2.308	2.184	1.984	2.136	2.108	2.224	2.868	2.276	2.524	
2.472	1.784	2.732	2.392	2.268	2.168	2.488	2.152	2.164	1.772	1.752	2.280	1.836	2.160	2.176	2.072	2.240	1.588	2.308	2.708	2.288	2.364	2.644	2.676	2.964	2.460	2.172	1.924	1.912	1.860	2.096	2.244	1.692	1.684	1.932	2.064	1.968	1.824	2.364	2.256	2.124	2.440	2.284	2.388	2.544	2.736	2.592	2.352	1.792	2.000	2.128	2.184	2.472	2.616	2.272	1.912	2.024	2.072	2.120	2.144	2.484	2.180	2.336	2.460	2.580	2.512	2.672	1.760	2.360	2.200	1.876	2.048	2.368	2.376	2.268	2.204	2.236	2.704	2.512	2.392	2.260	2.264	2.052	2.488	2.580	2.232	2.276	2.036	1.628	1.888	1.616	1.776	1.688	2.012	2.312	2.324	2.440	1.824	2.452	2.316	2.408	2.432	1.964	2.440	2.272	2.208	1.912	1.656	1.476	1.844	1.812	1.752	1.884	2.032	2.044	2.240	2.252	2.572	2.388	2.236	2.512	2.004	2.016	1.996	2.204	2.492	2.152	1.644	1.580	2.192	2.316	1.868	1.712	1.696	1.904	2.272	2.124	2.560	2.304	2.136	
2.500	2.104	2.612	2.456	2.216	1.832	2.088	2.004	2.112	2.028	2.168	2.280	2.000	2.060	1.940	2.056	2.196	1.712	2.032	3.128	2.228	1.872	1.952	2.132	2.024	2.008	2.172	1.996	1.968	2.008	1.852	2.032	2.112	2.068	2.232	2.168	2.196	1.928	2.372	2.356	2.360	2.140	2.396	2.124	1.900	1.892	2.064	1.812	1.532	1.744	1.944	1.952	2.040	2.564	2.040	2.120	2.412	2.552	2.388	2.036	2.060	2.080	2.048	2.084	2.072	2.132	2.268	1.344	1.680	1.892	1.916	2.076	2.256	2.456	2.484	2.372	2.164	2.896	2.392	2.448	1.856	2.604	2.508	2.540	2.156	2.252	2.176	1.924	1.756	2.156	2.028	1.976	2.028	2.324	2.128	2.308	2.472	1.724	2.376	2.192	2.108	3.160	2.476	2.240	1.808	2.376	2.432	1.960	1.884	1.932	1.968	2.208	1.804	2.144	2.132	2.420	2.308	2.048	2.076	1.960	2.612	2.392	2.428	2.036	1.960	2.344	2.188	1.812	1.904	2.664	2.316	2.132	1.964	2.036	2.048	2.208	1.900	2.548	2.088	1.912	
3.100	2.180	2.100	2.188	2.508	2.084	2.204	2.336	2.268	2.192	2.688	2.172	1.904	1.844	1.740	2.092	2.164	2.076	2.528	2.652	2.700	2.344	2.468	2.596	1.976	2.284	2.492	2.112	2.140	2.508	2.432	2.200	1.976	2.140	1.908	1.860	2.012	2.252	2.464	2.324	2.624	2.544	2.772	2.796	2.304	2.076	2.052	2.112	2.280	2.532	2.484	2.736	2.508	2.280	1.752	1.840	2.036	2.040	2.300	2.552	2.076	2.220	2.636	2.364	2.132	2.000	2.408	1.952	1.976	2.472	2.344	2.752	2.100	1.704	2.088	2.168	2.380	2.372	2.544	2.828	2.516	2.264	2.420	2.340	2.564	2.032	2.104	2.436	2.204	2.260	2.540	2.244	2.320	2.328	2.208	2.208	2.216	2.256	2.224	2.216	2.980	2.760	2.164	2.496	2.092	2.228	2.288	1.812	2.116	2.256	2.240	2.292	2.304	2.424	2.288	2.520	2.508	2.384	2.012	2.084	2.084	2.396	1.968	1.948	1.628	1.904	1.888	1.836	1.880	2.652	2.540	2.268	2.104	2.368	2.240	2.400	2.092	2.644	1.648	2.176	
2.144	1.824	2.624	2.212	2.760	2.528	2.144	1.724	1.720	1.624	1.928	1.764	2.168	2.144	1.656	2.032	2.328	1.888	2.360	2.908	2.352	2.000	2.332	2.180	2.340	2.512	1.956	1.988	1.724	1.856	1.912	2.008	2.136	2.256	1.892	2.048	2.484	2.332	2.564	2.288	2.244	2.068	1.768	1.904	2.228	2.228	2.272	1.900	1.884	2.068	1.516	2.040	1.940	1.976	2.020	1.932	2.404	2.172	2.232	2.116	2.440	2.316	1.940	2.128	1.880	2.240	2.296	1.440	1.920	1.788	2.300	2.044	2.028	2.020	1.980	2.176	2.140	2.668	2.228	2.320	2.100	2.392	2.112	2.152	1.896	2.676	2.308	2.356	2.308	2.080	2.012	2.092	2.072	2.416	2.284	2.308	2.320	1.480	2.036	2.028	2.276	2.952	2.044	1.912	2.068	2.500	2.324	2.556	2.468	2.152	2.292	2.280	2.384	2.472	2.244	2.124	2.380	1.992	1.832	2.192	2.296	2.212	2.068	1.760	2.076	2.404	2.404	2.396	1.920	2.084	2.176	2.140	1.948	2.140	2.284	1.700	2.088	2.300	1.844	2.420	
2.708	1.700	2.516	2.176	2.064	2.200	2.348	1.940	2.196	1.832	1.636	1.756	1.704	1.800	1.812	2.164	2.464	1.604	1.720	2.096	2.312	2.160	2.444	2.108	2.056	1.820	2.048	1.756	2.304	2.112	1.956	2.028	1.788	2.172	2.072	1.868	2.060	1.920	1.820	2.144	2.124	2.312	2.168	2.292	2.432	2.228	1.836	2.280	2.308	2.348	2.140	2.168	2.172	1.756	2.156	2.140	2.116	2.360	2.092	1.828	2.540	2.244	2.060	2.644	2.412	2.416	2.716	1.840	1.976	2.304	2.040	2.252	2.360	2.032	2.340	2.292	2.284	2.548	1.760	2.548	2.172	2.388	2.364	2.552	2.484	2.344	2.516	2.204	2.520	2.276	2.188	2.144	2.220	1.972	2.172	2.344	2.048	1.644	1.792	1.848	2.320	2.824	2.504	2.320	2.572	2.552	2.116	2.124	2.388	2.148	2.292	2.096	2.060	2.352	1.924	2.264	2.112	2.268	2.180	2.584	2.612	2.396	2.568	2.128	2.188	2.756	2.684	2.292	2.124	2.672	2.196	2.012	1.644	1.888	1.808	2.088	2.276	2.760	1.840	2.208	
3.016	1.936	2.532	2.220	1.944	2.228	1.916	2.040	2.068	1.960	1.880	1.616	1.704	1.852	1.680	1.840	2.420	1.580	1.792	2.504	2.168	1.968	2.184	1.636	1.892	1.672	1.968	2.004	2.072	1.972	1.912	2.036	1.948	1.676	1.808	2.252	2.204	1.920	1.824	2.240	2.244	1.924	2.172	2.100	2.104	1.924	1.876	1.812	1.932	1.628	1.660	1.884	2.188	2.308	1.980	2.128	2.048	2.452	2.180	1.996	2.088	2.604	2.188	2.016	1.888	2.412	2.752	1.484	1.744	1.780	2.028	1.824	1.892	2.120	2.080	1.980	2.040	3.028	1.960	1.940	1.932	2.308	2.536	2.304	2.244	2.236	2.144	1.884	1.648	1.704	1.736	1.840	2.012	1.996	1.832	2.208	2.116	1.832	1.888	2.060	2.440	2.472	2.328	2.044	1.920	2.016	1.568	1.472	1.696	1.932	2.084	1.800	1.660	2.204	2.160	2.308	2.456	2.316	1.604	1.780	2.320	2.240	2.120	1.904	1.664	2.460	2.016	2.044	1.764	2.544	2.328	1.920	1.956	2.012	2.056	1.876	2.100	2.132	2.260	1.644	
2.988	2.220	2.184	2.208	2.220	1.896	2.224	2.152	1.956	1.856	1.820	1.808	2.084	2.192	2.276	2.208	2.648	2.012	2.512	2.884	2.776	2.404	2.624	2.404	2.108	1.764	2.008	1.840	1.972	1.836	1.808	2.064	2.600	2.376	2.492	2.624	2.412	2.224	2.768	2.248	2.856	2.764	2.616	2.024	2.148	2.064	1.932	1.864	1.928	2.044	2.028	2.296	2.308	2.468	2.436	2.472	1.884	2.336	2.376	2.256	2.724	2.872	2.516	2.392	2.256	2.036	2.356	1.652	2.108	2.300	2.332	2.464	2.392	2.472	2.112	2.200	1.996	2.944	2.300	2.680	2.492	2.876	2.620	2.524	2.392	2.220	2.228	2.540	2.264	2.316	2.032	2.172	2.504	2.552	2.020	2.404	2.256	1.976	2.712	2.156	2.828	3.280	2.432	2.388	2.308	2.576	2.380	2.100	1.964	2.388	2.244	2.400	2.332	2.192	2.480	2.516	2.696	2.744	2.376	2.104	2.348	2.508	2.472	2.156	2.176	2.704	2.348	2.212	2.052	2.544	2.052	2.060	2.620	2.184	2.220	2.272	2.276	2.596	2.704	2.136	
2.812	1.944	2.756	2.372	1.984	1.928	1.848	2.120	2.032	2.380	2.208	2.440	2.332	2.092	1.952	1.904	2.164	1.632	2.624	2.588	2.640	2.364	2.160	2.244	2.320	1.784	2.200	1.944	2.012	2.544	2.376	2.108	2.144	2.444	2.076	1.948	2.140	2.416	2.548	2.260	2.544	2.748	2.728	2.616	2.336	2.240	2.216	2.140	1.932	2.100	2.144	1.876	2.248	2.304	2.288	2.020	2.448	2.548	2.376	2.348	2.776	2.596	2.772	2.432	2.288	2.464	2.288	2.100	2.228	2.264	2.368	2.068	2.508	2.280	2.456	2.420	2.248	2.864	2.092	2.868	2.428	2.964	2.716	2.664	2.884	2.664	2.428	2.996	2.200	2.176	2.400	2.152	2.104	2.392	2.300	2.588	2.272	1.744	2.580	2.432	3.024	3.148	2.676	2.488	2.540	2.544	2.624	2.604	2.060	2.252	2.212	2.304	2.508	2.460	2.308	2.292	2.304	2.276	2.344	2.784	2.676	2.328	1.820	2.272	2.516	2.568	2.424	2.524	2.104	2.340	2.396	2.364	2.380	2.452	1.996	2.084	1.832	2.408	2.164	2.304	
2.816	1.644	2.064	1.764	2.080	1.820	1.904	1.892	2.208	2.060	2.716	2.212	1.704	2.320	2.176	1.856	2.056	1.864	2.328	3.100	2.168	2.276	2.188	2.228	2.088	1.904	1.824	1.808	1.992	2.480	2.200	2.028	1.896	1.844	2.176	1.920	2.152	2.324	2.720	2.388	2.548	2.308	2.332	2.216	2.208	1.792	2.104	1.932	2.136	2.308	1.832	1.984	1.988	1.640	1.968	1.948	2.012	2.456	2.744	2.404	2.568	2.528	2.448	2.332	2.080	2.392	2.224	1.784	1.992	1.808	2.124	2.212	2.048	1.864	1.924	2.280	2.372	2.712	2.192	2.812	2.404	2.612	2.392	2.516	2.040	2.012	2.272	2.012	2.072	2.124	1.760	1.952	1.896	2.004	2.116	2.168	2.124	1.936	2.792	2.224	2.744	2.824	2.240	2.232	2.144	2.232	2.316	2.332	1.888	1.804	2.136	1.904	1.784	2.108	1.976	2.036	2.524	2.376	2.824	2.428	2.504	2.112	2.224	2.180	1.836	2.720	2.500	2.824	2.600	2.772	2.452	2.368	2.060	2.000	2.136	2.028	2.180	2.968	2.436	2.540	
2.612	1.836	2.568	2.456	2.564	2.212	1.928	2.316	2.196	2.072	2.100	2.236	2.132	2.020	1.972	2.544	2.608	2.156	2.320	2.812	2.432	2.884	2.732	2.592	2.324	2.112	1.744	2.556	2.228	1.956	2.200	2.280	2.316	2.524	2.300	2.500	2.228	2.712	2.344	2.404	2.464	2.360	2.456	2.568	2.392	2.488	2.096	2.244	2.340	2.168	2.064	2.404	2.044	1.888	2.504	2.400	2.588	2.316	3.204	2.508	2.116	2.388	2.684	2.516	2.508	2.612	2.148	2.152	2.484	2.152	2.272	2.320	2.056	2.272	2.208	1.920	2.500	2.820	2.680	2.360	2.212	2.616	2.900	2.476	2.068	2.400	2.384	2.120	1.968	2.156	2.068	2.012	2.032	1.872	1.952	2.168	1.992	2.016	2.144	2.492	2.048	3.064	2.336	2.092	2.264	2.648	2.060	2.112	2.044	1.764	2.020	2.064	1.700	1.924	1.984	1.980	2.040	2.180	2.000	2.256	2.368	2.220	1.740	1.608	2.160	2.384	2.148	2.440	2.484	2.728	2.100	2.164	1.896	2.048	1.884	1.840	1.892	2.424	2.312	2.164	
2.612	2.172	2.428	2.008	1.548	1.880	1.848	2.028	2.224	1.980	2.224	2.148	2.240	2.592	2.360	2.048	2.500	2.316	2.648	2.760	2.176	2.228	2.032	1.996	2.124	1.688	1.952	2.028	2.332	1.888	2.212	2.596	2.248	2.556	2.388	2.360	2.640	2.476	2.392	2.132	2.152	2.228	2.380	2.012	2.188	2.044	2.016	1.924	2.244	2.480	1.924	2.484	2.332	2.608	2.692	2.496	2.664	2.596	2.792	2.172	2.480	2.388	2.124	1.980	2.216	2.396	2.200	2.088	2.200	2.460	2.264	2.148	2.384	2.384	2.692	2.664	2.688	3.436	2.656	2.508	1.892	2.504	2.204	2.524	2.208	2.284	2.196	2.176	2.148	2.288	1.776	2.260	2.340	2.308	2.388	2.244	2.504	2.304	2.580	2.640	2.496	2.584	2.236	2.620	2.728	1.936	2.152	1.512	2.140	1.576	2.168	2.452	2.324	2.440	2.168	2.296	2.388	2.236	2.564	2.424	2.596	2.240	2.268	1.772	2.704	2.080	2.108	1.964	2.452	2.700	2.448	2.144	2.264	2.320	2.328	2.108	2.252	2.900	2.360	1.868	
2.848	2.148	2.668	2.372	2.188	2.300	2.260	2.452	2.508	2.204	2.276	1.872	2.184	2.276	1.764	1.728	2.220	1.460	2.088	2.516	2.500	2.492	2.392	2.596	2.864	2.460	2.500	2.480	2.120	2.316	2.124	2.232	2.284	2.184	2.220	1.960	1.868	1.908	2.592	2.432	2.448	2.692	2.308	2.692	2.556	2.560	2.472	2.496	2.008	2.572	2.328	2.012	2.228	2.192	2.120	2.384	2.260	1.972	2.088	2.404	2.112	2.132	2.848	2.860	2.616	2.744	2.908	2.340	2.052	2.228	2.300	2.096	2.392	2.300	2.032	1.988	2.008	2.308	2.284	2.480	2.524	2.124	2.796	3.008	2.576	2.720	2.944	2.592	2.540	2.536	2.056	2.052	1.824	2.140	1.952	1.648	1.792	1.636	2.228	1.952	2.324	2.668	2.536	2.472	2.580	2.668	2.452	2.348	2.412	1.992	2.120	2.204	2.000	2.184	2.092	2.000	2.084	2.204	2.104	2.368	2.292	2.128	1.904	1.912	2.792	2.532	2.412	2.568	2.648	2.788	2.644	2.480	2.020	2.044	2.040	2.060	2.024	2.668	1.968	2.108	
3.480	2.388	2.628	1.844	2.276	2.172	2.092	1.956	1.716	1.876	2.484	1.972	2.152	1.808	2.020	2.260	2.604	2.356	2.676	2.752	2.744	2.776	2.488	2.544	2.264	2.176	2.060	2.324	2.280	2.256	2.540	2.384	2.204	2.284	2.508	2.424	2.364	2.672	2.680	2.188	2.460	2.492	2.240	2.376	2.424	2.416	2.124	2.276	2.324	2.156	2.144	2.360	1.988	2.184	2.560	2.396	2.584	2.384	2.668	2.168	2.468	2.244	2.280	2.476	2.392	2.248	2.276	2.200	2.324	2.532	2.152	2.284	2.372	2.308	2.012	2.620	2.484	2.856	2.372	2.532	2.376	2.496	2.420	2.368	2.620	2.100	2.256	2.352	2.056	2.176	2.448	2.208	2.256	2.260	2.304	2.404	2.424	2.020	2.680	2.456	2.496	2.376	2.020	2.312	2.556	2.428	2.164	1.848	2.032	1.572	2.240	2.340	2.464	2.448	2.084	2.288	2.196	2.396	2.604	2.412	2.340	1.984	1.812	1.656	2.784	2.180	1.956	2.320	2.636	2.924	2.208	2.596	2.288	2.292	2.456	2.188	2.208	2.508	1.976	2.372	
2.900	2.236	2.548	2.452	2.380	2.284	2.164	2.164	2.352	2.444	2.148	1.672	1.592	1.396	1.624	1.864	2.640	1.896	2.500	2.676	2.816	2.548	2.532	2.468	2.456	2.088	2.280	2.788	2.416	2.608	1.788	1.712	2.124	1.776	1.808	2.064	2.132	2.280	2.476	2.028	2.564	2.388	2.360	2.524	2.072	2.444	2.416	2.304	2.324	1.920	2.192	2.004	2.148	1.772	2.028	2.160	2.520	2.232	2.404	2.112	2.504	2.424	2.408	2.516	2.744	2.468	2.304	2.484	2.036	2.108	2.324	2.076	2.216	2.452	2.296	2.344	2.484	2.752	2.488	2.760	2.512	2.148	2.456	2.748	2.204	2.136	2.008	2.080	2.108	2.104	2.124	1.724	2.108	2.552	2.392	2.300	2.064	1.848	2.288	2.504	2.664	2.596	2.520	2.348	2.128	2.216	2.204	1.648	1.560	1.692	2.016	1.884	2.132	2.240	2.172	2.480	2.348	2.264	2.848	2.472	2.384	2.332	1.808	1.860	2.960	2.104	1.736	1.848	1.764	2.480	2.468	1.860	1.984	2.260	2.024	2.068	2.156	2.908	2.204	1.852	
3.140	2.444	3.016	2.348	2.496	2.172	1.756	2.100	1.748	1.964	2.128	2.080	2.200	2.248	1.928	2.316	2.340	1.860	1.976	2.620	2.780	2.556	2.700	2.268	2.544	2.156	1.848	2.020	1.796	1.756	1.932	1.952	2.644	2.120	2.008	1.764	1.940	2.380	2.192	2.360	2.892	2.712	2.828	2.568	2.340	2.236	1.964	2.056	2.240	2.084	1.580	2.264	2.392	2.248	2.204	1.880	1.692	2.484	2.620	2.548	2.884	2.604	2.284	2.264	2.424	2.200	2.156	2.008	1.820	2.484	2.400	2.260	2.324	1.852	2.056	1.996	2.528	2.384	2.288	2.572	2.328	2.620	2.516	2.376	2.796	2.092	2.392	1.696	2.084	2.064	2.260	2.272	2.184	2.352	2.140	2.040	2.100	2.032	2.316	2.212	2.892	2.972	2.248	2.492	2.412	2.464	2.400	2.000	1.728	1.772	2.428	2.628	2.216	2.060	2.320	2.260	2.152	2.532	2.304	2.608	2.404	2.356	2.708	2.168	2.824	2.544	2.064	2.160	2.056	2.572	2.424	2.396	2.268	2.428	2.116	1.648	2.112	2.496	2.360	2.092	
2.616	2.176	2.972	2.052	2.112	2.092	2.200	2.260	2.184	2.068	2.332	2.124	2.356	2.264	1.852	1.892	2.516	1.764	2.144	2.396	2.444	2.332	2.068	2.340	2.064	2.084	2.128	2.512	2.680	2.388	2.376	2.396	1.752	1.840	1.944	1.948	1.464	2.164	2.088	2.604	2.340	2.268	2.024	2.296	2.452	2.100	2.176	2.268	2.360	2.476	2.444	2.128	2.264	1.952	1.592	1.096	1.648	1.924	2.676	2.084	2.592	2.348	2.336	2.668	2.260	2.184	1.876	1.928	2.048	2.224	1.788	1.768	1.972	2.028	1.840	2.400	2.628	2.296	2.516	2.608	2.072	2.672	2.448	2.416	2.564	2.180	1.920	2.192	1.652	1.908	1.884	1.564	1.808	2.188	2.136	2.288	2.424	1.952	2.152	2.088	2.456	2.468	1.896	2.724	2.288	2.516	2.080	2.212	1.716	2.028	1.932	1.596	1.504	1.920	1.940	2.344	2.236	2.272	2.076	2.348	2.320	2.188	2.048	2.292	1.968	2.164	1.832	2.220	2.528	2.580	2.200	1.520	1.844	1.708	1.792	2.276	2.288	2.864	2.584	2.332	
2.752	1.964	2.788	2.284	2.508	1.980	2.192	2.104	2.180	2.120	2.320	2.348	2.316	2.180	2.084	2.136	2.628	1.992	2.904	2.896	2.284	2.068	2.400	2.224	2.336	2.144	2.372	2.296	2.216	1.792	1.988	2.272	1.984	2.120	2.004	2.140	2.364	2.416	2.644	2.728	2.208	2.152	2.028	2.412	2.408	2.136	2.252	2.140	2.240	2.048	2.168	2.124	1.756	1.916	1.904	2.184	2.300	2.360	2.780	2.660	2.100	2.376	2.380	2.588	2.524	2.376	2.716	2.316	2.500	2.316	2.196	1.660	1.996	1.864	1.928	2.216	2.856	2.580	2.536	2.816	2.148	2.028	2.484	2.372	2.188	2.284	2.456	2.692	2.292	2.176	2.348	2.204	1.920	2.160	1.856	2.416	2.304	2.312	2.628	2.484	2.596	2.860	1.796	2.552	2.096	2.148	2.420	2.268	2.400	1.776	2.352	1.936	2.264	2.244	2.288	2.580	2.688	2.744	2.584	2.536	2.328	2.188	2.048	2.204	2.372	2.084	1.952	2.156	2.384	2.992	2.540	2.356	2.056	2.072	2.216	2.328	2.284	3.048	2.720	2.604	
2.436	1.844	2.588	2.260	2.224	1.960	2.132	2.104	1.836	2.064	2.164	1.868	2.252	1.904	1.904	2.236	2.428	1.968	2.652	2.176	2.612	2.284	2.392	2.092	2.164	2.232	1.904	2.148	2.144	1.940	2.028	2.064	1.860	2.020	2.108	2.352	1.912	2.052	2.128	2.172	1.724	2.324	2.404	2.244	2.280	2.216	2.360	1.892	1.844	1.920	2.496	2.104	2.140	2.096	1.940	1.952	1.528	1.996	2.788	2.240	2.760	2.568	2.456	2.364	2.180	2.032	1.944	2.236	2.044	2.260	2.228	2.216	1.932	2.340	2.040	2.116	2.528	2.252	2.288	2.552	2.104	2.472	2.552	2.300	2.400	2.396	2.892	2.368	2.408	2.116	1.672	1.876	2.312	2.368	2.372	2.076	2.360	1.852	2.132	2.428	2.752	2.952	1.968	2.820	2.396	2.532	2.276	2.096	2.024	1.732	2.020	2.168	2.112	2.204	2.332	2.192	2.160	2.312	2.088	2.376	2.700	2.444	2.460	1.800	2.224	1.872	2.152	2.328	2.208	2.532	2.288	2.048	2.224	1.988	2.260	2.272	1.928	2.508	2.128	2.348	
3.076	2.028	2.572	2.116	2.008	2.176	2.212	2.092	2.236	1.956	2.208	2.060	2.272	1.780	2.284	2.548	2.736	2.344	3.236	2.496	2.548	1.968	2.360	1.904	2.280	2.188	2.032	2.164	2.092	2.024	2.176	2.064	2.552	2.228	2.476	2.476	2.644	2.992	2.964	2.364	2.832	2.368	2.248	2.400	2.064	2.040	1.968	2.284	1.996	1.980	1.796	2.160	2.260	2.624	2.340	2.912	2.180	2.552	3.688	2.464	2.548	2.568	2.408	2.104	2.116	1.880	1.892	1.788	1.800	2.104	2.016	2.252	2.384	2.904	2.612	2.344	2.832	2.724	2.744	2.416	2.328	2.664	2.300	2.284	2.272	2.292	2.104	1.908	1.940	1.844	1.864	1.956	2.036	2.060	2.692	2.564	2.548	2.184	2.756	2.712	2.180	2.752	1.616	2.488	2.228	2.092	1.764	2.092	2.036	1.892	2.252	2.212	2.056	2.392	2.476	2.700	2.484	3.012	2.504	2.188	2.296	2.380	1.604	1.740	1.820	2.040	2.432	1.940	2.124	2.520	2.416	2.400	2.112	2.056	2.272	2.156	2.480	3.092	2.176	2.332	
2.812	2.040	2.636	2.372	1.992	2.300	2.544	2.396	2.288	2.328	2.152	2.120	1.804	1.968	2.088	2.048	2.872	1.716	2.396	2.524	2.708	2.688	2.264	2.424	2.324	2.220	2.452	2.320	2.368	2.160	2.008	2.152	1.976	1.876	1.528	1.956	2.108	2.680	2.216	2.060	2.384	2.804	2.712	2.720	2.492	2.524	2.300	2.288	2.012	2.256	2.332	2.240	1.892	1.864	1.764	2.268	2.056	2.048	3.108	2.148	2.584	2.312	2.928	2.780	2.728	2.344	2.320	1.940	2.180	2.084	1.812	1.900	1.896	2.028	2.212	1.880	2.688	2.688	2.012	2.380	2.760	2.520	2.796	2.784	2.816	2.664	2.736	2.240	1.892	1.944	1.628	1.944	1.676	2.192	2.100	2.232	2.392	2.096	2.416	2.036	3.092	3.200	2.228	3.212	2.792	2.676	2.608	2.120	1.612	1.564	2.016	2.112	2.280	2.212	2.268	2.044	2.176	2.308	2.000	1.920	2.572	2.844	2.024	2.108	2.448	2.420	2.180	2.244	1.772	2.300	2.144	2.272	2.100	2.484	2.152	1.928	2.040	2.484	2.272	2.228	
2.884	2.212	2.612	2.236	2.540	2.308	2.788	2.164	2.320	2.372	2.440	2.168	2.144	1.708	2.024	1.984	2.680	2.096	2.576	2.388	2.672	2.596	2.476	2.236	2.236	2.448	2.456	2.156	2.204	2.392	2.104	1.972	1.980	2.052	2.064	2.204	2.300	2.268	2.120	2.228	2.244	2.416	2.184	1.948	2.404	2.332	2.556	2.180	1.972	2.040	2.064	2.308	1.672	2.404	2.300	1.852	1.832	2.380	2.548	2.104	2.324	2.588	2.288	2.532	2.416	2.616	2.328	2.316	2.284	2.208	1.808	1.880	1.948	2.152	2.352	2.268	2.848	2.440	2.092	2.460	2.300	2.488	2.300	2.384	2.712	2.712	2.360	2.016	2.300	2.336	1.792	2.088	1.784	2.120	2.360	2.184	2.376	2.044	2.224	2.136	2.616	2.812	2.060	2.784	2.620	2.160	2.164	2.152	2.012	1.408	1.904	1.944	1.808	2.008	1.992	1.932	1.996	2.092	1.656	2.232	2.240	2.440	2.136	2.280	2.352	2.032	2.164	2.180	2.108	2.612	2.064	2.272	2.268	1.944	1.852	1.856	2.148	2.788	2.244	1.896	
2.604	1.896	2.424	1.964	2.300	1.964	2.136	2.704	2.500	2.780	2.204	2.512	2.536	2.452	2.056	1.852	2.156	1.672	2.276	3.068	1.916	1.868	2.112	2.080	2.684	2.568	2.468	2.588	2.664	2.356	2.632	2.468	2.116	2.556	1.928	1.832	2.112	2.376	2.316	2.248	2.012	2.368	2.400	2.116	2.184	2.352	2.468	2.324	2.380	2.500	2.656	2.416	2.240	1.908	1.752	1.544	1.748	2.320	2.768	1.728	2.672	2.696	2.628	2.620	2.292	2.540	2.412	2.480	2.248	2.392	2.140	2.360	2.132	2.268	2.228	2.292	2.768	2.692	2.640	2.072	2.428	2.472	2.536	2.900	2.376	2.152	2.724	2.032	1.880	2.024	1.908	2.124	2.132	1.932	2.204	2.172	2.316	1.716	2.732	2.688	2.860	2.900	2.196	2.712	2.592	2.444	2.016	1.748	1.916	1.688	2.124	2.196	2.100	1.940	2.292	2.120	2.416	2.472	2.540	2.724	2.688	1.904	2.156	2.240	2.360	1.932	2.240	2.076	2.056	2.460	2.176	2.360	2.124	2.096	2.044	1.836	2.436	2.916	2.276	2.136	
3.284	2.596	2.688	2.188	2.180	1.712	1.840	1.896	2.072	1.972	2.288	2.184	2.152	2.164	2.088	2.452	2.212	1.860	2.812	2.296	2.404	2.368	2.708	2.336	1.992	2.164	1.968	2.260	1.812	1.944	2.116	1.976	2.348	2.172	2.148	2.068	1.996	2.100	2.528	2.396	2.328	2.212	2.640	2.344	2.312	2.392	1.888	2.156	2.280	2.108	1.688	1.904	1.924	2.164	2.168	1.928	1.332	2.440	3.232	2.584	2.480	2.616	2.456	2.316	2.448	2.256	2.276	2.284	2.028	2.228	2.024	2.096	2.080	1.736	2.272	2.216	2.556	2.560	3.108	2.848	2.216	2.812	2.672	2.592	2.256	2.316	2.204	2.040	2.272	1.644	1.984	1.956	2.316	2.156	2.256	2.088	2.152	2.152	2.552	2.432	2.532	2.684	2.036	2.936	2.028	2.144	1.896	2.480	2.048	1.696	2.040	2.008	2.204	2.300	2.196	2.324	1.972	2.260	2.356	2.300	2.344	2.268	2.124	2.452	2.372	2.508	2.080	1.948	2.256	2.532	2.248	2.128	2.328	2.052	2.392	2.068	2.136	2.324	2.136	2.020	
2.200	1.584	1.996	2.204	2.268	2.092	2.156	1.932	1.960	1.984	2.356	2.136	1.820	1.880	2.360	2.444	2.404	2.068	2.476	2.352	2.404	2.332	2.260	2.220	2.412	2.312	2.192	2.200	2.168	2.036	1.988	1.940	1.816	2.064	2.056	2.508	2.216	2.200	2.472	2.292	2.496	2.304	2.488	2.524	2.352	2.556	2.204	2.356	2.264	2.496	2.080	2.208	2.412	2.244	1.752	2.080	1.892	2.368	3.052	2.348	2.296	2.300	2.388	2.728	2.752	2.208	2.344	2.376	2.480	2.588	2.280	2.436	2.048	2.448	2.244	2.528	2.652	2.672	2.384	2.472	2.264	2.300	2.320	2.320	2.712	2.240	2.188	2.360	2.188	2.312	2.360	2.004	2.188	2.048	2.708	2.492	2.936	2.232	2.736	2.212	2.580	2.768	1.948	3.224	2.360	2.636	2.260	2.516	2.008	2.088	2.028	2.212	2.084	2.228	2.400	2.156	2.532	2.580	2.540	2.396	2.616	2.144	2.128	2.280	2.340	2.352	2.468	2.308	2.500	3.020	2.012	2.028	1.932	2.256	1.928	1.868	1.876	2.788	2.068	2.500	
2.872	1.852	2.524	2.268	2.412	2.248	2.088	2.204	2.340	2.360	2.288	2.184	2.408	2.192	2.128	2.132	2.600	2.044	2.940	2.388	2.756	2.404	2.360	2.648	2.772	2.260	2.268	2.276	2.500	2.276	2.152	1.904	2.220	2.032	2.228	2.180	2.340	2.220	2.624	2.628	2.388	2.460	2.524	2.644	2.228	2.408	2.332	2.396	2.652	2.436	2.044	2.148	2.076	2.108	2.340	2.104	2.012	2.500	2.620	2.380	2.152	2.696	2.564	2.500	2.176	2.508	2.308	2.372	2.544	2.528	2.168	1.956	2.180	2.100	1.632	1.868	2.404	2.088	2.468	2.680	2.240	2.828	2.284	2.924	2.492	2.488	2.080	2.496	2.452	1.968	2.240	2.104	2.264	2.320	1.976	2.384	2.424	2.256	2.328	2.208	2.484	2.968	2.092	2.364	1.920	2.268	2.208	2.204	2.100	1.912	1.932	2.104	2.176	2.100	2.068	2.300	1.920	2.656	2.256	2.480	2.844	2.484	2.032	1.760	2.144	1.984	2.444	1.988	2.192	2.304	2.216	2.044	2.064	2.196	2.300	2.216	1.960	2.836	2.352	2.372	
2.208	1.556	2.332	2.136	2.428	2.412	2.836	2.656	2.468	2.492	2.388	2.020	2.080	2.328	2.344	2.016	2.176	1.888	2.596	2.660	1.944	1.744	1.708	1.584	2.164	2.464	2.404	2.308	2.132	2.156	1.852	1.916	1.960	2.344	2.140	1.860	1.972	2.360	2.760	2.184	2.196	1.788	1.784	1.948	1.844	1.904	1.964	1.724	1.764	1.976	1.860	1.912	2.296	2.360	2.052	1.876	2.024	2.260	2.904	2.020	2.056	2.040	2.332	2.156	2.244	1.976	1.928	1.944	2.128	2.008	2.220	2.036	2.292	2.076	1.860	1.748	3.196	2.400	2.508	2.548	2.240	2.404	1.988	2.480	1.824	1.824	1.988	2.224	1.940	1.972	2.052	2.492	2.244	2.188	2.224	2.408	3.056	2.528	2.532	2.512	2.496	2.508	2.416	2.232	1.444	2.240	1.944	2.144	2.036	1.844	2.008	2.680	2.440	2.308	2.220	2.716	2.200	2.780	2.692	2.524	2.472	2.348	2.184	1.672	1.912	1.920	2.196	2.064	1.956	2.432	2.504	2.420	2.240	2.240	1.844	2.200	2.436	2.656	2.600	2.636	
2.672	2.476	2.640	2.200	2.692	2.336	2.068	2.512	2.212	2.620	2.136	2.256	2.344	2.272	2.172	2.040	2.588	2.172	2.844	2.656	2.652	2.412	2.420	2.492	2.624	2.448	2.892	2.404	2.340	2.288	2.108	2.196	2.416	2.440	2.012	2.124	2.388	2.548	2.284	2.176	2.108	2.760	2.516	2.504	2.640	2.408	2.216	2.044	2.440	2.452	2.240	2.408	2.288	2.384	2.208	2.252	2.300	2.468	2.932	2.148	2.356	2.508	2.888	2.424	2.336	2.404	2.164	2.040	2.316	2.080	2.276	2.512	2.436	1.964	2.196	2.160	3.000	2.088	2.764	2.076	2.428	2.432	2.004	3.212	2.400	1.944	2.312	2.152	2.316	2.312	2.416	2.596	2.368	2.576	2.232	2.464	2.900	2.464	2.764	2.332	2.456	2.860	2.320	2.288	2.144	2.368	2.296	2.208	2.044	1.976	2.248	2.412	2.628	2.560	2.236	2.448	2.356	3.060	2.644	2.364	2.304	2.220	2.304	2.092	2.016	1.872	2.016	2.432	2.576	2.784	2.468	2.484	2.448	2.640	2.328	2.176	2.224	3.164	2.444	2.232	
2.692	2.472	2.704	1.868	1.732	2.056	2.272	2.252	2.164	2.428	2.216	2.328	2.568	2.560	2.244	2.448	2.496	2.432	2.652	2.664	2.180	2.628	2.056	2.108	2.336	2.536	2.140	2.492	2.200	2.300	2.144	2.372	2.148	2.856	2.612	2.216	2.236	2.952	3.224	2.512	2.276	1.916	2.432	2.384	2.304	2.452	2.476	2.404	2.408	2.420	2.244	2.384	2.460	2.572	2.812	2.404	2.048	2.836	3.036	2.564	2.336	2.048	2.352	2.500	2.692	2.744	2.292	2.352	2.156	2.196	1.924	2.148	2.260	2.360	2.328	2.200	2.732	2.388	2.848	2.928	2.304	2.664	1.912	2.828	2.412	2.520	2.520	2.224	2.236	2.080	2.212	2.224	2.208	2.544	2.732	2.492	2.776	2.640	2.560	2.460	2.508	2.664	2.544	2.088	2.388	2.132	2.416	2.300	2.144	1.860	2.500	2.216	2.076	2.548	2.520	2.364	1.812	2.256	2.468	2.044	2.412	2.492	1.744	1.852	2.096	2.328	2.456	2.232	2.916	3.068	2.316	2.304	2.296	2.300	2.160	1.852	2.084	2.460	2.124	2.064	
2.692	2.080	2.608	2.176	2.476	2.304	2.164	2.128	2.008	2.300	2.132	1.712	1.772	1.608	1.316	2.244	2.656	1.748	2.200	2.760	2.164	2.144	2.304	2.236	2.216	2.080	2.004	2.088	1.912	1.756	2.020	1.476	1.568	2.296	2.024	2.236	2.280	2.528	2.864	2.352	2.420	2.640	2.184	2.148	2.128	1.972	2.032	1.832	2.000	1.436	1.844	1.524	1.912	1.824	2.112	2.080	2.284	2.660	3.356	2.376	2.464	2.220	2.080	1.972	2.032	2.048	2.208	1.864	1.832	1.976	1.936	1.852	2.336	2.712	2.148	2.244	2.772	1.976	2.604	3.016	2.408	2.280	1.596	2.424	2.188	1.964	2.184	2.372	2.156	1.916	2.352	2.264	1.916	2.416	2.864	2.500	3.268	2.452	2.740	2.940	2.472	2.560	1.932	2.356	2.084	2.376	2.360	1.824	2.168	2.444	2.528	2.516	2.588	2.600	2.560	2.468	2.716	2.372	2.424	2.592	2.452	2.424	1.616	1.928	2.180	1.912	2.408	2.540	2.636	2.608	2.204	2.248	1.964	2.532	2.532	2.540	2.192	2.972	2.224	2.372	
2.536	2.024	2.680	2.284	1.988	2.140	2.148	2.216	2.232	1.936	1.812	1.948	2.340	2.120	1.996	2.316	2.020	1.864	2.504	2.164	2.652	2.728	2.372	2.732	2.400	2.536	2.356	2.356	2.088	1.876	2.076	2.208	1.912	2.040	2.336	2.108	1.900	2.424	2.448	2.424	2.556	2.444	2.712	2.608	2.732	2.748	2.512	2.192	2.040	2.248	2.084	2.248	2.180	2.528	2.220	2.144	2.048	2.160	2.856	2.352	2.456	2.660	2.588	2.784	2.560	2.292	1.944	2.356	2.272	2.088	2.304	2.072	2.260	2.400	2.356	2.260	3.388	2.424	2.716	2.856	2.376	3.084	2.224	2.856	2.668	2.508	2.344	2.088	2.168	2.232	1.956	2.068	2.324	2.228	2.440	2.032	2.760	2.348	2.224	2.940	2.852	2.832	2.380	2.660	2.440	2.720	2.144	1.832	2.016	2.072	2.056	2.000	2.492	2.192	2.244	2.048	2.048	2.292	2.344	2.256	2.708	2.192	2.260	2.204	2.656	2.052	2.220	2.316	2.708	2.252	1.916	2.012	1.928	2.432	2.104	2.204	2.036	2.388	2.220	2.116	
2.412	1.916	2.392	2.228	1.936	2.132	2.284	2.100	1.944	2.060	2.192	2.164	1.804	1.572	1.832	2.224	2.632	2.132	2.680	2.640	2.164	2.260	2.256	2.388	2.264	2.188	1.948	1.712	1.932	1.916	2.092	2.080	1.756	1.856	2.008	2.400	2.420	2.080	2.908	2.532	2.056	2.228	1.864	2.360	2.344	1.976	1.912	2.092	1.828	1.496	1.696	1.540	1.928	1.748	2.044	2.288	2.220	2.668	3.096	2.752	2.116	2.184	2.604	2.504	2.364	1.992	1.780	1.900	1.496	1.476	1.564	1.560	1.844	1.944	1.900	1.924	2.692	2.116	2.676	3.000	2.372	2.352	2.192	3.124	2.932	2.208	1.872	1.860	2.084	1.572	2.308	1.820	2.064	1.908	2.304	2.192	2.764	2.916	2.568	2.828	2.372	2.880	2.344	2.320	2.216	2.112	2.016	1.540	2.032	2.128	2.096	1.640	1.708	2.236	2.148	2.256	2.248	2.644	2.784	2.708	2.052	2.228	2.472	2.240	2.012	1.808	2.272	2.084	2.844	2.284	2.180	1.792	1.560	1.872	1.660	1.744	2.396	2.904	2.976	2.784	
2.396	1.776	2.336	2.288	2.356	2.412	2.504	2.436	2.208	2.060	2.268	2.016	2.448	2.452	2.204	2.440	2.468	2.212	2.624	2.560	2.344	2.108	2.500	2.296	2.384	2.152	2.308	2.188	2.188	2.336	2.640	2.396	2.296	2.032	2.448	2.580	2.800	2.564	2.552	2.200	2.220	2.784	2.396	2.224	2.084	2.220	2.372	2.440	2.232	2.232	2.024	2.064	2.332	2.420	2.552	2.560	2.448	2.516	2.948	2.160	2.564	2.652	2.420	2.516	2.344	2.084	2.140	2.396	2.272	1.908	2.008	1.916	2.540	2.428	2.620	2.308	3.036	2.456	2.780	2.620	2.232	2.584	2.084	2.584	2.524	1.984	2.168	2.056	2.144	2.000	2.208	2.112	2.020	2.268	2.236	2.604	3.072	2.740	2.592	2.616	2.764	2.932	2.604	2.316	2.300	2.084	2.188	1.932	1.916	2.320	2.172	1.732	2.048	2.052	2.424	2.524	2.212	2.676	2.892	2.360	2.308	2.384	2.392	1.960	2.156	1.988	2.708	2.524	2.952	2.748	2.308	2.384	2.316	2.140	1.892	2.224	2.240	2.708	2.540	2.912	
2.904	2.060	2.940	2.616	1.956	2.528	2.316	2.340	2.424	2.108	2.172	2.280	2.228	2.152	2.068	2.288	2.468	2.444	3.024	2.312	2.552	2.176	2.572	2.100	2.572	2.368	1.996	2.356	2.440	2.352	2.260	2.072	2.500	2.016	2.168	2.284	2.392	2.676	2.320	2.316	2.516	2.636	2.536	2.588	2.480	2.224	2.204	2.220	2.312	2.132	2.180	2.208	1.920	2.380	2.296	2.284	2.588	2.296	2.652	2.524	2.396	2.740	2.864	2.416	2.020	2.024	1.800	1.992	2.004	2.124	1.896	2.052	2.128	2.092	2.504	2.012	3.048	1.964	2.468	2.448	2.488	2.356	2.368	2.592	2.232	2.212	2.012	2.148	1.980	2.256	2.168	1.800	2.032	1.976	2.240	2.352	2.836	2.372	2.396	2.620	2.704	3.044	3.092	2.776	2.496	2.128	1.892	1.644	2.184	2.248	1.880	2.128	1.880	2.200	2.160	2.020	1.984	2.156	2.428	2.428	1.976	2.176	2.036	2.020	1.996	2.344	2.252	2.148	2.412	1.968	2.064	1.960	2.236	2.036	1.720	1.700	2.188	2.400	2.240	2.600	
2.940	2.188	2.508	2.412	2.436	2.012	1.972	1.996	2.128	2.256	2.008	2.068	2.060	2.348	2.144	2.344	2.396	2.244	2.696	2.720	2.760	2.420	2.060	2.340	2.084	2.148	1.840	2.292	2.104	2.148	1.964	2.184	2.408	2.212	2.224	2.084	2.420	2.588	2.564	2.252	2.672	2.540	2.708	2.532	2.292	2.440	1.880	2.124	1.940	1.860	1.912	2.320	2.412	2.256	2.336	2.256	2.248	2.600	3.260	2.268	2.976	2.868	3.152	2.916	2.432	2.648	2.188	2.280	1.976	2.036	2.476	2.476	2.316	2.396	2.276	2.040	2.980	2.264	2.312	2.360	2.408	2.792	2.296	3.296	2.696	2.776	2.652	1.864	2.188	2.352	2.292	2.320	2.268	2.492	2.240	2.268	3.092	2.468	2.784	2.488	3.108	2.648	2.400	2.492	2.504	2.572	2.408	1.548	2.052	2.156	2.496	2.480	2.268	2.536	2.628	2.372	2.452	2.400	2.476	2.452	2.788	2.100	2.172	1.932	2.432	2.164	2.412	2.504	2.664	2.504	2.556	2.576	2.400	2.644	2.424	2.324	2.036	2.772	2.096	2.188	
2.388	2.360	2.864	2.324	2.428	2.204	1.832	1.712	1.812	2.032	1.944	1.968	2.200	1.960	2.240	2.292	2.988	2.056	2.836	2.300	3.316	2.080	2.428	2.108	2.072	2.324	1.960	1.720	1.924	1.980	1.772	2.104	2.220	2.144	2.176	2.428	2.528	2.640	2.440	2.148	2.752	2.556	3.004	2.244	2.416	2.244	2.064	1.972	2.020	2.032	2.160	2.020	2.488	2.196	1.984	2.320	1.792	2.608	2.932	2.016	2.456	2.808	2.580	2.236	1.952	2.256	1.896	1.684	1.764	2.016	2.188	2.284	1.808	2.492	2.168	1.904	2.708	1.720	2.108	2.316	2.552	2.440	2.184	2.608	2.468	2.376	2.188	1.780	2.216	2.156	2.312	1.940	2.308	2.592	2.316	1.932	2.892	2.532	2.436	2.208	2.268	2.460	2.080	2.472	2.376	2.036	2.300	1.760	2.168	2.088	2.124	1.840	2.080	2.068	1.924	2.076	1.880	2.416	2.080	1.720	2.236	1.828	1.892	1.808	2.384	1.616	1.876	2.188	2.592	2.232	2.260	2.256	1.688	1.788	1.896	1.792	2.080	2.744	2.008	2.152	
2.392	2.412	2.832	2.280	2.668	2.156	2.260	2.200	2.192	2.364	2.248	2.292	2.152	1.960	2.288	2.028	2.640	2.016	2.544	2.872	2.656	2.236	2.368	2.508	2.332	2.368	2.220	1.980	2.108	2.244	2.236	2.340	2.424	1.900	1.844	2.440	1.900	2.264	2.712	2.108	2.676	2.600	2.788	2.384	2.556	2.404	2.640	2.496	2.016	1.816	1.956	1.852	2.156	2.440	2.144	2.176	2.252	2.376	3.176	2.420	2.668	2.264	2.528	2.828	2.432	2.304	1.992	2.320	2.308	2.112	1.992	2.148	2.476	2.368	2.104	1.972	2.840	2.396	2.640	2.736	2.632	2.784	2.184	2.540	2.144	2.152	2.140	1.920	2.212	2.404	2.308	1.936	2.348	2.360	2.428	2.608	2.904	2.468	2.808	2.572	2.724	2.544	2.484	2.360	2.072	2.028	1.928	2.240	2.260	2.260	2.160	2.060	2.196	2.160	2.672	2.396	2.360	2.480	2.748	2.736	2.956	2.320	2.548	2.392	2.344	2.376	2.144	1.888	2.520	2.352	1.720	2.060	2.016	2.596	2.340	1.800	2.624	3.096	2.500	2.192	
2.460	2.676	2.572	2.648	2.792	2.264	2.120	2.172	2.388	2.640	2.196	2.024	2.500	1.892	2.304	2.524	2.784	2.344	2.912	2.368	2.432	2.152	2.656	2.432	2.704	2.344	2.120	2.536	2.804	2.444	2.408	2.268	2.272	2.448	2.400	2.704	2.404	2.520	2.136	2.312	2.240	2.492	2.280	2.304	2.524	2.252	2.384	2.292	2.952	2.948	2.556	2.576	2.388	2.344	2.544	2.732	2.364	2.232	2.688	1.880	2.352	2.676	2.808	2.872	2.844	2.516	2.196	2.532	2.560	2.584	2.628	2.576	2.312	1.948	2.328	2.116	2.752	2.076	2.292	2.156	2.276	2.604	2.124	2.960	2.592	2.308	2.516	2.332	2.360	2.428	2.828	2.424	2.524	2.532	2.712	2.320	2.460	2.480	2.156	2.036	2.652	2.276	2.612	2.532	2.680	2.416	2.360	2.944	2.516	2.472	2.352	2.216	2.396	2.676	2.100	1.996	2.212	2.088	2.032	2.200	2.344	2.672	2.456	2.644	2.664	2.044	2.268	2.108	2.276	2.932	1.880	2.244	1.868	2.276	2.088	2.004	2.220	2.632	2.008	2.172	
2.592	2.352	2.680	2.656	2.992	2.616	2.200	1.916	2.156	1.824	2.008	2.056	2.428	1.972	1.904	2.136	2.532	2.236	2.600	2.652	3.428	2.144	2.644	2.612	2.556	2.628	2.000	2.376	2.328	1.936	2.380	2.060	2.576	2.188	2.052	2.204	2.140	2.612	2.384	2.172	2.796	2.496	2.920	2.660	2.736	2.248	2.280	2.144	2.136	2.168	2.376	1.956	2.004	2.224	2.036	2.204	2.200	2.464	2.816	2.276	2.528	2.728	3.016	3.000	2.472	2.072	2.348	2.044	2.300	1.948	2.428	2.248	2.324	1.688	1.872	2.236	2.376	2.168	2.288	2.304	2.576	2.752	2.688	3.372	2.508	2.556	2.384	2.404	2.096	2.216	1.956	2.424	2.624	2.464	3.160	2.600	2.352	2.336	2.476	2.080	2.812	3.152	2.472	2.468	2.044	2.356	2.208	2.504	2.340	2.140	2.284	2.192	2.352	2.552	2.284	2.396	2.052	2.348	2.592	2.040	2.708	2.476	2.460	2.296	2.184	2.280	2.200	1.900	2.384	2.392	1.632	2.020	1.784	2.092	1.844	2.200	2.140	2.864	1.976	2.244	
2.416	2.100	2.544	2.280	2.372	2.400	2.180	2.464	2.376	2.132	2.228	1.912	2.312	2.000	2.072	2.068	2.228	2.212	2.420	2.536	2.732	2.044	2.300	2.476	2.752	2.196	2.224	2.400	2.288	2.100	1.924	2.332	1.872	1.936	2.448	1.976	2.184	2.508	2.496	1.840	2.416	2.556	2.364	2.396	2.648	2.724	2.284	2.696	2.604	2.180	1.812	2.460	2.048	2.316	2.368	1.984	2.420	2.496	2.936	2.312	2.684	2.284	2.384	2.412	2.328	2.556	2.224	2.200	2.264	2.068	2.100	2.104	2.084	1.568	2.248	2.376	2.884	2.124	2.404	2.504	2.332	2.492	2.028	2.648	2.228	2.152	2.008	2.088	2.128	2.408	2.140	2.096	2.004	2.068	2.992	2.636	2.540	2.336	2.408	2.668	2.376	2.852	2.144	2.644	1.716	2.096	2.132	1.872	2.304	2.064	1.912	2.432	2.496	2.324	2.220	2.576	2.308	2.384	2.556	2.236	2.372	2.368	1.964	1.972	2.408	1.952	2.100	1.900	2.172	2.652	1.688	1.728	2.236	2.108	2.340	2.068	2.064	2.272	2.480	2.304	
2.452	2.184	2.648	2.636	2.396	2.788	2.488	2.360	2.224	2.440	2.296	2.116	2.104	2.136	2.076	1.964	2.488	2.072	2.656	1.996	2.952	2.060	2.364	2.348	1.940	2.460	2.212	2.192	2.172	1.908	1.936	2.064	1.884	2.120	2.188	2.468	2.432	2.420	2.208	2.280	2.200	2.408	2.440	2.512	2.452	2.232	2.252	2.120	2.160	2.228	2.176	2.488	2.352	2.128	1.876	2.472	2.428	2.720	2.808	2.392	2.280	2.188	2.252	2.728	2.624	2.036	2.032	2.316	2.328	2.224	2.288	2.400	2.264	1.512	2.152	2.256	2.728	2.340	2.336	2.604	2.128	2.616	1.820	2.372	2.232	2.168	2.028	2.004	2.096	2.292	2.336	2.244	1.988	1.988	2.632	2.144	2.236	2.772	2.596	2.708	2.752	2.424	2.216	2.496	1.888	2.080	2.028	1.920	2.044	2.128	1.928	1.960	2.408	2.456	2.612	2.936	2.712	2.792	2.388	2.624	2.584	2.600	2.120	1.628	1.908	1.948	2.116	1.352	2.332	2.460	1.652	1.712	2.112	2.476	2.684	2.388	2.752	2.644	2.608	2.644	
2.520	2.348	2.720	2.000	1.732	2.072	2.156	2.028	1.744	1.680	2.168	2.112	2.496	2.564	2.564	2.392	2.520	1.836	2.196	2.260	3.004	1.784	1.984	2.256	1.764	1.676	1.880	1.908	2.120	1.888	2.080	2.580	2.644	2.736	2.448	2.280	1.792	2.256	2.556	2.300	2.324	2.824	2.432	2.088	1.824	1.904	1.892	2.028	2.260	2.088	2.204	2.392	2.316	2.404	2.500	2.476	2.228	2.216	2.484	2.432	2.300	2.288	2.528	2.008	2.224	2.404	2.440	2.164	2.220	2.328	1.928	2.044	2.152	1.796	2.336	2.216	2.944	2.392	2.408	2.672	1.944	2.356	1.824	2.400	2.056	1.632	2.396	2.272	2.372	1.948	2.472	1.984	2.372	2.340	2.316	2.420	2.604	2.568	2.408	2.472	2.700	2.460	1.888	1.968	2.216	1.980	1.764	2.112	2.216	2.108	2.324	1.728	2.124	2.328	2.156	3.200	2.316	2.320	2.252	2.796	2.316	2.196	2.068	1.832	1.888	1.776	1.836	1.724	2.404	2.100	1.968	1.644	1.716	2.216	1.964	2.184	2.296	2.728	2.444	2.464	
1.868	1.828	2.228	1.904	2.100	1.852	2.076	2.168	1.796	2.084	2.192	1.924	2.172	1.868	2.496	2.468	2.812	2.544	3.080	2.516	2.716	1.624	1.772	1.968	2.292	1.972	2.176	2.344	1.964	2.048	2.104	2.128	2.364	2.336	2.708	2.744	2.556	2.768	2.992	2.352	2.104	2.504	2.480	2.252	2.548	2.200	2.260	2.556	2.408	2.032	1.960	2.344	2.136	2.444	2.308	2.548	2.348	2.612	3.216	2.140	2.180	2.304	2.576	2.432	2.404	2.036	2.600	2.164	1.896	2.216	2.168	1.948	2.020	1.824	2.136	2.148	2.804	2.268	2.520	2.656	2.436	1.968	2.220	3.048	2.160	1.940	2.584	1.672	2.104	1.840	2.044	2.412	2.064	2.420	2.328	2.224	2.040	2.828	2.444	2.336	2.416	2.552	2.032	2.256	2.212	2.244	1.560	2.256	2.160	2.104	2.176	1.948	2.064	2.296	2.740	3.228	2.572	2.812	2.096	2.412	2.136	2.296	2.028	1.976	1.880	2.160	2.108	2.004	2.344	1.956	1.760	1.940	2.152	2.048	2.224	2.620	2.676	2.972	2.544	2.404	
2.068	2.032	2.316	1.924	2.120	2.376	2.116	1.796	1.484	1.628	1.748	2.028	1.800	1.940	1.756	1.924	2.544	1.888	2.836	2.556	2.492	1.516	2.132	1.896	2.064	2.060	1.840	1.952	1.444	1.540	1.816	2.008	2.204	2.160	1.920	2.508	2.172	2.484	2.588	2.616	2.144	2.104	2.264	1.708	1.864	1.920	2.052	2.152	1.920	2.020	1.928	1.960	1.804	1.776	2.140	2.300	2.340	2.328	2.528	2.632	2.568	2.380	2.224	2.048	2.436	2.132	2.572	2.368	1.832	1.832	1.640	1.908	1.832	1.588	2.096	2.312	2.364	2.428	2.388	2.876	2.020	2.632	2.080	2.564	1.880	2.096	1.856	2.196	2.472	2.216	2.576	1.716	1.972	2.100	2.740	1.956	2.428	2.436	1.884	2.240	2.204	2.560	2.088	2.092	2.124	2.164	2.108	2.200	2.584	2.248	1.952	2.192	1.856	2.312	2.292	2.796	2.484	1.980	2.416	2.060	2.088	2.336	2.212	2.360	2.252	2.208	1.844	2.144	2.180	1.944	1.416	1.792	1.864	1.940	2.212	2.384	2.580	2.012	2.140	1.528	
2.208	2.284	2.540	2.296	2.304	2.284	1.972	2.116	2.136	2.432	2.320	2.700	2.560	2.160	2.272	2.264	2.600	2.484	3.464	2.500	2.688	1.808	2.280	2.172	1.936	2.144	2.380	2.264	2.124	2.220	2.604	2.664	2.600	2.288	2.368	2.440	2.364	3.156	2.768	2.628	1.892	2.400	2.208	1.792	1.800	2.216	2.136	1.920	2.324	2.500	2.384	2.560	2.556	2.272	2.156	2.540	2.632	2.936	3.492	2.452	2.352	1.988	2.144	2.292	2.280	1.492	2.096	2.220	2.416	2.476	2.416	2.544	2.020	1.888	2.528	2.388	2.676	3.108	2.400	2.776	2.104	2.080	1.840	2.412	1.296	1.716	1.944	1.968	2.232	2.356	2.280	1.964	2.020	2.312	2.412	2.160	2.516	2.700	2.344	2.536	2.624	2.392	2.308	1.644	1.872	2.020	2.208	2.152	1.964	2.116	2.208	2.152	2.080	2.328	2.420	2.800	2.416	2.400	2.556	2.396	2.444	1.892	2.404	2.208	2.044	2.160	1.980	2.704	2.948	2.148	2.020	2.212	2.200	2.172	2.304	2.300	2.252	2.316	2.376	2.096	
2.676	1.744	2.208	1.900	1.908	2.028	1.672	2.224	2.056	2.392	2.104	2.096	2.260	2.096	2.280	2.628	2.792	2.476	3.408	2.904	2.656	1.928	2.124	2.296	2.248	1.832	1.880	2.248	2.104	2.424	2.368	2.280	2.504	2.232	2.592	2.612	2.396	2.792	3.128	2.452	1.932	1.872	2.120	2.212	2.408	2.228	1.912	1.744	2.000	2.332	2.308	2.424	2.404	2.508	2.492	2.568	2.572	3.032	2.868	2.276	2.208	2.268	2.336	2.236	2.640	1.684	2.516	2.148	2.056	2.508	2.020	2.324	2.568	1.844	2.320	2.412	2.756	2.928	2.524	2.796	2.012	1.860	2.376	2.576	1.728	2.072	2.036	2.152	2.312	2.096	2.012	2.256	2.364	2.720	2.712	2.432	2.576	3.084	2.216	2.608	2.160	2.304	2.520	1.536	1.672	1.888	1.536	2.076	2.384	2.152	2.476	2.452	1.976	2.696	2.652	2.992	2.824	3.040	2.584	2.680	1.988	1.840	2.388	2.132	1.824	1.948	2.044	1.828	2.448	2.328	1.624	1.876	2.108	2.108	2.092	2.456	2.412	2.936	2.884	2.576	
2.732	2.068	2.608	2.284	2.180	2.340	2.440	2.200	2.336	1.956	2.136	2.388	2.224	2.420	2.360	2.448	2.780	2.420	3.236	2.848	2.384	2.512	2.672	2.700	2.596	2.240	2.472	2.236	2.332	2.044	2.120	1.996	2.212	2.216	2.272	2.512	2.436	3.056	2.916	2.504	2.140	2.424	2.616	2.856	3.048	2.616	2.432	2.396	2.308	2.292	2.220	1.744	2.088	2.208	2.220	2.592	2.436	2.404	2.900	2.584	2.480	2.516	2.760	2.436	2.856	2.348	3.132	2.232	2.604	2.460	2.168	2.020	2.020	1.964	2.304	2.228	2.920	2.496	2.452	3.200	2.208	2.364	2.344	2.840	2.024	2.512	1.848	2.704	2.512	2.376	2.068	1.900	2.312	2.152	2.672	2.120	2.792	2.752	2.176	2.488	2.836	2.528	2.700	1.920	2.388	2.152	2.280	2.028	2.176	1.736	1.828	2.100	2.416	2.324	2.424	2.692	2.104	2.492	2.264	2.648	2.440	2.016	1.864	1.744	2.460	1.632	2.112	2.064	2.456	1.940	1.604	1.744	1.892	1.772	2.016	2.088	2.312	2.288	2.228	2.144	
2.716	2.216	2.684	2.156	1.876	2.080	2.172	2.044	1.932	1.892	2.172	2.544	2.140	2.460	2.108	1.988	2.272	1.892	2.736	2.364	2.280	2.184	2.436	2.132	2.000	1.912	2.064	2.160	1.868	1.924	2.024	2.204	2.100	2.440	2.180	2.072	2.116	2.384	2.220	2.180	2.332	2.624	2.332	2.244	2.160	1.916	2.020	1.996	1.932	2.236	2.208	2.476	2.204	2.212	1.832	2.004	2.200	2.272	2.880	2.272	2.576	2.664	2.144	2.020	2.212	1.704	2.236	1.816	2.096	2.172	1.892	2.116	1.852	1.784	1.976	2.344	2.744	2.624	2.428	2.684	2.252	2.508	2.392	2.344	1.804	2.304	2.284	2.412	2.204	2.184	2.248	2.084	2.240	2.032	2.492	2.052	2.552	2.804	1.996	2.476	2.724	2.392	2.320	2.160	2.256	2.172	2.408	2.052	2.292	2.312	2.156	2.116	2.312	2.392	2.272	2.996	1.680	2.228	2.376	2.192	2.612	2.288	1.676	1.944	2.120	2.156	2.016	2.092	2.252	2.096	2.052	1.848	2.188	2.128	2.632	2.580	2.352	2.064	2.028	2.036	
3.064	2.076	2.676	2.808	2.512	2.232	2.492	2.264	2.932	2.448	2.300	3.120	2.940	2.884	2.516	2.816	2.652	2.284	2.876	2.804	2.560	2.688	2.704	2.696	2.484	2.656	2.424	2.664	2.656	2.628	2.948	2.804	2.716	2.896	2.696	2.232	2.556	2.812	3.160	3.024	2.548	2.604	2.940	2.516	2.728	2.256	2.524	2.520	2.740	2.644	2.780	2.540	2.680	2.524	2.712	2.828	2.852	3.072	3.572	2.776	2.640	2.432	2.744	2.548	2.936	2.332	2.784	2.360	2.396	2.892	2.192	2.536	2.488	2.064	2.644	2.700	3.148	2.888	3.160	3.076	2.196	2.772	2.580	2.852	1.996	2.220	2.128	2.284	2.348	2.472	2.432	1.996	2.844	2.592	3.028	2.644	2.824	3.036	2.908	2.736	2.760	2.776	2.844	2.096	2.156	2.216	1.956	2.376	2.132	2.276	2.256	2.432	2.260	2.924	2.976	3.080	2.756	3.088	2.696	2.652	2.736	2.800	2.268	2.324	2.024	2.028	2.236	2.124	2.512	2.560	2.184	2.244	2.248	2.572	2.508	2.680	2.580	3.252	2.504	2.752	
2.540	2.396	2.988	2.628	2.304	2.196	2.392	2.436	2.420	2.424	2.508	2.576	2.404	2.408	2.792	2.516	2.616	2.384	2.476	2.340	2.524	2.340	2.448	2.492	2.220	2.380	2.308	2.876	2.512	2.348	2.372	2.592	2.332	2.400	2.652	2.248	2.552	2.540	3.000	2.332	2.300	2.520	2.364	2.188	2.524	2.288	2.112	2.696	2.468	2.216	2.892	2.452	2.308	2.304	2.572	2.600	2.608	2.940	3.256	2.384	2.460	2.544	2.376	2.472	2.680	2.152	2.940	2.632	2.600	2.272	2.548	2.584	2.236	1.996	2.492	2.648	3.064	2.780	2.684	2.540	2.384	2.488	2.164	2.476	2.044	2.140	1.760	2.316	2.248	2.488	2.584	2.404	2.684	2.064	2.396	2.328	2.992	3.216	2.428	2.344	2.504	2.116	2.496	1.820	2.228	2.060	2.260	1.996	2.308	2.392	2.208	2.012	2.564	2.208	2.240	2.856	2.336	2.440	2.148	2.564	2.384	2.124	1.936	2.484	2.104	2.316	2.196	1.952	2.720	2.376	1.912	2.360	2.132	2.352	2.348	2.348	2.060	2.348	2.388	2.108	
2.552	2.064	2.572	2.380	2.312	2.068	2.280	2.476	2.268	2.128	2.332	1.856	1.872	2.096	1.832	1.924	2.164	2.116	2.852	2.372	2.560	2.316	2.292	2.248	2.312	2.096	2.292	2.324	2.080	1.968	2.132	2.168	2.092	2.140	1.848	2.156	2.196	2.356	2.216	2.148	2.260	1.924	2.156	2.300	2.532	2.636	2.208	2.276	2.460	2.240	1.856	1.780	2.004	1.916	2.292	2.480	2.140	2.656	2.600	2.348	1.832	2.320	2.524	2.704	2.560	1.780	2.676	2.812	2.348	1.712	1.968	1.868	1.788	1.828	2.380	2.236	2.456	2.384	2.472	2.420	2.096	2.036	2.136	2.792	1.876	2.256	1.752	2.268	1.964	1.892	2.240	2.176	1.784	1.632	2.100	1.944	2.512	2.728	2.132	2.268	2.408	2.528	1.904	1.916	2.288	1.956	2.280	2.364	2.076	2.284	1.992	2.056	1.884	1.804	1.608	2.812	1.692	2.668	2.348	2.672	2.300	1.944	2.064	2.056	2.052	1.692	1.828	2.132	2.416	1.936	1.896	2.004	1.732	1.936	1.984	1.980	2.136	2.404	2.384	2.264	
2.996	2.096	2.876	1.968	2.304	2.252	2.368	2.204	2.560	2.136	2.024	1.864	2.096	2.132	2.104	2.156	2.100	1.828	2.696	2.252	2.360	2.496	2.536	2.440	2.676	2.584	2.140	2.452	2.344	2.040	1.944	2.276	2.168	2.152	2.296	2.156	2.280	2.296	2.504	2.444	2.276	2.440	2.704	2.324	2.544	2.232	2.200	2.232	2.116	2.260	2.216	2.072	2.008	2.280	2.268	2.704	2.316	2.572	2.896	2.332	2.572	2.424	2.124	2.288	2.540	2.068	2.364	2.512	2.388	2.220	2.400	2.220	2.272	2.020	2.452	2.376	2.724	2.544	2.252	2.756	2.388	2.308	2.052	2.744	2.060	1.964	2.028	2.404	2.464	2.156	2.204	2.140	2.332	2.080	2.352	2.424	2.892	2.900	1.928	2.480	2.692	2.452	2.396	2.152	2.344	2.028	2.116	2.160	2.228	1.852	1.900	2.096	2.084	2.348	2.556	3.040	2.612	2.876	2.532	2.496	2.424	1.940	2.092	1.756	2.256	1.884	1.908	2.060	2.800	2.164	1.960	2.116	2.236	2.468	2.488	2.368	2.028	2.524	2.572	2.604	
2.532	2.140	2.576	2.496	2.440	2.604	2.588	2.460	2.696	2.336	2.652	2.484	2.620	2.724	2.732	2.748	2.876	2.052	2.908	2.184	1.732	2.368	2.312	2.100	2.276	2.448	2.432	2.396	2.644	2.444	2.624	2.448	2.488	2.872	2.696	2.556	2.096	2.432	2.444	2.196	2.396	2.216	2.324	2.216	2.404	2.732	2.232	2.444	2.484	2.496	2.668	2.356	2.172	2.204	2.424	2.260	2.208	2.132	2.928	2.592	2.304	2.204	2.352	2.344	3.132	2.340	2.664	2.608	2.336	2.352	2.512	2.204	2.148	1.872	2.204	2.224	2.484	2.328	2.600	2.696	2.504	2.864	2.272	2.616	1.900	2.292	2.312	2.516	2.596	2.464	2.288	2.172	2.304	2.272	2.256	2.160	2.588	2.576	2.144	2.676	2.800	2.864	2.400	2.308	2.600	2.192	2.208	2.228	2.072	2.376	1.960	2.400	2.004	2.108	2.244	2.600	2.264	2.376	2.400	2.228	2.616	1.996	2.236	2.028	2.528	2.324	2.320	2.144	2.564	2.436	1.988	1.964	2.268	2.104	2.332	2.200	2.276	2.224	1.868	1.856	
2.296	1.976	2.388	2.112	2.084	2.116	2.428	2.800	2.288	2.324	2.648	2.576	2.252	2.528	2.488	2.580	2.504	2.124	2.740	2.520	2.716	1.840	2.272	1.880	2.256	2.232	1.968	2.480	2.420	2.380	2.636	2.668	2.244	2.352	2.556	2.528	2.216	2.344	2.700	2.188	2.092	2.560	2.940	2.372	2.384	2.380	2.020	2.288	2.084	2.448	2.284	2.628	2.232	2.136	2.360	2.436	2.280	2.252	2.952	1.892	2.588	2.720	2.788	2.620	2.532	2.180	2.716	2.224	2.092	2.204	2.624	2.268	1.748	1.588	2.224	2.252	2.736	2.264	2.632	2.556	2.328	2.516	2.468	2.808	2.372	3.076	2.580	2.508	2.172	2.240	2.184	2.696	2.212	2.216	2.296	2.636	2.556	2.748	2.064	2.204	2.760	2.716	2.072	2.644	2.668	2.404	2.508	2.656	2.420	2.292	1.964	1.900	2.472	2.556	2.188	2.860	2.456	2.476	2.692	2.304	2.288	2.096	2.600	2.368	2.300	2.188	2.444	2.612	2.812	2.588	2.008	2.208	2.344	2.196	1.712	1.904	2.260	2.612	2.256	2.544	
1.960	1.568	2.656	2.300	2.216	2.052	1.940	2.372	2.412	2.800	2.280	2.508	2.372	2.228	2.628	2.440	2.668	2.356	2.948	2.188	2.992	1.676	2.156	2.364	2.208	2.256	2.472	2.344	2.360	2.488	2.436	2.232	2.112	2.120	2.340	2.496	2.888	2.532	2.728	2.392	2.012	2.332	2.148	2.384	2.424	2.348	2.508	2.592	2.264	2.372	2.560	2.128	2.172	2.104	2.572	2.440	2.604	2.632	3.044	2.064	2.156	2.264	2.356	2.248	2.780	2.656	2.600	2.460	2.224	2.244	2.228	2.444	2.396	1.704	2.572	2.468	2.536	2.468	2.508	2.432	1.952	2.248	2.100	2.372	1.980	2.188	2.480	2.172	1.860	2.040	2.136	1.768	2.308	2.376	2.700	2.428	2.728	2.736	1.916	2.376	2.524	2.708	1.628	2.040	2.964	2.256	2.204	2.032	2.108	2.172	1.808	1.848	2.024	2.388	1.828	2.676	2.468	2.588	2.440	2.432	2.320	2.324	2.040	1.824	2.128	2.128	2.384	2.484	2.564	2.196	1.660	1.712	1.768	1.704	1.752	2.304	2.300	2.288	2.144	2.180	
2.480	2.448	2.768	2.040	1.980	2.104	1.968	2.148	2.064	2.592	2.260	2.104	2.456	2.460	2.476	2.124	2.888	2.220	2.836	2.464	2.984	1.592	2.084	1.952	1.840	1.964	1.968	2.336	2.340	2.520	2.608	2.832	2.320	2.672	2.332	2.148	2.272	2.548	2.428	2.316	2.652	2.436	2.216	1.856	2.092	2.032	1.916	2.564	2.300	1.908	2.520	2.652	2.328	1.808	2.540	2.376	2.584	2.612	2.872	2.008	2.196	2.176	1.820	2.068	2.800	2.148	2.108	2.140	2.024	2.108	2.152	2.104	2.108	2.020	2.032	2.280	2.140	2.300	2.456	2.644	2.420	2.552	2.168	1.700	1.520	2.116	2.124	2.008	1.912	2.116	1.952	2.224	1.980	1.780	2.528	2.148	1.908	2.424	1.976	2.404	2.496	2.616	1.940	2.056	2.868	2.384	2.304	2.132	1.716	1.796	1.756	2.124	1.832	2.124	1.984	2.572	1.704	2.468	2.292	2.228	2.668	2.384	2.136	2.016	2.496	2.132	2.204	2.352	2.932	2.232	1.768	1.924	1.668	2.140	1.784	2.072	2.160	2.104	2.244	2.196	
2.372	1.972	2.576	2.400	2.140	2.248	2.064	2.028	2.116	2.356	2.268	2.320	2.488	2.240	2.468	2.464	2.816	2.100	2.976	2.032	2.724	1.612	2.164	1.992	2.124	2.056	1.892	2.200	2.512	2.416	2.392	2.364	2.284	2.616	2.672	2.300	2.404	2.576	2.440	2.168	1.944	2.108	2.296	1.780	2.136	2.744	2.384	2.504	2.564	2.496	2.356	2.356	2.128	2.452	2.556	2.692	2.512	2.876	2.984	2.404	2.164	2.280	1.884	2.052	2.956	2.620	2.488	2.620	2.472	2.220	1.904	2.468	2.032	2.336	2.556	2.380	2.420	2.840	2.772	3.112	1.832	2.268	2.140	2.024	1.748	2.236	2.444	2.596	2.352	2.264	1.960	2.192	1.960	1.744	2.648	2.348	2.408	2.716	1.932	2.644	2.396	2.948	1.940	2.480	2.824	2.132	2.308	2.264	2.144	2.132	2.012	2.092	2.124	2.328	2.504	3.088	2.032	2.184	2.328	2.412	2.428	2.316	2.100	2.244	2.400	2.152	2.296	1.960	2.728	2.404	2.084	2.144	2.572	2.452	2.036	2.280	2.416	2.616	2.212	2.056	
2.400	1.964	2.384	1.672	1.892	1.532	2.344	2.492	2.572	2.688	2.348	2.024	2.428	2.192	1.864	1.808	2.408	1.732	2.540	2.492	2.700	2.120	2.088	2.232	1.792	2.048	2.236	2.512	2.652	2.284	2.352	2.100	2.192	2.160	2.192	2.028	1.824	2.204	2.320	2.040	1.956	2.304	2.496	2.368	2.420	2.112	2.288	2.460	2.584	2.296	2.184	2.612	2.024	2.024	2.160	1.824	2.380	2.248	2.628	1.992	2.224	2.612	2.308	2.312	2.824	2.344	2.140	2.520	2.268	1.968	1.836	2.200	1.960	1.648	2.132	1.864	2.144	2.352	2.128	2.512	2.144	2.172	2.568	2.016	2.060	2.284	2.248	2.128	2.164	2.052	2.112	2.164	1.840	1.760	2.724	2.472	1.580	2.564	1.780	2.004	2.524	2.600	1.596	2.152	2.052	2.008	2.144	2.084	2.280	2.356	2.312	2.184	2.284	2.332	2.240	2.708	2.196	2.256	2.076	1.864	2.744	2.248	1.996	2.012	1.900	2.224	1.772	1.928	2.312	2.196	1.868	2.184	2.328	2.276	2.028	2.156	2.124	2.292	2.116	1.936	
2.356	1.704	2.496	2.236	2.168	2.016	1.880	2.324	2.256	2.444	1.948	2.600	2.172	2.200	2.444	2.564	2.456	2.052	2.852	2.600	2.360	2.320	2.304	2.288	2.440	1.944	2.332	2.260	2.212	2.040	2.072	2.144	2.100	2.252	2.232	2.560	2.740	2.648	2.740	2.096	2.152	2.064	2.112	2.440	2.496	2.284	2.060	1.976	2.408	2.532	2.320	2.412	2.232	2.144	2.348	2.300	2.512	2.768	2.952	2.500	2.216	2.296	2.332	2.508	2.396	2.104	2.140	2.016	2.332	2.608	2.364	2.184	2.376	2.100	2.192	2.232	2.012	2.216	2.512	2.524	1.956	2.524	2.116	1.612	1.860	2.368	2.256	2.312	2.016	2.628	2.324	2.344	1.720	1.880	2.884	2.820	2.068	2.876	1.976	2.544	2.364	2.560	1.820	1.972	2.864	2.192	2.000	2.164	2.296	2.148	1.752	2.008	2.056	2.328	2.364	2.904	1.752	2.440	2.496	2.288	2.272	2.480	2.076	1.768	2.248	2.156	2.128	1.964	2.184	2.108	1.848	2.068	1.928	2.340	2.184	2.356	2.384	2.360	2.200	2.264	
2.692	2.120	2.560	2.084	2.440	1.944	1.848	1.984	2.092	2.056	2.312	2.680	2.552	2.144	2.004	2.204	2.808	2.044	2.740	2.216	2.352	2.300	2.516	2.508	2.500	2.412	2.392	2.412	2.384	2.412	2.440	2.176	2.128	2.276	2.296	2.592	2.188	2.136	2.152	1.764	2.312	2.480	2.508	2.512	2.540	2.656	2.560	2.932	2.464	2.092	2.332	1.996	1.908	2.008	2.300	2.248	2.296	1.988	2.692	2.092	2.408	2.352	2.160	2.716	3.388	3.060	2.392	2.580	2.392	1.780	2.120	1.880	1.848	1.924	2.196	2.180	2.204	2.064	2.180	2.320	2.224	2.604	2.308	2.260	2.236	2.352	2.672	2.492	2.532	2.560	1.936	2.204	1.912	1.580	2.364	2.180	2.028	2.360	1.592	1.848	3.012	2.584	1.920	2.304	2.908	2.564	2.540	2.540	2.284	2.428	2.412	1.412	2.056	1.844	2.172	2.576	1.628	1.776	1.972	2.144	2.220	2.112	1.952	2.096	2.528	2.184	2.012	2.016	1.948	2.228	2.420	2.044	1.564	2.156	1.976	2.340	2.452	1.972	1.944	1.972	
3.256	2.448	3.064	2.556	2.612	1.908	2.092	1.980	2.480	2.488	2.248	2.520	2.444	2.636	2.340	2.196	2.700	2.300	2.728	2.124	2.664	2.432	2.240	2.768	2.312	1.980	2.296	2.208	2.148	2.312	2.188	2.240	2.328	2.736	2.672	2.356	2.100	2.428	2.436	2.072	2.680	2.756	2.524	2.476	2.620	2.516	2.388	2.348	2.236	1.996	2.148	2.244	2.308	2.180	2.592	2.468	2.160	2.500	2.812	2.320	2.616	2.644	2.804	2.776	3.152	2.372	2.336	2.084	2.172	2.460	2.244	2.240	2.144	1.684	2.092	1.936	2.116	2.352	2.308	2.524	2.180	2.620	2.876	2.280	2.332	2.144	2.464	2.488	2.056	2.244	1.948	2.156	2.040	1.588	2.328	2.292	1.816	2.232	1.904	2.148	3.056	2.988	2.144	2.044	2.764	2.192	2.108	2.348	2.344	2.352	2.140	1.856	1.856	2.164	1.996	2.584	1.380	2.204	2.088	2.180	2.756	2.508	2.348	2.048	2.180	2.172	1.976	1.796	1.804	2.076	1.844	1.632	1.772	1.744	1.812	2.156	2.300	2.060	2.040	2.076	
2.972	2.144	3.164	2.456	2.180	2.032	1.896	2.056	1.736	1.964	2.232	2.076	2.052	2.308	1.844	1.820	2.328	2.432	2.956	2.420	2.512	2.820	2.572	2.900	2.360	2.108	1.788	2.164	1.768	2.128	1.848	1.840	1.756	2.216	2.248	2.284	2.360	2.556	2.212	2.288	2.488	2.484	2.740	2.720	2.580	2.500	1.996	2.360	1.836	1.836	2.132	2.076	1.608	2.016	2.320	2.240	2.160	2.676	2.696	2.184	2.284	2.588	2.740	2.688	2.960	2.292	2.424	2.100	2.192	1.864	2.080	1.684	1.576	1.736	2.056	2.136	1.856	2.348	2.056	2.744	2.272	2.428	2.116	2.312	1.960	2.344	2.392	2.460	2.268	2.020	1.880	2.584	1.632	1.360	2.452	2.448	1.976	2.552	1.596	2.404	2.704	3.000	2.032	2.396	2.892	2.276	2.208	2.284	2.200	1.968	2.224	2.084	1.304	1.892	2.184	2.552	2.060	2.280	2.132	2.624	2.280	2.200	2.108	2.100	2.216	2.240	2.152	1.844	1.996	1.904	1.948	1.652	2.064	1.624	1.972	1.956	1.960	2.552	2.292	1.844	
2.468	2.136	2.400	2.268	2.012	2.296	1.784	2.172	2.040	2.096	2.308	1.956	2.008	2.440	2.176	2.332	2.384	2.092	2.392	2.356	2.208	2.056	2.156	1.912	1.956	1.904	1.828	1.928	2.172	2.364	2.124	2.156	2.412	2.324	2.572	2.564	2.204	2.212	2.176	2.140	2.144	2.632	2.240	2.176	2.208	2.376	2.028	1.860	1.684	1.896	2.056	2.048	1.860	2.172	2.504	2.276	2.316	2.312	2.380	2.492	2.500	2.328	2.300	2.384	2.412	2.136	1.976	1.764	1.600	1.884	2.136	1.668	2.204	2.048	2.172	1.960	2.192	2.444	2.396	2.356	2.056	2.384	2.144	2.064	1.616	1.764	2.140	2.348	2.200	1.992	2.308	2.516	1.920	2.160	2.232	2.592	2.192	2.564	1.976	2.160	2.656	2.592	1.684	1.960	2.496	1.916	2.244	2.108	2.564	2.356	2.048	2.100	1.880	1.512	2.012	2.848	1.788	2.520	2.640	2.176	2.360	2.080	2.412	1.768	2.184	1.652	2.020	1.880	1.784	2.112	1.940	1.940	1.936	1.920	1.992	1.892	2.228	2.200	2.372	2.552	
2.672	1.672	2.160	1.912	2.152	2.060	1.924	2.228	2.268	2.628	2.536	2.232	1.984	1.968	2.200	2.120	2.624	1.948	2.484	2.360	2.268	1.828	1.996	2.448	2.516	2.216	2.152	2.196	2.200	2.048	1.976	2.064	1.932	1.796	2.404	2.352	2.672	2.264	2.316	2.136	2.440	2.684	2.528	2.188	2.216	2.376	2.276	2.472	2.160	2.024	1.860	2.100	1.652	2.316	2.344	2.500	2.660	2.652	2.872	2.144	2.732	2.520	2.040	2.164	2.860	2.488	2.044	2.224	2.108	1.736	1.968	1.888	2.080	2.348	2.492	2.320	2.220	2.424	2.168	2.456	2.512	2.320	2.676	2.364	1.836	2.460	2.416	1.860	1.948	1.828	2.148	2.416	1.536	2.236	2.440	2.060	2.448	2.316	1.708	1.768	2.432	2.736	1.756	2.256	2.844	2.276	1.964	2.032	2.264	2.164	2.028	1.984	2.100	1.592	2.192	2.188	2.332	2.648	2.128	2.512	2.252	1.888	2.332	2.188	2.216	2.560	2.008	2.344	2.204	2.136	1.856	2.032	2.144	2.024	2.128	1.964	1.876	1.812	2.072	2.172	
2.752	1.896	2.444	2.156	2.284	1.924	2.032	2.324	2.188	2.248	2.700	2.472	2.400	2.452	2.124	2.136	2.460	2.152	2.756	2.020	2.440	2.504	2.272	2.472	2.368	2.452	2.108	2.344	2.532	2.432	2.264	2.688	2.284	2.284	2.024	2.356	2.456	2.336	2.488	1.908	2.456	2.632	2.548	2.360	2.660	2.568	2.500	2.796	2.472	2.568	2.344	2.120	2.516	2.100	2.216	2.200	2.416	2.480	3.148	2.220	2.520	2.588	2.684	2.884	3.124	2.580	2.272	2.264	2.568	2.444	2.588	2.236	2.508	2.220	2.164	2.620	2.560	2.740	2.144	3.096	2.424	2.676	2.632	2.336	2.336	2.136	2.264	2.544	2.360	2.312	2.704	3.236	2.136	2.412	3.024	2.740	2.772	2.524	1.932	2.400	3.076	3.276	2.528	2.664	2.972	2.208	2.280	2.272	2.524	2.604	2.688	2.152	2.536	2.124	2.508	2.788	2.660	2.700	2.372	2.688	2.704	2.348	2.984	2.348	2.564	2.080	1.904	2.216	1.876	2.180	2.232	1.876	2.152	2.248	2.404	2.496	2.080	1.932	2.220	2.688	
2.472	1.924	2.848	2.132	2.008	1.824	1.588	1.740	1.708	1.764	1.916	1.980	1.924	2.052	2.436	2.240	2.364	1.688	2.324	2.140	2.260	1.828	2.168	1.840	2.288	1.852	1.552	1.884	1.788	1.972	1.804	1.848	1.868	1.876	1.808	1.988	1.740	2.476	2.356	2.220	1.884	2.308	2.168	2.060	2.176	2.184	2.024	1.904	2.140	2.164	2.048	1.820	1.864	1.924	2.012	1.816	2.296	2.432	2.780	2.380	2.384	1.964	1.940	2.116	2.364	1.984	2.004	2.160	2.268	2.092	1.932	1.648	2.000	2.212	2.204	2.372	2.416	2.456	2.316	2.600	2.160	2.296	2.136	1.856	1.280	1.624	1.828	1.864	1.936	1.948	2.464	2.384	1.480	2.216	2.796	2.276	2.072	2.204	2.088	2.316	2.516	2.228	1.644	1.564	2.224	1.880	1.828	1.872	2.120	1.876	1.852	2.280	2.184	1.720	2.128	2.496	2.400	2.540	2.036	2.144	2.068	1.768	1.432	1.656	2.020	1.616	1.804	1.868	1.896	1.616	1.868	1.708	2.156	1.972	2.020	2.152	1.948	1.840	1.968	2.260	
2.260	2.092	2.572	1.860	2.264	1.504	1.884	1.876	1.872	2.024	1.980	2.128	2.084	2.100	2.048	1.984	2.308	1.936	2.944	2.240	2.140	2.028	2.236	2.428	2.264	1.936	2.068	1.980	2.168	2.044	2.148	2.200	2.208	1.688	1.744	2.148	2.252	2.020	2.556	2.496	1.888	2.152	2.212	2.524	2.756	2.428	1.880	2.052	2.240	2.228	2.256	1.964	1.776	1.960	2.100	1.880	2.120	2.508	2.940	2.688	2.340	2.476	2.176	2.272	2.668	2.408	1.664	2.248	2.208	1.628	2.372	1.392	1.816	2.284	1.908	2.296	2.232	2.280	2.476	2.868	1.996	2.288	2.240	1.812	1.828	1.784	1.824	1.904	2.404	2.036	2.032	2.292	1.408	2.384	2.484	2.272	2.388	2.692	2.064	2.612	2.288	2.660	1.764	1.956	2.448	1.900	2.060	1.744	2.020	2.180	2.084	2.076	1.976	1.924	2.180	2.700	2.460	2.864	2.512	2.368	2.356	2.680	2.192	2.016	2.048	2.092	1.852	2.060	1.780	1.888	1.848	1.664	1.932	2.056	2.200	2.384	2.020	2.076	2.356	2.520	
2.808	2.312	3.028	2.104	2.036	1.728	1.744	2.032	2.160	2.448	2.536	1.952	2.392	2.228	2.420	1.972	1.928	2.092	2.664	2.544	2.420	2.304	2.504	2.384	1.920	1.896	1.920	2.168	2.168	2.284	2.072	2.040	1.920	2.132	2.300	2.208	2.260	2.388	2.184	2.216	2.004	2.224	2.220	2.160	2.092	1.728	1.868	1.756	2.132	2.352	1.856	1.968	1.992	1.808	2.160	2.448	2.260	2.592	2.876	2.504	2.108	2.272	2.152	1.760	2.224	2.012	1.992	1.984	2.008	1.920	1.800	1.728	1.968	2.236	2.256	2.684	2.380	2.416	2.600	2.692	1.948	2.468	2.296	1.772	1.836	1.964	1.968	1.868	1.796	1.848	1.972	2.244	1.484	2.640	2.260	2.088	2.412	2.420	2.004	2.840	2.424	3.036	1.692	1.812	2.700	2.280	1.976	1.768	1.820	1.948	1.880	2.160	2.044	1.676	2.092	2.124	2.168	2.920	2.212	2.348	2.296	2.720	2.280	2.180	2.192	2.156	1.812	2.012	1.544	1.940	1.804	1.992	2.080	1.916	2.080	2.332	2.692	2.364	1.716	2.376	
3.104	2.260	2.940	2.540	2.296	2.656	2.252	2.396	2.012	2.096	2.484	2.000	2.308	2.364	2.204	2.488	2.680	1.928	2.632	2.552	2.788	2.528	2.656	2.528	2.460	2.080	2.188	2.460	2.048	2.076	2.024	1.812	1.660	2.364	2.716	2.756	2.256	2.364	2.576	2.112	2.328	2.144	2.668	2.476	2.496	2.284	2.256	2.240	2.440	2.136	1.976	1.784	2.308	2.408	2.712	2.432	2.440	2.376	2.220	2.380	2.432	2.580	2.532	2.552	3.212	2.508	2.280	2.332	2.080	1.640	1.952	2.128	2.236	2.488	2.476	2.568	2.260	2.432	2.280	2.592	2.264	2.544	2.888	2.380	1.960	2.280	2.052	2.272	2.016	1.896	1.692	2.060	1.504	2.344	2.516	2.168	2.256	2.364	1.872	2.536	2.244	2.860	2.336	2.200	2.760	2.228	1.580	1.740	1.844	1.848	1.736	1.396	1.900	1.776	2.132	2.308	2.420	2.668	2.220	2.152	2.588	2.684	2.336	2.092	2.436	1.916	1.444	1.920	1.724	1.660	1.472	1.804	1.772	1.908	2.108	2.396	2.360	2.248	1.964	1.936	
2.416	2.248	2.696	2.252	2.408	2.192	2.288	2.408	2.308	2.548	2.480	2.440	2.236	2.108	1.892	2.100	2.524	2.072	2.932	2.384	2.624	2.420	2.464	2.572	2.384	2.700	2.736	2.260	2.272	2.416	2.404	2.248	2.336	2.216	2.356	2.368	2.224	2.508	2.696	2.324	2.548	2.284	2.292	2.500	2.500	2.476	2.568	2.524	2.184	2.292	2.676	2.324	2.216	2.396	2.428	2.580	2.656	2.444	2.788	2.664	2.324	2.396	2.412	2.244	2.764	2.296	2.252	2.324	2.676	2.232	2.144	2.100	2.404	2.436	2.400	2.420	2.168	2.660	2.556	2.800	2.292	2.280	2.836	2.028	1.788	2.440	2.280	2.448	2.208	2.252	2.300	2.312	1.576	2.600	2.052	2.376	2.656	1.940	1.656	2.276	2.416	2.080	1.940	2.544	2.528	2.268	2.216	2.148	2.272	2.096	2.264	2.036	2.220	1.872	1.884	2.640	2.088	2.720	2.364	2.608	2.160	2.120	1.888	2.044	2.152	2.084	2.204	2.020	1.964	2.240	1.868	1.936	2.040	2.080	2.088	2.240	2.456	1.880	2.000	2.620	
2.592	1.976	1.952	1.636	1.800	1.828	2.064	2.096	1.844	2.288	1.988	2.164	2.720	2.080	2.164	2.460	2.712	2.320	3.240	2.824	2.216	2.400	1.988	2.288	1.960	2.000	1.868	2.076	2.396	2.484	2.332	2.480	2.272	2.152	2.356	2.428	2.608	2.860	2.752	2.408	2.256	2.360	2.364	2.484	2.248	2.096	1.848	2.092	2.456	2.132	2.404	2.192	2.416	2.364	2.112	2.160	2.416	2.620	3.024	2.372	2.256	2.388	2.612	2.540	2.680	2.064	2.092	2.324	2.508	2.268	2.280	2.284	2.564	2.440	2.488	2.648	2.540	2.536	2.396	3.180	2.140	2.560	2.752	1.624	1.856	1.928	1.980	2.084	2.052	2.240	2.084	2.820	1.908	2.832	2.728	2.184	2.800	2.408	2.036	2.460	2.220	1.760	2.056	2.560	2.452	1.984	2.304	2.152	2.000	2.168	2.412	2.820	2.892	2.068	2.376	2.692	2.904	2.736	2.688	2.464	2.392	1.828	1.476	2.216	2.712	1.972	1.864	2.344	2.220	2.348	2.700	2.312	2.220	2.640	2.556	2.476	2.216	1.900	2.104	2.440	
2.772	1.708	2.584	2.056	2.308	1.820	2.036	2.188	2.548	2.116	1.760	2.116	2.400	2.344	2.404	2.864	2.948	2.516	2.916	2.552	2.536	2.344	2.076	2.384	2.384	2.280	2.196	2.548	2.296	2.272	2.200	2.076	1.904	2.664	2.608	2.588	2.376	2.324	2.656	1.756	2.104	2.116	2.156	2.316	2.264	2.504	2.100	2.036	2.332	2.112	2.108	1.956	2.260	2.188	2.328	2.416	2.112	2.556	3.072	2.136	2.352	2.092	2.048	1.996	2.568	2.008	2.292	2.000	2.120	2.188	2.216	2.284	2.736	2.504	2.336	2.560	2.380	2.612	2.216	2.752	2.132	2.200	2.600	1.588	1.596	2.028	2.072	2.364	2.124	1.812	2.304	2.468	1.620	2.744	2.280	2.108	2.412	2.148	1.632	2.308	2.236	2.140	2.384	2.304	2.268	2.064	1.912	1.988	2.104	1.924	2.364	2.196	2.828	1.712	2.104	2.192	1.932	2.440	2.136	2.436	1.944	2.128	2.028	2.144	2.512	1.848	1.848	1.960	1.720	2.016	1.712	1.972	2.148	2.472	2.384	1.996	2.196	2.096	1.784	2.200	
2.792	1.888	2.856	2.368	2.300	2.316	2.052	2.228	2.292	2.472	2.452	2.584	2.220	2.340	2.532	2.592	2.840	2.028	2.500	2.068	2.768	2.280	2.636	2.544	2.324	2.180	2.452	2.396	2.384	2.036	2.448	2.568	2.652	2.356	2.648	2.636	2.588	2.396	2.544	2.108	2.372	2.636	2.572	2.600	2.768	2.452	2.592	2.644	2.816	2.092	2.520	2.528	2.496	2.256	2.816	2.892	2.492	2.188	2.864	2.336	2.940	2.628	2.500	2.400	2.816	2.636	2.340	2.116	2.480	2.364	2.796	2.524	2.760	2.708	2.536	2.708	2.232	2.824	2.416	2.444	2.624	2.364	2.964	2.076	2.004	2.100	2.364	2.292	2.144	2.576	2.092	2.676	2.064	2.848	2.300	2.268	2.356	2.016	1.928	2.544	3.320	2.284	1.460	2.420	2.144	1.984	1.928	2.276	2.124	1.920	2.944	2.456	2.452	1.916	2.060	2.620	2.104	2.444	2.256	2.352	3.068	2.260	2.056	1.900	2.228	1.788	1.880	1.712	1.676	1.852	2.208	2.288	2.232	2.544	2.040	2.272	2.676	2.008	1.708	1.788	
2.452	1.948	2.060	2.200	1.908	2.208	2.172	2.416	2.252	2.092	2.520	2.484	2.448	2.736	2.136	2.040	2.332	1.752	2.268	2.052	2.260	2.096	2.324	2.248	2.256	2.064	2.312	2.180	2.140	2.452	2.428	2.352	2.400	2.596	2.116	1.952	2.236	1.848	2.056	1.900	1.932	2.112	2.220	2.196	2.396	2.304	2.136	2.552	2.332	2.288	2.444	2.372	2.532	2.056	2.412	2.136	2.284	2.536	2.680	1.748	2.424	2.440	2.260	2.104	2.848	2.324	2.324	2.748	2.208	2.564	1.888	2.308	2.584	2.416	2.452	2.272	2.092	2.332	2.232	2.456	2.172	2.636	2.748	2.088	1.652	2.216	2.152	2.052	1.900	2.036	1.612	2.204	1.628	2.584	1.852	1.856	2.356	2.124	2.056	2.080	2.520	2.024	2.308	2.176	2.368	2.404	2.220	1.876	1.800	2.180	2.628	2.104	2.004	1.028	1.672	2.152	2.068	2.292	2.092	2.296	2.484	2.520	2.136	2.316	2.652	2.360	2.020	2.068	2.248	2.032	1.880	2.128	2.108	1.908	2.088	2.048	2.056	1.972	1.680	2.208	
2.620	1.748	2.528	2.264	2.312	2.140	2.224	2.232	2.004	1.916	2.104	2.292	2.604	3.044	2.924	2.208	2.768	2.244	2.620	2.408	2.396	2.348	2.428	2.272	2.152	2.308	2.456	2.376	2.328	1.956	2.168	2.476	2.104	2.836	2.096	2.224	2.204	2.580	2.344	2.492	2.292	2.272	2.424	2.500	2.524	2.484	2.336	2.480	2.392	2.356	2.344	2.544	2.276	2.280	2.376	2.248	2.256	2.420	2.740	2.376	2.588	2.304	2.512	2.188	2.760	2.288	1.872	2.116	2.036	2.212	2.132	1.704	2.016	1.904	2.160	2.480	2.480	2.564	2.468	2.264	2.320	1.984	2.456	2.044	1.300	1.872	1.828	1.984	1.832	1.816	1.876	2.252	1.628	1.752	2.004	2.116	1.832	2.372	1.768	2.032	2.612	1.880	1.864	1.980	2.360	1.816	1.740	1.556	1.764	1.820	2.344	2.484	2.320	1.408	2.520	3.012	2.164	2.664	2.056	2.152	2.020	2.144	2.092	1.916	2.344	2.500	1.576	1.968	1.916	1.980	1.680	1.960	2.492	2.352	2.004	2.300	2.440	2.124	2.164	2.304	
2.924	2.112	2.820	2.412	2.272	1.464	1.876	2.176	2.120	2.100	2.340	2.028	2.176	1.840	2.112	2.128	2.340	1.792	2.808	2.636	2.448	2.780	2.856	2.488	2.308	1.892	1.872	2.000	1.812	1.848	1.772	2.144	1.936	2.092	2.200	2.360	2.468	2.368	2.392	2.132	2.500	2.404	2.264	2.612	2.668	2.312	2.152	2.028	1.984	2.360	2.120	2.276	2.480	2.444	2.048	2.268	2.396	2.384	2.728	1.768	2.336	2.388	2.460	2.148	2.636	1.992	1.924	1.736	1.808	2.096	1.656	2.368	2.616	2.564	2.472	2.460	2.196	2.152	2.236	2.316	2.160	2.100	2.940	2.320	1.704	1.840	1.960	1.452	2.040	1.780	1.852	1.976	1.472	2.788	2.404	2.264	2.732	2.124	1.596	2.016	2.424	2.180	2.100	2.068	1.856	1.928	2.108	1.812	1.676	1.860	1.940	2.132	2.516	1.844	2.044	2.404	2.152	2.500	1.844	2.284	2.192	1.968	2.128	2.176	2.564	2.152	2.184	1.848	2.044	1.940	2.304	2.124	1.676	2.328	1.948	1.928	2.012	1.800	2.520	2.144	
2.808	2.140	2.584	2.440	2.548	2.260	2.088	2.084	2.320	2.096	2.352	2.376	2.432	2.028	2.032	2.176	2.440	2.028	2.692	2.332	2.456	2.380	2.464	2.564	2.432	2.016	2.052	2.112	2.256	2.092	2.196	2.408	2.352	2.288	2.312	2.212	2.344	2.492	2.916	2.448	2.424	2.164	2.420	2.744	2.256	2.752	2.012	2.216	2.056	2.100	2.264	2.104	2.048	2.260	2.408	2.268	2.688	2.640	2.856	2.376	2.444	2.212	2.300	2.476	2.624	2.484	1.708	2.320	2.316	1.908	2.020	1.908	2.212	2.592	2.696	2.576	2.356	2.532	2.236	2.760	2.100	2.364	2.556	1.816	1.824	1.688	1.712	1.912	2.064	2.024	1.868	1.928	1.528	2.464	2.312	2.028	2.392	2.396	1.896	2.392	2.380	1.860	1.780	2.200	1.912	1.720	1.968	1.872	1.936	2.336	2.028	1.988	2.188	1.724	1.712	2.912	1.736	2.360	2.576	2.120	2.588	2.224	2.064	1.936	2.356	2.252	1.716	1.744	2.248	1.852	2.384	1.864	1.916	2.240	1.828	2.208	2.152	2.064	2.152	1.884	
2.720	2.148	2.752	2.376	2.044	2.180	2.116	2.236	2.204	2.248	2.400	2.376	2.644	2.312	2.524	2.304	2.468	2.060	2.464	2.604	2.444	2.564	2.304	2.016	2.500	1.960	1.876	1.892	1.708	2.016	2.024	2.140	2.220	2.508	2.472	2.380	2.584	2.564	2.480	2.492	2.140	2.608	2.616	2.440	2.000	1.948	2.164	1.640	1.688	2.120	2.044	2.184	2.264	2.584	2.664	2.312	2.296	2.456	2.904	2.400	2.360	2.500	2.352	1.876	2.212	2.848	1.912	1.964	2.160	1.892	1.656	1.752	2.692	2.632	2.680	2.700	2.236	2.520	2.312	2.912	2.416	2.328	2.996	1.844	2.184	2.460	1.868	2.060	2.136	1.920	1.804	1.792	1.428	2.388	2.200	1.968	2.384	2.248	2.172	2.384	2.320	2.528	2.220	2.352	2.340	2.276	1.888	1.892	1.932	1.824	2.012	1.944	1.784	1.996	1.860	2.248	1.524	1.852	2.324	2.396	2.320	2.328	2.356	2.444	2.432	2.348	1.748	1.932	1.856	1.584	1.856	2.180	2.236	2.052	2.132	1.672	1.924	2.076	2.288	2.616	
2.560	1.800	2.136	2.140	2.048	1.944	2.028	1.856	2.340	2.144	1.824	2.332	2.316	2.544	2.256	2.444	2.476	1.716	2.452	1.960	2.588	2.172	1.960	2.140	2.440	1.892	2.148	2.116	2.084	1.876	2.448	2.388	2.444	2.184	2.344	2.068	2.112	2.156	2.060	2.016	2.064	2.644	2.608	2.228	2.492	2.792	2.148	2.264	2.116	2.084	2.056	2.152	2.268	2.388	2.488	2.460	2.044	2.076	2.876	2.156	2.556	2.488	2.272	2.324	2.296	2.972	1.892	2.064	2.160	2.316	2.044	2.012	2.240	1.948	2.228	2.216	2.268	2.444	2.188	2.468	2.252	2.540	2.760	1.836	2.164	2.420	2.272	2.708	2.088	2.272	2.132	2.020	2.140	2.204	2.396	2.240	2.516	2.620	2.316	2.492	2.820	2.284	2.168	2.284	2.512	2.064	2.196	2.352	2.400	2.196	1.812	2.172	2.136	2.336	2.336	2.772	1.584	2.000	2.252	2.648	2.664	2.300	2.196	1.940	2.324	2.168	2.140	2.220	2.276	2.376	1.988	2.340	2.304	2.316	2.124	2.056	2.412	2.500	2.312	2.404	
2.816	2.400	3.008	2.456	2.068	2.024	2.064	1.712	1.920	1.904	2.516	2.392	2.564	2.404	2.136	2.412	2.652	2.264	2.768	2.540	2.548	2.296	2.384	2.312	1.940	1.940	2.112	2.052	2.040	2.044	2.420	2.252	2.324	2.280	2.380	2.412	2.444	2.616	2.424	2.148	2.016	2.260	2.168	2.084	2.228	2.664	2.316	2.024	2.072	1.880	2.300	1.992	2.392	2.676	2.692	2.292	2.488	2.948	3.244	2.700	2.360	2.376	2.140	2.184	2.088	2.468	1.592	1.968	1.860	1.944	1.748	1.896	2.700	2.744	2.680	2.500	2.656	2.408	2.580	2.840	2.328	2.124	2.972	1.984	2.084	1.864	1.608	1.524	1.948	2.376	2.256	1.924	1.952	2.640	2.376	2.176	2.692	2.972	2.460	2.560	2.568	2.356	2.064	2.124	2.408	1.932	1.964	1.764	1.944	2.072	1.900	1.724	1.968	2.396	2.056	2.336	1.940	2.532	2.960	2.748	2.600	2.184	2.508	2.268	2.588	2.100	1.796	1.896	1.740	1.604	1.604	1.304	1.704	2.040	2.176	1.432	1.876	2.136	1.880	2.516	
2.248	1.968	2.476	2.364	2.316	2.400	2.412	2.184	2.108	2.644	2.176	2.080	2.316	1.932	1.676	2.124	2.304	1.808	2.396	2.020	2.216	2.456	2.536	2.372	2.772	2.380	2.544	2.300	1.896	2.172	2.220	2.292	2.136	1.796	2.064	2.148	2.468	2.304	2.048	1.768	2.184	2.304	2.460	1.992	2.340	2.544	2.700	2.252	2.200	2.040	2.176	1.852	2.944	2.408	2.044	2.220	2.536	2.408	2.768	1.924	2.660	2.272	2.352	2.176	2.200	2.456	1.564	2.028	2.036	1.612	2.048	2.008	2.848	2.528	2.372	2.404	2.560	2.428	1.952	2.616	2.628	3.144	2.812	2.292	2.064	2.172	2.064	1.948	2.032	1.956	1.936	1.920	1.988	2.248	2.112	2.300	2.284	2.928	2.148	2.196	2.852	2.252	1.960	2.372	2.492	2.076	2.072	1.936	2.276	2.112	2.100	2.252	2.272	1.900	2.368	2.448	1.804	2.576	2.596	2.716	2.608	2.316	2.116	2.352	2.608	2.412	2.140	2.408	2.376	1.820	2.064	2.112	2.064	2.232	2.476	1.928	2.280	2.260	2.048	2.912	
2.648	2.036	2.212	2.344	2.336	2.188	1.768	2.472	2.220	2.548	2.216	1.864	2.384	2.084	2.280	2.188	2.168	1.660	1.820	2.364	2.916	2.228	2.160	2.596	2.492	2.444	2.152	2.772	2.268	2.660	2.648	2.368	2.476	2.316	2.360	2.128	2.312	2.648	2.016	2.540	2.920	2.868	2.608	2.600	2.496	2.500	2.412	2.712	2.456	2.308	2.492	2.124	2.452	2.748	2.652	2.456	2.528	2.252	2.856	2.424	2.472	2.612	2.772	2.444	2.408	2.844	1.800	2.544	2.600	2.112	2.480	2.048	2.012	2.532	2.816	2.500	2.760	2.376	2.600	2.612	2.988	2.104	3.112	2.308	2.488	2.268	2.172	1.964	2.536	2.232	2.476	2.332	2.088	2.244	2.280	2.148	2.396	2.948	2.216	2.592	2.936	1.688	2.200	2.368	2.264	2.256	2.444	2.456	2.484	2.384	2.512	2.196	2.484	2.272	2.236	2.484	2.100	2.444	2.528	2.144	2.072	2.008	2.036	2.408	2.824	2.560	2.332	2.240	2.716	2.388	2.828	2.544	2.668	2.436	2.328	1.724	2.504	2.076	2.220	2.388	
2.640	2.032	2.652	2.460	2.348	2.204	1.864	2.396	2.296	2.776	2.132	2.536	1.972	2.400	2.320	2.176	2.284	2.152	2.444	2.824	2.440	2.748	2.624	2.876	2.716	2.180	2.060	2.384	2.324	2.516	2.280	2.232	2.060	1.772	2.240	2.580	2.272	2.436	1.972	2.288	2.404	2.316	2.668	2.748	2.560	2.408	1.896	2.164	2.168	2.260	2.584	1.980	2.592	2.440	1.716	2.620	2.248	2.280	2.704	2.488	2.352	2.672	2.796	2.660	2.588	2.548	1.916	1.952	2.024	2.056	2.012	2.264	2.236	2.460	2.756	2.320	2.712	2.140	2.512	2.924	2.488	2.588	2.848	2.276	2.320	1.880	2.144	2.152	2.140	2.244	2.044	2.168	2.064	2.404	1.944	1.984	2.496	2.432	2.280	2.272	2.448	1.380	1.892	2.216	2.464	2.228	2.208	2.472	2.292	2.212	1.984	2.260	1.924	2.024	2.136	2.512	1.768	1.996	2.364	2.156	1.804	1.544	1.744	1.836	2.676	2.304	2.080	2.336	1.876	2.240	2.136	1.944	2.364	2.412	2.168	2.048	2.148	1.884	1.728	1.892	
2.568	1.984	2.348	2.000	2.248	2.168	2.124	2.316	2.560	2.388	2.292	2.448	2.548	2.576	2.564	2.592	2.900	2.064	2.724	2.796	2.308	2.220	2.276	2.344	2.908	2.508	2.332	2.676	2.412	2.352	2.616	2.708	2.448	2.724	2.492	2.788	2.956	3.116	2.252	2.736	2.272	2.464	2.500	2.368	2.528	2.784	2.608	2.592	2.376	2.124	2.244	1.604	2.896	2.552	2.288	2.540	2.512	2.640	2.880	2.580	2.484	2.112	2.440	2.148	2.380	2.764	1.796	2.472	2.192	2.012	2.216	2.224	2.460	2.752	2.428	2.712	2.476	2.456	2.628	2.828	2.368	2.364	2.744	2.492	2.552	2.428	2.344	2.336	2.352	2.332	2.300	2.436	2.320	2.384	2.592	3.016	1.984	2.988	2.164	2.352	2.752	2.176	2.300	2.416	2.604	2.452	2.280	2.152	2.352	2.296	2.344	2.556	2.564	2.560	2.368	3.196	1.980	2.568	2.416	2.940	2.320	2.512	2.812	2.684	2.732	2.576	2.228	2.384	2.248	2.212	2.432	2.324	2.244	2.904	2.768	2.396	2.796	2.864	2.896	2.472	
2.484	1.888	2.796	2.608	2.548	2.460	2.116	2.268	2.492	2.208	1.976	1.952	2.268	2.208	2.432	2.388	2.888	1.836	2.616	2.504	2.460	2.688	2.476	2.352	2.552	2.420	2.064	2.200	2.280	2.284	2.408	2.240	2.304	2.372	2.328	2.412	2.612	2.924	2.352	2.488	2.208	2.384	2.480	2.704	2.552	2.888	2.492	2.280	2.160	2.148	2.420	1.892	2.492	2.388	2.316	2.560	2.564	2.680	2.952	2.388	2.536	2.964	2.616	2.676	3.080	3.156	2.132	2.440	2.352	2.112	2.024	2.224	2.264	2.392	2.336	2.400	2.308	2.800	2.928	2.552	2.404	2.600	3.388	2.816	2.404	2.280	2.428	2.316	2.780	2.108	2.108	2.140	1.904	2.292	2.376	2.388	2.616	2.512	2.064	2.532	2.536	2.484	2.404	2.684	2.624	2.376	2.432	2.448	2.392	2.024	2.372	2.144	2.320	2.268	2.264	2.740	2.224	2.204	2.512	2.372	2.100	2.412	2.468	2.244	2.968	2.552	2.268	1.952	1.896	2.400	2.028	2.112	1.960	2.244	2.136	1.588	1.808	2.228	2.200	2.556	
2.460	1.932	2.232	1.748	2.228	2.172	2.120	2.088	1.832	1.912	1.724	1.856	2.056	2.088	2.116	2.040	2.248	1.796	2.556	2.352	2.032	2.200	2.404	2.420	2.448	2.344	2.644	2.272	1.944	2.008	2.264	2.532	2.272	2.392	2.092	2.344	1.932	2.532	1.916	1.980	1.860	2.020	2.084	2.180	2.284	2.500	2.508	2.860	1.956	1.880	1.680	2.100	2.616	2.220	2.280	2.196	1.892	2.492	2.548	2.060	2.000	1.968	2.056	2.252	2.220	2.852	1.640	2.372	2.072	1.760	2.012	1.816	1.984	1.968	2.176	2.108	1.660	1.876	2.200	2.448	2.144	2.124	2.220	2.204	2.152	2.228	2.228	2.232	2.144	1.892	1.788	1.692	1.496	2.052	1.520	1.412	1.584	2.148	1.716	1.880	2.084	1.556	2.104	2.268	2.280	2.364	2.212	2.336	2.400	2.296	1.680	1.996	1.656	1.452	1.888	1.920	1.228	2.012	1.928	1.640	1.880	2.200	2.272	2.304	2.884	2.716	2.456	2.272	1.668	2.036	2.044	2.376	2.316	1.940	2.592	1.492	1.856	1.428	2.064	1.948	
2.332	1.956	2.324	1.928	1.896	2.028	1.844	2.452	2.212	2.520	1.952	1.928	2.248	2.196	2.204	2.032	2.368	1.620	2.232	2.000	2.212	2.328	1.884	2.264	2.184	2.108	2.332	2.004	2.212	2.028	2.332	2.336	2.008	2.436	2.188	2.108	2.320	2.228	2.572	2.372	1.976	2.388	2.392	2.528	2.088	2.220	2.340	2.392	1.628	2.088	1.700	1.712	2.368	2.148	2.592	2.048	2.320	2.380	3.084	2.932	2.388	2.712	2.640	2.692	2.332	2.316	1.848	2.440	2.140	2.048	2.396	1.968	2.208	1.944	2.116	1.920	2.004	2.212	2.960	2.596	2.280	2.472	2.956	2.416	2.128	1.840	2.392	1.948	2.144	1.976	2.304	2.488	2.028	2.096	2.172	2.212	1.800	2.620	1.976	2.496	2.172	2.220	2.200	2.264	2.464	2.632	2.384	2.236	2.352	2.384	2.552	2.436	2.356	2.384	2.416	2.628	1.796	2.260	2.220	2.080	2.296	2.576	2.284	2.428	3.028	2.652	2.448	2.640	2.276	2.240	2.312	2.228	2.240	2.416	2.324	1.904	2.472	2.188	2.144	1.936	
2.824	2.812	2.896	2.696	2.516	2.288	2.052	1.964	2.640	2.240	2.276	2.500	2.656	2.056	2.172	2.276	2.436	2.376	2.920	2.676	2.680	2.544	2.532	2.640	2.496	2.524	2.168	2.384	2.284	2.144	2.448	2.512	2.212	2.552	2.524	2.180	2.260	2.308	2.344	2.124	2.440	2.116	2.256	2.420	2.256	2.316	2.376	2.788	2.328	2.276	2.364	2.660	2.544	2.192	2.376	2.400	2.352	2.296	2.912	2.112	2.216	2.252	2.588	2.588	2.488	2.492	1.796	2.512	2.332	2.404	2.480	1.952	2.448	1.836	2.428	2.444	2.412	2.384	2.528	2.548	2.108	2.456	3.108	2.336	2.184	2.176	2.340	2.024	2.440	2.272	2.304	2.360	2.316	1.920	2.272	2.004	1.900	2.348	1.892	2.464	2.520	2.096	2.396	2.320	2.312	1.992	2.200	2.132	2.048	2.448	2.204	2.324	2.468	2.288	1.980	2.116	1.660	2.424	2.348	2.164	2.340	2.160	2.276	2.156	2.552	1.880	1.716	2.208	2.288	2.264	2.260	2.044	2.228	2.164	2.488	2.108	2.360	2.468	1.916	1.944	
2.528	2.048	2.768	2.012	2.412	2.304	2.300	2.172	2.308	2.256	2.388	2.136	2.100	2.296	1.916	2.108	2.152	2.136	2.268	1.816	2.740	2.320	2.492	2.620	2.556	2.680	2.316	2.236	2.168	1.804	2.408	2.228	2.780	2.068	2.308	2.068	2.016	2.280	1.924	2.008	2.564	2.592	2.512	2.612	2.392	2.652	2.368	3.124	2.212	2.232	2.444	2.132	2.452	2.288	2.084	1.988	2.080	2.028	2.460	2.020	2.816	2.584	2.512	2.688	2.412	2.588	2.028	2.760	2.244	2.192	2.048	2.076	2.424	2.244	2.096	2.544	2.444	2.140	2.368	2.524	2.508	2.832	3.092	2.716	2.496	2.512	2.328	2.384	2.280	1.992	2.028	2.272	2.264	2.460	2.212	2.176	2.408	2.384	1.876	2.072	3.108	2.380	2.812	3.044	2.604	2.564	2.320	2.144	1.964	2.056	1.728	2.132	2.040	2.212	2.044	2.240	2.224	2.684	2.356	2.216	2.300	2.204	2.428	2.496	3.008	2.440	2.400	2.196	2.024	2.344	2.032	2.516	2.592	1.908	2.456	1.860	2.700	2.012	2.188	2.364	
2.888	2.020	2.796	1.964	2.096	2.016	2.088	1.948	2.304	1.908	2.264	2.124	2.108	2.092	1.928	2.568	2.808	2.132	2.812	2.392	2.484	2.264	2.200	2.748	2.288	2.380	2.088	2.236	1.996	2.088	2.440	2.124	2.156	2.128	2.572	2.512	2.356	2.296	2.752	2.168	2.268	2.460	2.824	2.652	2.704	2.620	2.488	3.272	2.124	2.208	2.140	2.052	2.456	2.188	2.096	2.416	2.296	2.352	3.052	2.392	2.476	2.804	2.860	2.632	2.760	2.780	1.956	2.768	2.208	1.764	2.256	1.960	2.176	2.140	2.072	2.064	2.044	2.316	2.352	2.188	2.296	2.588	3.172	2.636	2.376	2.528	2.508	2.352	2.248	2.368	2.260	2.136	2.120	2.192	2.028	2.088	2.088	2.072	1.712	2.032	2.696	2.460	2.392	2.532	2.340	2.880	2.736	2.284	2.460	2.532	2.392	2.532	2.120	1.816	2.164	2.028	2.112	2.532	2.200	1.956	2.580	2.424	2.512	2.296	3.008	2.540	2.680	2.784	2.432	2.792	2.636	2.288	1.932	2.368	2.688	2.120	2.200	2.224	1.760	2.500	
3.048	2.208	3.036	2.296	2.588	2.084	2.328	1.972	2.232	2.556	2.660	2.944	2.348	2.324	2.740	2.460	2.800	2.092	2.424	2.220	2.308	2.488	2.316	2.500	2.372	2.596	1.972	2.196	2.396	2.176	2.828	2.328	2.700	2.368	2.840	2.216	2.516	2.284	2.288	2.164	2.300	2.752	2.680	2.260	2.264	2.284	2.184	2.604	2.432	2.148	2.424	2.320	2.356	2.568	2.356	2.276	2.584	2.200	2.988	2.532	2.676	2.272	2.228	2.088	2.204	2.520	1.696	2.572	3.224	2.408	2.340	2.552	2.456	2.332	1.824	2.492	2.240	2.440	2.424	2.636	2.720	2.296	2.740	2.424	2.456	2.180	1.972	2.384	2.460	2.740	2.136	2.080	2.272	2.240	2.296	2.416	2.304	2.292	1.732	2.844	3.404	1.864	2.276	2.412	2.224	2.108	1.720	2.292	2.464	2.132	2.308	2.600	1.900	2.248	2.360	2.464	2.620	2.684	2.652	2.056	2.660	2.316	2.128	2.180	2.516	1.696	1.880	1.876	2.380	2.000	2.276	2.476	2.592	2.220	2.632	2.196	2.656	2.592	2.196	2.460	
2.428	1.960	2.376	2.124	2.236	2.308	2.196	2.044	2.136	1.920	2.768	2.884	2.016	2.316	2.112	2.172	2.488	1.828	2.348	2.056	2.256	2.364	2.248	1.988	2.268	2.556	2.504	2.616	1.916	2.468	2.428	2.380	2.044	1.924	2.464	2.252	2.596	2.200	2.356	2.124	2.048	2.280	2.044	2.040	2.080	2.188	2.440	2.704	2.224	1.536	2.108	1.864	2.276	2.404	2.112	2.588	2.632	2.656	3.136	2.004	2.024	1.940	2.196	1.900	2.188	2.280	1.808	2.284	2.580	2.176	2.632	2.404	2.164	2.160	2.500	2.448	2.492	2.664	2.308	2.484	2.188	2.532	2.992	2.604	2.472	2.588	2.176	2.160	2.564	2.976	2.644	2.756	2.660	2.496	2.312	2.540	2.372	2.268	1.924	2.528	2.724	1.792	2.232	2.124	2.268	2.264	2.320	2.140	2.272	2.528	2.544	2.448	2.868	2.760	2.592	2.432	2.356	2.936	2.452	2.380	2.432	2.236	1.936	2.012	2.404	1.832	2.300	2.424	2.440	2.208	2.356	2.596	2.304	2.640	2.748	2.164	2.568	2.480	1.624	1.968	
2.388	2.164	2.456	2.076	2.232	1.872	1.648	1.684	2.328	1.820	2.208	2.432	2.260	2.232	2.012	2.328	2.924	1.908	2.428	2.104	1.972	2.012	2.116	2.204	2.084	1.772	1.960	1.960	2.284	2.496	2.304	2.096	2.012	2.136	2.128	2.600	2.408	2.536	2.312	1.896	2.616	2.076	2.004	2.232	2.020	1.952	1.932	2.336	1.904	1.388	1.892	2.600	2.088	2.180	2.312	2.352	2.148	2.452	3.156	2.128	2.652	2.328	2.472	2.284	2.068	1.780	1.872	2.076	2.520	2.580	2.088	2.240	2.272	2.448	2.420	2.220	2.528	2.568	2.396	2.804	2.452	2.444	2.872	2.212	2.292	2.160	2.464	2.276	2.348	2.488	2.304	2.000	1.864	1.956	2.288	2.488	2.264	2.184	2.056	2.704	2.556	1.648	2.512	2.336	2.332	2.320	2.300	2.100	2.204	2.468	2.444	2.180	2.356	2.164	2.240	2.604	2.480	2.860	2.320	2.464	2.280	2.376	2.276	2.268	2.864	1.876	2.212	2.548	2.308	2.420	2.092	2.284	2.072	2.128	2.540	2.148	2.556	2.176	1.972	2.244	
2.368	2.160	2.752	2.312	2.236	1.500	1.704	1.904	2.008	1.728	2.856	2.252	2.768	2.348	2.144	2.148	2.280	1.696	2.344	2.188	2.124	2.444	2.500	2.336	1.996	2.112	2.028	2.088	2.468	2.536	2.260	2.292	2.200	2.104	2.024	2.048	2.060	2.604	2.560	2.304	2.076	1.904	1.976	2.276	2.504	2.132	2.468	2.580	2.056	1.928	1.880	2.008	2.288	2.204	2.136	1.944	2.064	2.404	3.344	2.160	2.216	2.264	2.164	2.164	1.932	2.188	1.752	2.028	2.620	1.996	2.312	2.092	2.436	2.420	2.056	2.324	2.348	2.588	2.628	2.344	1.964	2.644	2.808	2.312	1.840	2.076	2.040	2.104	2.000	2.564	2.180	2.076	2.128	2.240	2.568	2.624	2.516	2.408	1.860	2.396	2.548	2.256	2.428	2.424	2.552	2.488	2.124	2.308	2.044	2.528	2.012	2.284	2.432	2.584	2.196	2.604	2.440	2.916	2.112	2.184	2.456	2.708	2.580	2.416	2.872	2.220	2.200	2.024	2.552	2.068	2.004	2.388	2.160	2.188	2.148	2.012	2.580	2.804	2.172	2.368	
2.524	1.988	2.752	2.588	2.272	2.224	1.812	1.740	1.948	1.908	2.768	2.392	2.076	2.508	2.292	2.136	2.732	2.144	2.940	2.320	2.496	2.156	2.408	2.148	2.204	2.292	1.960	2.132	1.940	2.360	2.384	2.548	2.732	2.356	2.252	2.452	2.560	2.752	2.736	2.348	2.528	2.536	2.524	2.104	1.732	2.112	2.180	2.604	1.924	1.628	2.180	2.144	2.492	2.740	2.468	2.268	2.696	3.172	3.256	2.396	2.800	2.616	2.368	1.948	2.016	1.968	1.536	2.024	2.640	2.004	2.176	2.000	2.292	2.656	2.496	2.316	2.656	2.820	2.676	2.624	2.636	2.444	3.036	2.432	2.132	1.776	1.952	1.904	2.076	2.136	2.452	2.420	2.336	2.204	2.388	2.516	2.232	2.744	2.196	2.564	2.860	1.760	2.164	2.048	2.292	1.952	1.940	1.896	2.196	2.324	2.284	2.180	2.416	2.372	2.256	2.468	2.588	2.424	2.564	2.380	2.596	2.000	2.076	1.924	2.464	2.248	1.840	1.856	2.148	1.900	2.120	1.972	2.272	2.644	2.700	2.300	2.540	2.436	1.892	2.528	
2.292	2.208	3.024	2.748	2.684	2.228	2.076	2.232	2.256	1.916	2.340	2.152	2.484	2.184	2.256	1.844	2.744	2.232	2.980	2.208	2.480	2.604	2.784	2.672	2.528	2.296	2.460	2.556	2.100	2.144	2.228	2.268	2.480	2.488	2.348	2.768	2.280	2.692	2.704	2.156	2.224	2.264	2.436	2.704	2.596	2.396	2.116	2.664	2.072	1.588	1.828	1.992	2.216	2.480	2.584	2.364	2.376	2.536	2.840	2.240	2.480	2.500	2.352	2.412	2.156	2.236	1.540	2.372	2.656	2.328	2.048	2.300	2.380	2.444	2.520	2.472	2.424	1.928	2.588	2.704	2.688	2.236	2.756	2.076	1.960	2.616	2.104	2.052	2.248	2.504	2.416	2.264	2.280	2.236	2.504	2.204	2.168	2.264	2.024	2.108	2.964	1.800	2.252	2.216	2.312	2.072	1.976	2.092	2.640	2.336	2.516	2.364	2.244	2.332	2.512	2.024	2.232	2.732	2.224	2.248	2.444	1.960	2.244	2.160	2.440	2.272	2.184	2.084	2.272	2.048	2.388	2.148	2.636	2.296	2.604	1.980	2.276	2.068	1.828	2.296	
2.964	2.308	2.632	1.924	2.352	2.236	2.344	1.664	2.212	2.008	2.368	1.876	2.496	2.004	1.636	2.120	2.420	1.912	2.544	2.512	2.508	2.552	2.096	2.472	2.348	2.424	2.384	2.936	2.348	2.164	2.168	2.436	2.428	2.312	2.280	2.312	2.296	2.248	2.620	2.384	2.288	2.412	2.704	2.848	2.308	2.356	2.396	2.724	3.300	2.312	2.156	2.612	2.928	2.376	2.360	2.024	2.556	2.776	2.864	2.496	2.900	2.632	2.696	2.760	2.344	2.884	2.372	2.832	2.988	2.788	2.576	2.564	2.228	2.516	2.332	2.780	2.744	2.500	2.232	2.544	2.256	2.580	3.016	2.472	2.536	2.452	2.328	2.796	2.880	2.548	2.632	2.300	2.564	2.304	2.372	2.372	2.308	2.196	1.916	2.220	2.956	1.964	2.584	2.524	2.484	2.496	2.124	2.680	2.680	2.652	2.208	2.320	2.460	2.452	2.656	2.532	2.392	2.684	2.220	2.204	2.636	2.272	2.448	2.412	2.976	2.048	2.212	2.056	2.420	2.440	2.468	2.592	2.168	2.248	3.180	2.152	2.368	2.440	1.908	2.172	
2.928	2.624	3.128	2.720	2.520	2.428	2.528	2.328	2.676	2.244	2.488	2.376	2.588	2.384	2.156	2.236	2.568	2.188	2.924	2.636	2.784	2.488	3.012	2.392	2.648	2.584	2.392	3.028	1.808	2.312	2.448	2.352	2.208	2.232	2.380	2.196	2.240	2.484	2.432	2.448	2.892	2.580	2.332	2.296	2.440	2.556	2.576	2.724	2.788	1.896	2.300	2.332	2.372	2.596	2.356	2.524	2.252	2.400	2.812	2.368	2.448	2.580	2.612	2.508	2.512	2.476	2.104	2.408	3.036	2.764	2.576	2.824	2.616	2.372	2.432	2.416	2.380	1.996	2.264	2.696	2.416	2.472	3.092	2.696	2.408	2.440	2.328	2.764	2.500	2.968	2.932	2.392	2.528	2.272	2.356	2.480	2.472	2.152	2.024	2.376	3.008	1.956	2.488	2.260	2.816	2.804	2.352	2.476	2.572	2.648	2.472	2.116	1.892	2.200	2.500	2.720	2.368	2.788	2.224	2.376	2.380	2.040	1.992	2.264	3.340	2.424	2.376	2.356	2.576	2.528	2.348	2.196	2.164	2.212	2.720	2.320	2.852	2.456	2.016	2.528	
2.768	2.052	2.688	2.488	2.224	2.360	2.128	2.368	2.268	2.136	2.528	2.352	1.920	2.520	2.064	2.172	2.496	1.996	2.484	2.060	2.804	2.216	2.296	2.360	2.664	2.608	2.612	2.960	2.128	2.148	2.344	2.464	2.384	2.016	2.072	2.304	1.976	2.072	1.976	1.996	2.252	3.068	2.596	2.220	2.644	2.984	2.744	2.368	2.752	1.612	2.128	1.992	2.168	1.840	2.124	1.836	2.184	2.232	2.644	1.904	2.788	2.716	2.716	2.056	2.072	2.316	1.784	2.368	2.540	2.128	1.856	1.996	1.924	1.696	1.932	1.912	2.220	2.156	2.044	2.484	2.432	2.516	3.192	2.288	2.052	2.164	2.260	2.356	2.116	2.052	1.840	1.920	1.904	1.896	1.884	2.036	1.972	1.712	1.600	2.216	2.796	2.316	2.380	2.044	2.024	2.136	2.268	2.040	1.824	1.888	2.056	1.908	2.132	1.964	1.972	1.876	2.284	2.796	2.208	2.308	2.420	1.924	1.620	2.016	2.152	2.156	2.048	2.112	1.744	1.976	2.212	1.912	1.976	2.156	2.476	1.500	2.112	2.276	1.708	2.420	
2.428	1.796	2.780	2.380	2.260	2.168	2.196	2.388	2.560	2.176	2.284	2.264	2.064	2.112	1.996	2.024	2.400	2.072	2.516	2.308	2.344	2.160	2.500	2.016	2.244	1.952	2.376	2.656	1.648	2.124	2.252	2.088	2.248	2.200	2.300	2.424	2.460	2.812	2.736	2.256	2.248	2.208	2.276	1.880	1.972	1.980	2.328	2.380	2.104	1.572	2.052	1.880	2.084	2.424	2.612	2.312	2.436	2.732	3.264	2.116	1.884	2.488	2.568	2.148	1.836	2.156	1.656	2.484	2.112	2.024	1.724	2.100	2.000	2.572	2.472	2.848	2.768	2.480	2.328	2.028	2.356	2.436	2.760	1.964	1.984	1.720	2.052	2.120	1.844	1.768	1.956	1.940	2.484	2.192	2.268	2.544	2.756	2.260	1.804	2.100	2.308	1.412	2.080	1.988	2.236	1.856	1.732	2.168	2.156	2.224	2.132	2.028	2.656	2.268	2.672	2.156	2.572	2.232	2.308	1.928	2.092	1.868	1.920	1.968	2.328	2.016	1.796	2.048	1.884	1.860	1.968	1.988	2.416	2.440	2.784	2.052	2.680	2.448	1.920	2.352	
2.436	2.168	2.556	2.364	2.440	1.940	2.128	1.932	1.968	1.720	2.360	2.300	2.264	2.232	1.924	1.952	2.288	2.300	2.972	2.384	2.200	2.304	2.768	2.264	2.176	1.776	2.168	2.680	2.060	1.948	2.068	1.900	2.084	2.352	2.012	2.056	1.960	2.492	2.552	2.240	2.228	2.420	2.200	2.164	1.916	2.112	2.352	1.968	2.140	2.324	2.140	1.932	2.216	2.484	2.588	2.184	2.372	2.428	3.016	2.400	2.688	2.280	2.380	2.040	2.144	2.536	2.164	2.600	2.364	2.160	2.160	1.824	2.304	2.316	2.244	2.368	2.420	2.416	2.456	3.000	2.312	2.516	2.512	2.188	2.292	2.000	2.296	2.336	2.064	2.100	2.332	2.392	2.000	2.160	2.236	2.288	2.080	2.696	2.204	2.584	2.996	1.836	2.068	1.980	1.944	1.972	1.972	2.432	2.372	2.392	2.300	2.008	2.140	2.140	2.168	2.060	2.180	2.692	2.692	2.400	2.584	2.280	1.712	1.540	2.732	1.940	1.928	1.768	1.816	2.120	2.124	1.504	1.868	2.476	2.820	2.224	2.472	1.988	1.836	2.276	
2.648	2.308	2.892	1.988	2.708	1.788	2.108	2.092	1.796	2.144	2.176	1.796	1.824	1.840	1.932	2.176	2.180	2.008	3.172	2.588	2.248	2.056	2.328	2.072	2.396	2.484	2.476	2.408	1.924	1.648	1.736	1.888	2.208	1.920	2.076	2.392	2.400	2.756	2.720	2.556	2.128	2.340	2.248	2.564	2.452	2.204	2.240	2.464	1.792	1.812	1.616	1.652	2.088	2.344	2.024	2.104	2.460	2.944	3.032	2.656	2.288	2.412	2.228	1.808	1.576	2.200	1.892	1.988	1.908	1.696	2.072	2.028	2.144	2.032	2.324	2.416	2.564	2.792	2.560	2.740	2.220	2.504	2.128	1.812	1.736	1.464	1.536	1.640	1.588	1.860	1.616	1.900	2.296	2.312	2.348	2.276	2.612	2.332	2.096	2.396	2.448	1.588	1.848	1.880	1.760	1.940	1.780	1.832	1.892	1.996	2.064	1.948	1.876	2.492	2.416	2.292	2.120	2.860	2.432	2.636	2.156	1.904	1.776	2.124	2.392	1.880	1.748	1.824	1.916	1.788	2.024	1.916	2.032	2.076	2.268	1.768	2.656	2.540	2.096	2.724	
2.052	1.308	2.224	1.736	2.052	2.084	2.512	2.656	2.440	2.636	2.576	2.208	1.836	2.512	2.456	2.696	2.388	2.260	3.148	2.508	1.728	1.696	1.836	1.888	2.660	1.988	2.516	2.648	2.160	2.512	1.884	2.300	1.908	2.308	2.388	2.392	2.048	2.616	2.472	2.312	2.252	2.476	2.108	1.920	2.020	2.412	2.360	2.156	2.404	2.420	2.664	2.400	2.460	2.620	2.052	1.980	2.120	2.440	3.004	2.552	2.084	3.044	2.196	2.412	2.336	2.476	2.304	2.104	2.332	2.636	2.724	2.600	2.352	2.400	2.244	2.224	2.356	2.456	2.888	2.644	2.548	2.568	2.316	1.944	2.140	2.568	2.716	2.608	2.276	2.332	2.436	2.200	2.144	2.680	2.312	1.980	2.456	2.300	1.924	2.600	2.476	1.848	2.280	2.532	2.808	2.608	2.204	2.276	2.408	2.156	2.452	1.912	2.120	2.076	1.828	2.060	2.400	2.788	2.220	2.268	2.420	2.188	2.328	2.592	3.176	2.340	2.260	2.288	2.268	2.504	2.316	2.092	2.520	1.948	2.664	1.896	2.472	2.060	2.288	2.240	
2.128	1.692	2.780	2.036	2.276	2.056	1.748	2.092	2.100	2.336	2.460	1.976	1.996	1.688	1.716	1.936	2.432	1.812	2.472	2.108	2.124	1.800	1.972	1.668	2.408	1.976	1.980	2.052	2.048	1.904	1.764	1.620	1.916	2.032	2.200	2.096	1.848	2.168	2.260	2.040	2.588	2.412	2.344	1.748	1.732	1.820	2.044	1.872	2.312	1.852	2.132	2.072	2.064	2.312	2.020	1.904	1.888	2.176	2.572	2.164	1.928	2.640	2.172	1.948	1.984	1.992	2.260	2.372	2.192	2.056	2.224	2.060	2.140	2.020	1.248	1.768	1.896	2.044	2.040	2.416	2.296	2.480	2.576	2.100	2.180	2.164	2.176	2.288	2.516	2.280	1.792	1.816	2.052	2.120	1.856	2.116	1.688	2.256	1.936	1.992	2.340	1.836	2.272	2.208	2.196	1.720	2.060	2.072	1.956	1.824	1.620	1.544	1.764	1.944	1.924	1.736	2.112	2.416	2.072	2.300	2.556	2.368	1.948	2.332	3.000	1.960	1.968	1.900	1.548	1.844	1.528	1.616	1.920	1.528	1.960	1.304	2.076	1.888	1.632	2.020	
2.812	2.436	3.060	2.212	2.392	2.064	2.276	1.992	1.892	2.340	2.352	2.136	2.036	2.116	1.412	1.776	2.580	2.064	2.560	2.452	2.592	2.124	2.492	1.972	2.584	2.316	2.312	1.768	2.176	1.576	1.676	1.488	1.996	1.804	1.920	1.940	1.996	2.276	2.600	2.048	2.508	2.680	2.500	2.612	2.012	2.052	2.468	2.016	2.240	2.084	2.104	2.000	1.936	1.988	2.072	2.200	2.076	2.420	2.788	2.532	1.912	2.524	2.356	2.228	2.156	2.356	2.316	2.044	2.252	2.024	2.088	1.664	1.740	1.988	1.956	1.840	2.184	2.232	2.376	2.540	1.808	2.256	2.396	2.100	2.424	2.452	2.152	2.452	2.292	1.864	2.084	1.988	2.020	2.072	2.088	1.844	2.208	1.912	1.832	2.140	2.660	1.792	2.576	2.260	2.272	2.196	2.124	2.024	2.300	2.344	2.404	2.076	2.172	2.024	2.020	1.864	1.712	2.784	2.232	2.296	1.872	1.860	1.892	2.548	2.368	1.860	2.432	1.980	1.824	2.176	2.040	1.884	1.968	2.084	2.324	1.604	2.256	1.900	1.452	2.260	
2.648	2.536	2.644	1.828	2.152	2.092	2.180	2.340	1.808	2.312	3.072	2.648	2.308	1.976	2.020	2.084	2.912	2.096	2.484	2.340	2.548	2.636	2.640	2.028	2.416	2.124	1.932	2.048	2.024	2.060	1.740	2.308	2.460	2.324	2.436	2.184	2.496	2.428	2.344	1.832	2.032	2.572	2.624	2.192	1.952	2.212	2.176	2.124	2.040	1.960	1.956	1.720	2.284	2.264	2.048	2.056	2.000	2.064	2.392	2.136	2.144	3.116	2.712	2.416	2.384	2.176	2.164	2.160	2.024	1.952	2.328	1.992	2.140	2.280	2.132	2.244	2.268	1.908	2.216	2.684	2.204	2.780	2.432	1.952	2.152	2.452	2.288	2.440	2.120	2.260	2.336	2.204	2.240	2.268	2.284	2.400	2.228	2.492	2.068	1.968	2.356	2.012	2.892	2.432	2.952	2.204	2.116	2.176	1.992	2.592	2.604	2.096	2.572	2.068	2.432	2.424	2.464	2.496	2.152	2.148	2.184	1.864	1.796	2.480	2.748	2.416	1.952	1.992	2.284	2.132	2.404	2.024	1.836	2.236	2.468	2.084	2.200	2.224	1.456	2.128	
2.972	2.164	2.724	2.500	2.708	2.704	2.664	2.248	1.892	1.956	2.748	2.380	2.168	2.244	2.268	2.260	2.448	1.604	2.048	2.372	2.656	2.552	2.472	2.396	2.608	2.252	2.280	1.852	2.144	2.380	1.640	2.000	1.920	1.756	2.068	1.736	2.064	2.136	2.020	2.132	2.812	2.596	2.504	2.160	1.968	2.356	2.216	2.100	1.996	2.112	2.060	2.192	2.268	2.028	2.076	1.868	2.136	2.168	2.464	2.016	2.168	2.792	2.684	2.032	2.080	2.000	2.380	2.072	2.048	2.096	2.104	2.328	2.052	2.252	1.924	2.296	2.088	2.228	1.972	2.580	2.616	2.600	2.268	2.304	2.228	1.904	2.180	2.012	2.248	2.048	2.168	2.160	2.412	2.132	2.552	2.076	2.188	2.292	1.652	2.280	2.424	1.904	2.000	1.988	2.240	2.084	1.952	1.908	1.988	1.932	1.736	2.056	2.136	2.256	2.572	2.440	1.936	2.376	2.288	1.860	2.064	1.680	1.880	2.136	2.444	2.020	1.740	2.240	2.468	2.152	2.108	2.164	1.956	2.392	2.676	2.220	2.848	2.112	2.224	2.704	
2.532	2.188	2.508	2.156	2.284	2.256	1.860	2.080	1.944	2.144	2.536	2.148	2.288	2.220	2.080	1.968	2.540	2.052	2.488	1.908	2.676	2.428	2.104	1.848	2.664	2.240	1.952	1.764	2.156	1.924	1.804	1.988	2.212	2.244	2.236	2.312	1.912	2.460	2.040	1.836	2.308	2.348	2.440	2.572	2.380	2.404	2.088	2.440	2.348	1.900	2.128	2.080	2.104	2.156	1.804	2.108	1.980	2.388	2.584	2.184	2.196	2.780	2.664	2.328	2.448	2.532	2.068	2.176	2.476	2.056	1.700	1.900	2.260	2.076	2.148	2.004	1.584	2.152	2.264	2.584	2.040	2.752	3.156	2.324	2.340	2.424	2.536	2.476	2.352	2.816	2.488	2.144	2.128	2.044	2.276	2.008	2.008	2.116	1.692	2.748	2.792	1.880	2.528	2.592	2.836	2.276	2.424	2.640	2.344	2.636	2.276	2.056	2.000	2.284	2.052	2.028	1.848	1.732	2.672	2.204	2.608	2.612	2.164	2.376	3.020	2.420	2.268	2.452	2.288	2.620	2.412	2.096	2.068	1.984	2.528	1.576	2.268	1.788	1.604	2.636	
3.508	2.756	3.220	2.264	2.848	2.160	1.916	2.680	2.292	2.316	2.812	2.224	2.256	2.024	2.236	2.544	2.724	2.228	2.696	2.140	3.244	2.688	2.624	2.120	2.760	2.364	2.364	2.412	2.568	1.964	1.968	2.204	2.320	2.440	2.532	2.400	2.316	2.364	1.928	1.980	2.512	2.536	2.928	3.040	2.580	2.752	2.696	2.668	2.528	2.604	2.272	2.312	2.136	2.356	2.384	2.576	2.676	2.688	2.440	2.692	2.424	2.852	2.560	2.560	2.164	2.412	2.348	2.436	2.580	2.424	2.400	2.584	2.312	2.592	2.044	2.460	2.336	2.684	2.224	2.236	2.636	2.836	3.192	2.600	2.564	2.492	2.800	2.636	2.232	2.484	2.756	2.400	2.500	2.328	2.444	2.408	2.304	2.368	2.100	2.392	2.892	2.204	2.968	2.584	2.804	2.528	2.492	2.448	2.408	2.304	2.472	2.552	2.420	2.516	2.248	2.272	2.168	2.096	2.456	1.888	2.844	2.224	2.484	2.824	3.324	2.500	2.432	2.268	2.340	2.860	2.740	2.676	2.492	2.476	2.420	2.280	3.068	2.064	1.868	2.672	
2.432	1.980	2.568	2.436	2.708	2.440	2.268	2.480	2.260	2.472	2.724	2.348	2.168	2.368	2.496	2.572	2.560	2.048	2.336	2.072	2.220	2.068	1.988	2.456	2.580	2.152	2.404	2.380	2.356	2.280	1.524	2.128	2.684	2.276	2.260	2.496	2.664	2.336	2.064	2.240	1.872	2.332	2.140	2.336	2.560	2.660	2.372	2.516	2.424	2.224	2.552	2.092	2.448	2.728	2.416	2.612	2.796	2.412	2.668	2.508	2.252	2.296	2.304	2.388	2.680	2.852	2.620	2.872	2.192	2.164	2.336	2.364	2.496	2.360	2.760	2.700	2.532	2.612	3.024	2.088	2.104	1.988	2.636	2.296	2.572	2.516	2.192	2.288	2.472	2.488	2.400	2.488	2.608	2.428	2.436	2.176	2.468	2.440	2.892	2.680	2.924	1.796	2.220	2.344	2.524	1.916	1.972	2.196	2.308	2.148	2.196	2.304	1.992	2.288	2.340	2.172	2.452	2.316	2.504	2.412	1.984	1.984	2.388	2.344	2.804	2.104	2.476	2.244	2.128	1.868	2.112	2.304	2.240	2.536	2.372	1.604	2.416	2.192	2.128	2.640	
2.476	1.532	2.072	2.280	2.340	2.288	2.036	2.168	1.988	2.280	2.484	2.716	2.056	2.248	2.216	2.664	2.792	2.196	2.552	2.564	2.332	2.644	2.172	2.432	1.956	2.084	2.108	2.196	2.368	2.140	2.076	2.188	2.156	2.276	2.192	2.612	2.504	2.988	2.332	2.116	2.184	2.132	2.352	2.480	2.404	2.016	2.224	2.112	2.224	2.532	2.288	2.524	2.264	2.212	2.192	2.164	2.156	2.804	2.160	2.152	2.092	2.436	2.708	2.332	2.248	2.104	2.200	2.480	2.412	2.408	2.480	2.452	2.420	2.256	2.544	2.224	2.600	2.332	2.660	1.808	1.768	2.080	2.408	2.260	2.072	1.968	1.960	2.224	2.056	1.928	2.020	2.600	2.344	2.604	2.584	2.636	2.404	2.348	2.424	2.352	2.024	1.808	2.004	1.800	2.196	1.884	2.128	2.204	1.820	2.088	2.080	2.488	2.596	2.616	2.408	2.516	2.388	2.576	2.380	2.544	1.796	2.296	1.816	1.784	2.444	1.468	1.788	2.488	2.176	1.960	1.948	2.688	2.216	2.636	2.576	1.984	2.520	2.324	2.116	2.792	
2.568	1.992	2.112	2.340	2.564	2.452	2.200	2.152	2.164	2.028	2.068	1.912	2.196	2.184	2.340	2.424	2.700	1.868	2.536	2.632	2.396	2.204	1.972	2.332	2.664	2.864	2.172	2.088	1.944	1.980	1.440	1.780	2.200	2.224	2.212	2.260	2.044	2.352	2.212	2.120	2.060	2.388	2.348	2.420	2.700	2.460	2.444	2.336	2.024	1.956	2.040	1.868	2.048	1.972	2.008	2.416	2.656	2.448	2.564	1.608	2.344	2.452	2.596	2.920	2.356	2.412	2.272	2.256	1.836	2.188	2.312	2.256	1.972	2.060	2.044	2.120	2.352	2.312	2.692	1.984	2.128	2.328	2.160	3.264	2.356	2.464	2.708	2.244	1.840	2.192	2.144	1.904	1.968	2.288	1.916	1.824	2.412	2.604	2.968	2.216	2.324	2.524	2.660	2.268	2.396	2.292	2.364	2.144	2.240	2.344	2.160	2.288	2.052	1.892	2.192	2.088	2.336	2.340	2.400	2.524	2.524	2.336	2.180	2.576	2.848	2.108	2.312	2.152	1.872	2.020	2.220	1.724	2.748	2.152	2.640	2.004	2.216	2.204	2.080	2.444	
2.624	2.228	2.412	2.632	2.172	1.948	2.300	1.952	1.876	2.036	2.436	2.264	2.676	2.168	1.948	1.844	2.108	1.540	2.176	2.412	2.648	2.016	2.032	2.156	2.136	2.152	2.212	2.156	2.304	1.968	1.768	2.168	2.424	2.196	2.080	2.092	1.844	2.456	2.312	1.776	2.648	2.476	2.724	2.180	2.384	2.076	1.824	1.988	2.124	2.360	2.152	2.360	2.524	2.080	1.912	1.888	1.820	2.144	2.216	1.888	2.352	2.004	2.528	2.084	1.832	2.132	2.108	2.168	2.780	2.624	2.156	2.408	2.120	2.164	1.972	2.188	1.844	1.980	2.508	2.444	2.184	2.340	2.316	2.740	1.876	2.680	2.076	2.264	2.320	2.848	2.064	2.052	2.024	2.200	2.360	2.360	2.380	2.200	2.028	2.328	2.580	2.116	2.296	2.128	2.020	2.708	2.508	2.360	2.688	2.232	2.404	2.316	2.200	1.912	1.856	2.316	2.168	2.180	2.396	2.320	2.500	2.396	2.376	2.164	3.084	1.996	2.200	2.348	2.268	2.336	2.404	2.132	2.248	2.144	2.672	1.828	2.168	2.396	1.764	2.656	
2.232	1.100	1.872	2.612	2.104	2.020	2.384	2.492	2.040	2.284	2.888	2.476	2.236	2.268	1.864	1.820	2.404	2.096	2.704	2.332	2.224	2.056	1.964	2.132	2.212	2.676	2.372	2.364	2.304	2.260	1.908	1.936	2.056	2.340	2.260	2.560	2.008	2.860	2.420	2.804	1.980	2.540	2.184	2.148	2.404	2.240	2.524	2.072	2.004	2.072	1.852	2.104	2.040	2.084	1.788	2.352	2.276	2.128	2.464	2.388	2.616	2.276	2.668	2.812	2.428	2.288	2.116	2.040	1.748	1.772	2.240	2.008	1.960	1.992	2.048	1.968	2.064	2.296	2.676	2.120	2.192	2.136	2.308	2.516	2.020	2.760	2.000	2.204	1.972	2.104	2.272	2.492	2.128	1.688	2.052	1.832	1.748	2.228	2.604	2.696	2.488	2.148	2.100	1.952	1.868	1.964	2.256	2.336	2.128	2.376	2.400	2.404	2.164	1.932	2.252	2.132	1.808	2.304	2.332	2.448	2.024	2.072	2.164	2.316	2.556	2.184	2.364	2.320	2.108	1.924	2.156	2.440	2.608	2.184	2.624	1.996	2.440	1.776	1.888	2.648	
2.172	2.032	1.864	2.672	2.416	2.168	2.504	2.444	2.152	2.496	2.664	2.248	1.916	2.412	2.260	1.992	2.476	2.620	2.676	2.464	2.428	1.708	2.216	1.928	2.392	2.340	2.320	2.336	2.404	2.200	1.544	2.056	2.468	2.160	2.692	2.624	2.172	2.640	2.628	2.424	2.028	2.484	2.388	2.248	2.272	2.352	2.620	2.556	2.556	2.416	2.392	2.564	2.484	2.196	2.864	2.956	2.876	2.824	2.492	2.352	2.388	2.524	2.348	2.228	2.548	2.508	2.596	2.732	2.840	2.800	2.576	2.600	2.272	2.404	2.612	2.196	2.624	2.684	3.092	2.456	2.296	2.576	2.636	2.988	2.024	2.960	2.456	2.584	2.648	2.516	2.572	2.336	2.552	2.416	2.432	2.260	2.528	2.540	2.424	2.608	2.324	2.336	1.936	2.128	2.236	2.328	2.472	2.536	2.380	2.476	2.408	1.968	2.088	2.216	1.892	2.200	2.456	2.552	2.568	2.360	2.432	1.924	1.968	2.244	2.840	2.008	2.292	2.156	1.544	2.148	2.016	2.088	1.880	2.232	2.412	1.992	2.268	2.284	1.804	2.628	
3.284	2.304	1.904	2.880	2.808	2.476	2.180	2.312	1.960	2.520	2.828	2.204	2.160	1.968	2.340	2.124	2.536	2.220	2.588	2.140	2.532	2.240	2.104	2.352	2.220	2.368	2.400	2.116	2.372	2.104	1.612	1.916	1.724	1.860	2.280	1.968	2.004	2.188	2.476	2.128	2.544	2.404	2.216	2.024	2.156	2.256	2.396	2.276	2.432	2.336	2.404	2.184	1.980	1.860	1.652	2.180	2.024	2.312	2.404	2.248	2.964	2.608	2.396	2.260	2.112	2.292	2.456	2.408	2.356	2.248	2.024	2.168	1.976	1.920	2.176	2.204	2.084	2.308	2.588	2.280	2.844	2.336	2.716	2.864	1.832	2.596	2.264	2.684	2.932	2.428	2.540	2.284	1.996	1.980	1.988	2.180	2.104	2.048	2.524	2.592	2.968	2.324	2.332	2.072	1.920	2.408	2.168	2.416	2.616	2.384	1.948	2.048	1.976	2.320	2.132	2.512	2.252	2.356	2.408	2.632	2.236	1.896	1.980	1.936	2.328	1.872	1.956	2.200	1.820	1.936	2.092	1.904	2.108	2.280	2.584	2.308	2.808	2.024	2.248	2.928	
2.788	2.684	2.212	2.108	3.308	2.380	2.184	2.344	2.132	2.380	2.668	2.492	2.160	2.260	2.088	2.164	2.592	2.136	2.768	2.556	2.296	2.028	2.604	2.076	2.680	2.496	2.232	2.496	2.628	2.104	2.080	2.000	1.944	2.132	2.384	2.384	2.336	2.568	2.740	2.472	2.208	1.812	2.288	2.176	2.408	2.340	2.500	2.588	2.736	2.464	2.436	2.308	2.364	2.432	2.436	2.584	2.776	2.556	2.784	2.360	2.304	2.200	2.256	2.156	2.332	2.328	2.164	2.300	2.092	2.280	2.144	2.228	2.308	2.412	2.576	2.668	2.420	2.672	3.064	2.000	2.252	2.224	2.360	2.632	2.188	2.012	1.808	2.356	2.316	2.368	1.736	2.112	2.000	2.192	2.240	2.380	2.520	2.328	2.604	2.860	2.592	2.312	2.896	1.988	2.232	2.396	2.152	1.936	2.120	1.980	1.612	1.900	2.320	2.168	2.096	2.412	2.148	2.632	2.484	2.208	2.356	2.564	2.388	2.764	3.208	2.372	2.220	1.844	2.028	2.080	2.180	2.012	2.148	2.160	2.272	1.852	2.756	2.244	2.180	2.668	
2.536	1.960	2.408	2.212	2.768	2.224	1.860	1.952	1.984	2.372	2.680	2.588	2.460	2.340	2.140	2.144	2.256	2.224	2.760	2.728	2.240	1.508	2.372	2.176	2.560	2.332	2.064	2.156	2.284	2.276	2.156	2.176	2.408	2.356	2.576	2.224	2.464	2.596	2.784	2.408	1.908	2.668	2.612	2.316	2.276	2.184	2.248	2.076	2.492	2.100	2.156	2.036	2.244	2.312	2.368	2.392	2.028	2.652	2.780	2.412	2.528	2.496	2.332	2.552	2.192	2.436	2.384	2.392	2.360	2.440	2.160	2.168	2.420	2.500	2.256	2.360	2.188	2.568	3.408	2.500	2.516	2.480	2.792	3.140	2.400	2.228	2.400	2.236	2.484	2.536	2.380	2.084	2.176	2.316	2.372	2.008	2.448	2.516	2.776	2.376	2.896	2.688	2.408	2.012	2.032	2.136	2.312	2.256	2.396	2.612	2.464	2.072	2.404	2.120	2.032	2.076	2.260	2.240	2.472	2.472	2.864	2.604	2.536	2.304	2.980	2.012	1.988	2.060	1.784	2.092	2.060	1.536	2.332	2.256	2.604	2.080	2.624	2.196	1.880	2.836	
2.988	2.464	1.932	1.880	2.640	1.780	1.608	2.056	2.104	2.316	2.388	2.236	1.940	1.856	1.896	2.620	2.460	2.280	3.072	2.716	2.440	1.696	1.764	2.240	1.848	2.016	2.120	2.076	1.852	1.908	1.828	1.952	1.924	1.892	2.228	2.436	2.704	2.832	2.864	2.428	2.488	2.284	2.420	2.140	2.048	2.124	1.836	2.228	2.292	2.104	1.956	1.532	1.624	1.748	1.928	2.380	2.364	2.608	2.808	2.388	2.408	2.504	2.536	2.480	1.988	2.220	2.224	2.388	2.232	2.120	2.176	2.032	1.852	2.064	2.208	2.052	2.012	2.460	2.940	1.992	2.312	2.456	2.660	2.924	2.056	2.572	2.684	2.372	2.248	2.408	2.104	1.984	2.060	1.768	1.948	1.816	1.932	2.152	2.788	2.560	3.088	2.300	2.616	2.004	2.608	2.776	2.452	2.276	2.556	1.948	2.084	1.520	2.500	1.884	2.068	2.352	2.012	2.004	2.164	2.796	2.440	2.568	2.380	2.240	2.908	2.068	2.444	2.348	2.164	2.240	1.916	1.844	2.116	2.116	2.332	2.276	2.620	2.036	1.808	2.388	
2.296	2.120	2.376	2.276	2.492	1.720	2.240	1.984	1.948	1.976	2.244	1.784	2.056	2.148	2.528	2.180	2.492	2.180	2.724	2.488	2.264	2.360	2.060	2.852	2.260	2.096	2.200	1.972	1.896	1.632	1.624	1.844	2.308	2.160	2.404	2.408	2.016	2.468	2.696	2.192	1.964	2.056	2.268	2.008	2.384	2.328	2.700	2.356	2.356	1.944	2.100	2.372	2.188	2.120	2.308	2.664	2.064	2.332	2.656	2.404	2.660	2.264	2.604	2.552	2.124	2.480	2.376	2.480	2.176	2.560	2.364	2.756	2.428	2.528	2.112	2.196	2.852	2.704	3.056	2.344	2.084	2.360	2.740	2.892	2.120	2.324	1.692	2.248	2.212	2.220	2.500	2.328	2.392	2.332	1.836	2.808	2.392	2.692	2.760	2.708	2.564	2.136	2.220	1.856	2.196	2.272	1.860	1.872	2.164	2.216	2.080	1.724	2.536	1.960	2.308	2.188	2.512	2.656	2.560	2.196	2.232	1.896	1.852	1.980	2.848	2.016	1.912	2.000	1.744	2.232	2.196	2.364	2.128	2.496	2.712	2.120	2.584	2.324	2.324	3.100	
2.416	1.944	1.932	1.992	2.532	1.928	2.168	1.968	2.256	2.320	2.436	2.264	2.148	2.392	2.344	2.360	2.876	2.216	2.800	2.788	2.112	1.712	1.912	2.608	2.388	2.032	2.468	2.076	2.304	2.292	1.764	2.148	2.272	2.448	2.516	2.560	2.520	3.080	2.332	2.532	2.412	2.496	2.204	2.364	2.780	2.536	2.112	2.372	2.136	1.936	2.312	2.208	2.280	2.472	2.680	2.396	2.632	2.528	2.464	2.668	2.204	2.064	2.404	2.716	2.488	2.564	2.240	2.212	2.444	2.128	2.336	2.476	2.332	2.116	2.128	1.972	2.500	2.136	2.648	2.520	2.440	2.500	2.664	2.940	2.276	2.012	2.272	2.520	2.244	2.408	2.368	2.500	2.340	1.952	2.252	2.676	2.084	2.808	2.148	2.328	2.728	2.336	2.232	1.904	2.384	2.388	1.968	2.588	2.276	2.584	2.336	2.280	2.520	2.216	2.284	2.088	2.188	2.648	2.364	2.664	2.904	2.492	2.292	2.144	2.812	2.188	2.120	2.236	2.240	2.200	2.448	2.396	2.264	2.208	2.164	1.972	2.484	2.696	2.076	3.204	
2.308	1.944	2.020	2.104	2.624	2.232	1.780	2.204	2.044	2.196	2.416	1.628	1.820	2.208	2.148	2.280	2.644	1.836	2.708	2.760	2.300	1.660	2.124	2.456	2.476	2.440	1.984	2.072	2.420	1.980	1.268	1.816	1.972	2.004	2.104	2.004	2.324	2.692	1.812	2.244	2.208	1.952	2.268	2.176	2.300	2.084	2.128	2.244	2.300	1.776	2.356	2.056	2.232	2.204	2.148	2.252	2.216	2.540	2.060	2.704	2.284	2.112	2.856	2.112	2.480	1.968	2.524	2.324	2.260	2.140	2.208	1.988	2.244	1.868	2.216	2.232	2.220	2.080	2.672	2.348	2.416	2.220	2.340	2.580	2.376	2.204	2.416	2.444	2.568	2.616	2.280	2.252	1.732	1.876	2.148	2.280	2.404	2.152	2.344	2.528	2.608	2.292	2.372	1.708	2.440	2.496	2.656	2.400	2.404	2.376	2.272	2.160	2.124	2.244	2.172	2.420	1.880	2.496	2.264	2.560	2.392	2.248	1.904	2.604	3.064	2.056	2.192	2.404	2.144	2.196	2.320	2.336	2.320	2.472	2.452	2.212	2.452	2.220	2.064	2.828	
2.596	2.072	2.212	2.080	2.448	2.144	2.244	1.676	1.780	2.004	2.388	2.256	2.116	2.076	2.084	2.348	2.436	1.988	2.744	2.412	2.172	1.548	2.104	2.112	2.524	2.524	2.236	2.276	2.308	1.980	1.328	2.176	2.072	2.272	2.412	2.184	2.172	2.500	2.292	2.156	2.088	2.176	2.424	2.288	2.548	2.324	2.200	1.992	2.180	2.176	2.084	2.188	2.028	2.088	2.336	2.080	2.036	2.176	2.140	2.116	2.264	2.124	2.472	2.064	2.076	2.128	2.120	2.376	2.324	2.084	1.940	2.184	2.128	2.180	2.060	2.364	1.784	2.260	2.652	2.068	1.780	2.408	2.476	2.324	1.828	2.116	1.872	2.104	2.016	2.060	2.196	2.244	1.992	2.192	2.324	1.992	2.176	2.076	1.916	2.280	2.536	1.660	1.808	1.184	1.920	1.736	1.548	1.884	1.892	2.076	2.100	2.104	2.064	2.296	2.056	2.044	2.100	2.332	2.320	2.240	2.260	1.888	1.660	1.896	2.304	1.948	2.248	1.960	1.868	2.080	1.948	1.828	2.000	2.240	2.560	1.544	2.184	1.996	1.868	2.668	
2.920	2.344	1.960	2.280	2.852	2.328	2.468	2.116	2.156	2.464	2.668	2.340	1.944	1.952	1.920	2.488	2.532	2.032	3.096	2.448	2.124	1.780	1.984	2.588	2.504	2.372	1.972	2.216	2.352	2.204	1.664	1.888	2.424	2.208	2.588	2.736	2.860	2.664	2.560	2.096	2.380	1.988	2.420	2.384	2.440	2.308	2.312	2.024	2.264	2.372	2.196	2.472	2.480	2.440	2.268	2.428	2.736	2.740	2.652	2.156	2.620	2.084	3.068	2.416	2.424	2.516	2.376	2.496	2.576	2.356	2.428	2.364	2.296	2.136	2.120	2.260	2.504	2.696	2.664	2.396	2.592	2.492	2.916	2.924	2.400	2.500	2.436	2.312	2.372	2.436	2.212	2.380	2.704	2.280	2.424	2.316	2.280	2.688	2.516	2.720	2.520	2.180	2.832	2.572	2.428	2.336	2.048	2.260	2.244	2.272	2.204	2.308	2.100	2.416	2.368	2.640	2.336	2.352	2.728	2.288	2.416	2.452	2.004	2.296	3.048	2.192	2.276	2.100	2.228	2.132	2.088	2.132	2.092	2.480	2.540	2.244	2.556	2.428	2.236	2.824	
2.396	1.864	1.856	1.932	2.744	2.108	2.184	2.228	1.728	2.200	2.688	2.464	2.204	2.192	1.856	2.276	2.280	2.116	3.176	2.580	2.152	1.644	2.064	2.068	1.952	2.104	1.860	1.744	2.256	2.256	1.908	1.788	2.468	2.124	2.348	2.396	2.688	2.780	3.124	2.584	2.512	2.572	2.284	2.280	2.184	1.928	2.136	1.964	2.104	2.260	2.168	2.316	1.976	2.368	2.192	2.224	2.624	2.968	2.844	2.336	2.608	2.640	2.484	2.260	2.248	2.316	2.344	2.396	2.328	2.364	2.104	2.388	1.972	2.624	2.604	2.400	2.872	2.560	3.172	2.844	2.468	2.372	2.552	2.716	2.368	2.396	2.060	1.972	2.432	2.328	2.396	2.464	2.140	2.116	2.432	2.540	2.360	2.468	2.640	2.836	2.700	2.072	1.972	1.716	1.936	2.244	2.096	2.216	2.548	2.400	2.316	2.680	2.404	2.472	2.368	2.440	2.416	2.524	2.440	2.568	2.636	2.052	1.780	1.744	2.656	2.152	2.056	2.540	2.264	2.088	2.260	2.140	2.672	2.416	2.680	2.056	2.848	2.460	2.104	3.224	
2.776	2.292	2.444	1.808	2.524	2.140	2.156	2.464	2.112	2.556	2.636	2.304	2.064	2.628	2.608	2.608	2.832	2.204	2.192	2.076	2.360	1.396	1.984	1.984	2.212	2.516	2.300	1.884	1.704	1.976	1.824	2.012	2.196	2.460	2.568	2.348	2.008	2.788	2.552	2.324	2.336	2.320	2.216	2.004	1.932	1.760	2.012	1.980	1.936	1.904	1.448	2.168	1.852	2.100	2.380	2.264	2.568	2.248	2.620	2.372	2.072	1.664	2.300	2.044	1.780	1.620	1.940	1.956	1.824	1.788	2.072	1.996	2.196	2.640	2.068	2.216	2.456	2.508	3.048	2.448	2.216	2.256	2.524	2.220	1.904	2.068	1.864	2.388	2.028	1.840	1.832	2.228	2.332	2.408	2.432	2.116	2.280	2.528	2.676	2.848	2.712	2.328	2.088	1.808	1.824	2.420	2.204	2.104	1.884	1.892	1.796	1.904	2.120	2.300	2.404	2.208	2.464	2.408	2.632	2.308	2.208	1.940	1.848	1.924	2.432	2.584	2.208	2.072	1.608	1.848	1.624	1.900	2.256	2.088	2.988	1.984	2.424	2.044	1.784	2.476	
2.328	2.336	2.056	2.360	2.664	2.420	2.396	2.508	2.232	2.508	2.680	2.380	2.176	2.452	2.400	1.904	1.972	1.736	2.264	1.876	2.108	1.548	1.976	2.204	2.372	2.244	2.508	2.440	2.080	1.900	1.640	2.088	2.320	2.276	2.160	1.928	2.192	2.112	1.976	1.936	2.124	1.832	2.376	2.384	2.316	1.964	2.124	2.056	2.152	2.164	1.996	2.400	2.212	2.132	2.092	1.920	2.088	1.716	2.528	2.124	2.416	2.320	2.352	1.988	2.088	2.456	2.096	2.312	2.284	1.892	1.924	1.992	2.540	2.152	1.940	2.280	2.612	2.208	2.468	2.596	1.776	2.580	2.752	2.660	2.180	2.176	2.124	2.224	2.272	2.292	2.460	2.640	2.404	2.572	2.924	2.272	2.724	2.400	2.688	2.432	2.320	2.032	2.308	1.904	2.400	2.244	2.324	2.304	1.932	2.440	2.280	2.508	2.604	2.268	2.404	2.180	2.220	2.484	2.512	2.388	2.196	2.212	2.080	2.500	2.880	2.296	1.948	2.028	2.088	2.096	2.548	2.508	2.456	2.536	2.784	2.128	2.304	2.116	1.916	2.744	
2.104	2.348	2.252	2.216	2.568	2.344	2.032	2.032	2.244	2.020	2.132	2.080	2.064	1.996	1.984	2.124	2.740	2.360	2.584	2.944	2.160	1.860	2.412	2.532	2.556	2.336	2.252	2.156	2.012	1.532	1.392	1.524	1.780	1.716	2.156	2.568	2.148	2.288	2.596	2.428	1.788	2.144	2.148	2.144	2.656	2.820	2.412	2.192	1.920	1.816	1.804	2.132	1.800	1.748	1.744	1.804	2.380	2.508	2.552	2.284	2.204	1.848	2.504	2.388	2.272	1.908	2.368	1.880	1.620	1.808	1.836	1.796	2.076	2.032	2.232	2.280	2.344	2.300	3.028	2.096	1.824	2.376	2.560	2.608	2.400	2.356	2.248	2.116	1.968	1.672	1.856	1.872	2.088	2.172	2.456	2.432	2.288	2.340	2.432	2.460	2.404	2.236	2.384	1.980	2.444	2.468	2.432	1.912	1.892	1.620	2.212	2.476	2.360	2.072	2.316	2.048	2.132	2.444	2.480	2.572	1.720	2.044	2.352	2.372	2.760	2.520	2.360	2.272	1.800	1.804	2.180	2.288	2.240	2.376	2.404	2.148	2.212	2.128	1.708	2.748	
2.112	1.516	1.908	2.200	2.388	1.952	2.112	2.440	2.032	2.536	2.780	2.392	2.256	2.008	2.268	2.140	2.312	2.000	2.848	2.060	1.864	1.172	2.080	1.840	2.036	2.276	2.284	2.060	2.348	1.980	1.504	2.144	2.236	2.052	2.140	1.696	1.996	2.076	2.324	2.268	2.168	1.608	1.684	1.644	2.224	2.388	2.272	2.344	2.496	2.244	2.352	2.188	2.044	2.088	1.996	2.316	2.156	2.312	2.792	1.896	1.636	1.940	2.120	2.272	2.116	2.424	2.548	2.656	2.288	2.424	2.504	2.412	2.060	2.316	2.232	2.468	1.988	2.244	2.796	2.168	1.816	2.244	2.304	2.444	2.380	2.604	2.560	2.328	2.556	2.460	2.424	2.300	2.700	2.152	2.552	2.144	2.192	2.360	2.568	2.344	2.492	2.028	2.312	1.968	2.504	2.488	2.428	2.252	2.376	2.424	2.364	2.088	2.616	2.552	2.388	1.972	2.072	2.244	2.624	2.232	2.060	1.996	2.084	2.080	2.600	2.400	2.808	2.248	2.308	2.272	2.444	2.312	2.452	2.588	2.480	1.988	2.340	2.156	1.968	2.340	
2.244	2.312	2.604	2.456	2.552	2.228	2.096	1.844	1.516	2.392	2.300	2.120	1.956	1.788	2.080	2.044	2.132	1.584	2.332	2.356	2.140	1.780	2.676	2.636	2.308	2.360	1.972	1.884	2.100	1.728	1.736	1.828	1.880	2.116	1.964	2.380	1.748	2.368	2.504	2.248	2.116	2.204	2.416	2.596	2.696	2.536	2.536	2.204	2.068	2.296	1.908	2.208	1.724	1.632	1.784	1.860	2.340	2.260	2.936	1.956	2.484	2.472	2.460	2.928	2.476	2.376	2.184	2.416	2.428	2.560	2.720	2.256	2.128	1.968	2.040	2.008	2.088	2.088	2.776	2.236	2.460	2.528	1.952	2.736	2.480	2.188	2.228	2.592	2.484	2.428	2.304	2.344	2.540	2.488	2.476	2.448	2.384	2.136	2.836	2.596	2.964	2.124	2.240	2.272	2.168	2.272	2.232	2.444	2.224	2.256	2.472	2.436	2.640	2.540	2.312	2.020	2.196	2.596	2.512	2.484	2.292	2.184	1.928	2.236	2.412	1.980	2.000	1.792	2.228	2.192	2.056	2.356	2.812	2.556	3.392	2.252	2.372	2.148	1.564	2.572	
2.532	2.076	2.628	2.860	3.040	2.404	2.128	2.300	2.336	2.236	2.728	2.464	2.088	2.044	2.272	2.244	2.416	1.880	2.784	2.568	2.652	2.124	2.960	2.780	2.876	2.536	2.228	2.400	2.456	2.176	1.852	2.300	2.440	2.352	2.204	1.776	2.456	2.472	2.532	2.308	2.612	2.532	3.004	2.496	2.428	2.500	2.632	2.264	2.384	2.420	2.516	2.556	2.320	2.652	2.536	2.144	2.476	2.344	2.448	2.304	2.388	2.380	2.548	2.676	2.488	2.780	2.608	2.492	2.528	2.596	2.772	2.172	2.240	2.232	2.248	2.284	2.264	2.272	2.908	2.404	2.628	2.532	2.356	3.420	2.676	2.524	2.704	2.528	2.208	2.328	2.408	2.392	2.100	2.204	2.364	2.460	2.384	2.560	2.204	2.168	2.744	2.540	2.572	2.028	2.544	2.724	2.416	2.484	2.608	2.344	2.360	2.472	2.516	2.408	2.348	2.168	2.400	2.744	2.264	2.604	2.448	2.424	2.540	2.216	2.968	2.580	2.424	2.368	2.132	2.292	2.292	1.800	2.692	2.312	2.576	1.936	2.568	2.404	2.148	2.744	
2.572	1.992	1.752	2.116	2.896	2.144	2.340	2.316	1.808	1.988	2.324	2.184	2.220	2.444	2.340	2.424	2.660	2.284	2.828	2.468	2.348	1.728	2.096	2.184	2.680	2.652	2.196	2.072	2.400	1.984	1.808	2.024	1.864	2.308	2.208	2.604	2.536	2.560	2.800	2.396	2.132	2.160	2.300	1.864	2.488	2.404	2.152	2.384	2.604	2.108	2.100	2.032	1.992	2.128	2.412	2.436	2.828	2.796	2.572	2.564	2.136	2.364	2.268	2.252	2.400	2.240	2.428	2.472	2.380	2.272	2.528	2.148	2.512	2.308	2.464	2.552	2.200	2.876	2.872	2.220	2.512	2.420	2.384	2.440	2.536	2.268	2.084	2.680	2.544	2.204	2.520	2.372	2.332	2.504	2.568	2.416	2.240	2.512	2.396	2.596	2.708	2.580	2.048	2.076	2.500	2.568	2.520	2.508	2.236	2.860	2.760	2.512	2.536	2.300	2.352	2.712	2.280	2.728	2.796	2.600	2.208	2.344	2.184	2.112	2.792	2.416	2.552	2.764	2.344	2.700	2.788	2.560	2.672	2.004	2.664	2.084	2.732	2.512	2.156	3.036	
2.712	2.072	2.148	2.092	2.536	2.168	2.180	2.296	2.208	2.496	2.688	2.108	1.900	2.408	2.248	2.296	2.776	2.504	2.856	2.488	1.964	1.892	1.992	2.188	2.244	2.424	2.244	2.272	2.444	2.280	1.692	1.912	2.148	2.060	2.320	2.388	2.584	2.360	2.480	1.992	2.256	2.260	2.084	2.232	2.452	2.456	2.044	2.384	2.396	2.240	2.380	2.472	2.268	2.224	2.420	2.492	2.352	2.260	2.264	2.344	2.160	2.344	2.588	2.340	2.328	2.276	2.684	2.364	2.416	2.248	2.104	2.264	2.208	1.932	2.320	2.372	2.720	2.336	2.756	2.028	1.924	2.184	2.072	2.404	1.972	2.132	2.124	2.272	2.716	2.256	2.100	2.628	2.376	2.204	2.252	2.600	2.416	2.436	2.632	2.264	2.424	2.432	2.204	1.896	2.384	2.216	2.396	2.212	2.540	1.872	2.204	2.068	1.916	2.628	2.288	2.380	2.740	2.748	2.292	2.172	2.256	2.300	2.432	2.156	2.472	1.876	1.948	2.228	1.692	1.960	2.308	2.052	1.884	2.200	2.788	2.108	2.472	2.864	2.064	2.936	
2.584	1.612	2.076	2.204	2.896	2.592	2.184	2.288	1.884	1.968	2.120	2.172	2.088	1.964	1.992	1.988	2.784	1.896	2.920	2.448	2.252	1.628	2.272	2.120	2.676	2.268	2.236	2.020	2.276	2.160	1.664	1.996	2.140	2.336	2.296	2.460	2.224	2.052	2.372	2.172	1.872	2.176	2.312	2.512	2.320	2.280	2.316	2.492	2.476	2.284	2.528	2.444	2.028	2.212	1.984	2.524	2.252	2.772	2.692	2.164	2.200	2.604	2.496	2.700	2.056	2.016	2.132	2.444	2.364	2.216	2.336	2.304	2.068	2.144	2.084	2.088	1.868	2.476	2.748	1.912	2.156	2.128	2.064	2.316	2.792	2.168	2.720	2.160	2.240	2.216	2.196	2.420	2.388	2.456	1.828	2.412	2.404	2.456	2.044	2.124	2.504	1.920	2.072	1.764	2.496	2.444	2.256	2.352	2.300	2.228	2.508	2.268	2.400	2.248	2.524	2.372	2.348	2.116	2.140	2.040	2.100	2.116	1.580	1.984	2.612	2.148	2.408	2.016	1.988	2.368	2.384	2.256	2.692	2.604	2.496	2.144	2.408	2.280	1.860	2.464	
2.616	2.080	2.008	2.312	2.644	2.300	2.084	2.256	1.880	2.172	2.644	2.248	2.284	2.276	2.244	2.640	2.936	2.024	3.108	2.300	2.128	1.860	2.632	2.340	2.540	2.408	2.164	2.224	2.428	2.072	1.548	1.896	1.816	2.152	2.824	2.800	2.772	2.664	2.652	2.024	2.144	2.452	2.300	2.180	2.576	2.376	2.400	2.256	2.152	2.176	1.840	2.208	1.876	2.368	2.460	2.764	2.688	2.556	2.412	2.056	2.340	2.528	2.524	3.016	2.352	2.240	2.600	2.560	2.156	2.312	2.320	2.200	1.908	2.788	2.712	2.588	2.500	2.712	2.912	2.264	2.672	2.224	2.684	2.452	2.552	2.676	2.280	2.148	2.252	2.276	2.152	2.284	2.172	2.160	2.292	1.844	2.400	2.488	2.384	2.196	2.688	2.480	2.948	2.364	2.468	2.408	2.116	2.212	2.188	2.148	2.416	2.260	2.280	1.712	1.928	2.100	2.328	2.804	2.504	2.268	2.536	2.556	2.356	2.552	2.984	2.540	1.780	2.316	2.276	2.068	2.524	2.440	2.568	2.144	2.408	1.592	2.204	2.304	1.864	2.724	
2.800	2.156	2.148	1.724	2.728	2.140	2.348	2.240	2.100	2.232	2.456	2.408	2.208	1.964	2.076	2.116	2.420	1.836	3.172	2.476	2.236	1.796	2.440	2.252	2.572	2.420	2.240	2.336	2.176	1.748	1.640	2.132	2.444	2.464	2.088	1.864	2.008	2.456	2.328	2.280	2.264	2.264	2.036	2.520	2.472	2.636	2.404	2.460	2.440	2.336	2.132	2.528	2.248	2.424	2.180	2.188	2.192	2.384	2.416	2.516	2.136	1.960	2.496	2.864	1.632	2.100	1.944	2.248	2.240	2.316	2.636	2.504	2.452	2.320	2.296	2.072	2.596	2.612	2.872	2.576	2.508	2.196	2.136	2.412	2.584	2.344	2.344	2.472	2.392	2.552	2.196	2.488	2.508	2.136	2.360	2.340	2.140	2.084	2.564	2.432	2.192	2.096	2.436	1.600	2.296	2.396	2.452	2.288	2.384	2.292	2.172	2.276	2.376	2.460	2.176	2.320	2.364	2.388	2.344	2.444	2.044	2.532	2.376	2.348	2.884	2.324	1.852	2.196	2.268	2.348	2.112	2.144	2.212	2.300	2.604	2.228	2.488	2.320	1.724	2.628	
2.288	2.172	1.964	2.208	2.812	2.312	2.412	2.156	2.168	2.560	2.660	2.320	1.984	2.156	2.228	2.212	2.968	2.300	2.672	2.688	2.144	1.852	2.240	2.560	2.116	2.188	2.220	1.892	1.748	1.896	1.452	1.852	2.076	1.976	2.256	2.516	2.572	2.464	2.600	2.720	2.096	1.808	2.000	2.312	2.588	2.428	2.124	2.064	2.060	2.308	1.896	2.552	2.676	2.224	2.400	2.488	2.712	2.688	2.512	2.940	2.300	2.284	2.132	2.872	1.976	2.136	2.548	2.452	2.340	2.232	2.292	2.412	2.600	2.348	2.384	2.208	2.184	2.472	3.092	2.332	1.828	2.692	2.480	2.712	2.628	2.704	2.272	2.820	2.272	2.000	2.380	2.508	2.376	2.376	2.312	2.660	2.416	2.752	2.496	2.832	2.260	2.536	2.452	2.500	2.364	2.164	2.356	2.280	2.348	2.044	2.696	2.396	2.384	2.532	2.548	2.488	2.576	2.548	2.520	2.584	2.488	2.488	2.272	2.300	2.864	2.140	2.380	2.288	2.080	2.080	2.240	2.516	1.928	2.604	2.156	2.284	2.860	2.336	1.928	2.944	
2.996	2.328	2.360	2.328	2.980	2.260	2.544	2.356	2.296	2.396	2.532	2.636	2.484	2.392	2.100	2.436	2.636	1.840	2.340	2.092	2.500	2.016	2.212	2.380	2.680	2.516	1.996	2.480	2.172	2.040	1.912	2.232	2.480	2.284	2.264	2.348	1.836	2.548	2.040	2.280	2.244	2.240	2.356	2.520	2.420	2.388	2.368	2.124	2.080	2.224	2.300	2.340	2.508	2.548	2.304	2.016	2.376	2.616	2.440	2.072	2.480	2.460	2.628	2.884	2.064	2.364	2.108	1.956	2.284	1.964	2.060	2.472	2.500	2.676	2.320	2.140	2.268	2.328	2.440	2.000	2.380	2.880	2.800	2.444	2.812	2.704	2.296	2.064	2.108	2.080	2.196	2.084	2.248	2.228	2.424	2.320	2.152	2.380	2.340	2.724	2.916	2.328	2.568	2.560	2.192	2.356	2.432	2.176	2.120	2.004	1.664	2.188	2.040	1.992	2.072	2.188	2.400	2.260	2.204	2.340	2.408	2.388	2.320	1.792	2.840	1.924	2.064	2.404	2.100	2.148	1.796	2.200	2.336	2.264	2.208	1.924	2.740	2.268	2.392	2.632	
2.392	2.036	2.116	2.304	2.860	2.220	2.196	2.400	2.080	2.332	2.384	2.344	2.132	2.116	2.640	2.076	2.748	2.356	2.588	2.220	2.352	1.728	2.512	2.532	2.352	2.272	2.392	2.000	2.148	2.048	2.004	2.096	2.088	1.972	2.588	2.156	1.848	2.716	2.460	1.844	2.748	2.344	2.596	2.432	2.580	2.360	2.188	2.196	2.016	2.224	2.300	2.232	2.144	2.236	1.900	2.036	2.408	2.180	2.352	2.472	2.580	2.376	2.584	2.720	1.924	2.536	2.660	2.076	2.004	2.340	2.284	2.496	2.484	1.924	1.892	2.208	2.256	2.452	2.856	2.424	2.808	2.376	2.496	2.616	2.832	2.548	2.460	2.512	2.212	2.204	2.116	2.516	2.164	2.284	2.024	2.164	2.152	2.236	2.432	2.556	2.812	2.276	2.368	1.980	2.692	2.644	2.452	2.272	1.928	2.260	2.280	2.124	2.196	2.000	1.768	2.516	2.184	2.164	2.356	2.184	2.128	2.364	2.244	2.476	3.040	2.464	2.440	2.352	2.516	2.272	2.716	2.388	2.432	2.092	2.128	1.820	2.496	2.120	1.856	2.636	
2.680	2.216	2.524	2.052	2.884	1.976	2.224	2.228	2.148	2.052	2.504	2.180	2.048	2.436	2.100	2.080	2.516	2.436	1.928	2.256	2.280	2.056	2.340	2.592	2.288	2.316	2.104	2.080	2.124	2.120	1.416	2.172	1.996	2.224	1.956	2.232	1.876	2.820	2.648	2.292	2.424	2.324	2.396	2.560	2.364	2.584	2.372	2.108	2.412	2.428	2.056	1.796	1.748	2.048	1.928	2.052	2.088	2.344	2.468	2.224	2.452	2.252	2.516	2.792	1.960	2.216	2.404	2.196	2.496	2.436	2.168	2.372	1.952	1.848	2.244	2.228	1.908	2.128	2.952	2.128	2.452	2.524	2.432	2.448	2.860	2.688	2.216	2.596	2.620	2.364	2.432	2.444	2.436	1.940	2.064	2.388	2.356	2.376	2.560	2.328	2.512	2.532	2.480	2.096	2.308	2.088	1.980	2.124	2.452	2.424	2.476	2.464	1.796	2.048	2.456	2.024	1.872	2.376	2.112	2.188	2.392	2.332	2.440	1.932	2.440	1.968	2.040	2.368	2.724	2.284	2.456	2.848	2.056	2.240	2.596	2.152	2.260	1.944	2.112	3.012	
2.652	2.464	2.732	2.360	2.948	2.200	2.472	2.228	2.352	2.340	2.860	2.320	2.488	2.268	2.496	2.496	2.720	2.708	2.440	2.180	2.176	1.960	2.792	2.444	2.540	2.712	2.464	2.024	2.100	2.500	2.368	2.540	2.264	2.628	2.384	2.200	2.280	2.892	2.208	1.948	2.304	2.080	2.148	2.256	2.520	2.612	2.464	2.496	2.052	2.264	2.600	2.396	2.032	2.216	2.700	2.308	2.568	2.384	2.180	1.972	2.564	2.332	2.220	2.632	2.116	2.660	2.144	1.912	2.348	2.088	2.376	2.472	2.400	2.656	2.352	2.380	2.520	2.564	2.664	2.068	2.356	2.092	2.212	2.292	2.728	2.324	2.528	2.640	2.484	2.412	2.304	2.720	2.444	2.472	2.680	2.696	2.408	2.592	2.384	2.404	2.628	2.456	2.452	1.912	2.304	2.496	2.444	2.616	2.536	2.428	2.428	2.344	2.424	2.724	2.784	2.472	2.432	2.408	2.352	2.220	2.224	2.140	2.216	2.264	2.788	1.880	2.096	1.988	2.300	2.564	2.444	2.516	2.300	2.920	2.692	2.432	3.156	2.420	2.296	2.528	
2.304	2.236	2.260	2.476	2.928	2.292	1.816	1.944	2.080	2.140	2.356	2.372	1.904	2.500	2.428	2.416	2.688	2.420	2.588	2.220	1.864	1.896	1.872	2.156	2.392	2.212	2.136	2.232	2.216	1.988	1.464	1.752	1.872	2.224	2.428	2.224	2.060	2.600	2.576	2.160	2.188	2.140	2.176	2.200	2.352	2.164	2.316	2.368	2.128	2.000	2.032	2.236	1.848	2.260	2.024	2.332	2.308	2.672	2.404	1.832	2.784	2.256	2.768	2.668	1.888	1.960	1.884	2.076	2.108	2.192	2.172	2.376	2.168	2.284	1.984	2.480	2.696	2.344	2.704	2.100	2.376	2.140	1.876	2.336	2.452	2.068	1.840	2.012	1.704	1.912	1.936	2.016	2.272	2.052	2.112	2.148	2.432	2.544	2.820	2.512	2.984	2.176	2.332	1.892	2.456	2.256	1.768	1.704	1.888	1.732	1.800	2.088	2.108	2.104	2.312	2.220	2.268	2.332	2.532	2.372	2.512	2.060	2.012	2.128	2.596	2.180	1.476	1.896	1.780	2.056	1.476	1.868	1.924	1.816	2.332	2.248	2.820	2.320	2.012	2.520	
2.616	2.300	2.272	2.196	3.016	2.188	2.360	2.156	1.956	2.364	2.604	2.196	2.224	2.336	2.304	2.276	2.644	2.520	2.208	2.392	1.836	1.908	2.776	2.248	2.728	2.508	2.216	2.392	2.404	1.876	1.760	2.092	2.492	2.216	2.004	2.572	1.940	3.028	2.568	2.416	2.400	2.184	2.532	1.928	2.520	2.636	2.188	2.536	2.344	2.460	2.132	2.656	2.380	2.460	2.488	2.356	2.308	2.444	2.512	1.992	2.120	2.444	2.348	2.996	2.012	2.444	2.552	1.992	2.352	2.348	2.384	2.848	2.428	2.088	2.196	2.504	2.284	2.484	2.616	2.248	1.832	2.084	1.632	2.424	1.988	1.976	2.244	2.288	2.032	2.300	2.128	2.284	2.536	2.524	2.348	2.324	2.396	2.512	2.660	2.368	2.304	2.212	2.464	2.032	2.304	2.352	1.976	2.400	2.288	2.140	1.832	1.748	1.968	2.348	2.328	2.544	2.420	2.552	2.540	2.448	1.772	2.396	2.480	2.372	2.664	1.868	2.020	1.856	1.840	2.148	2.048	1.640	2.028	2.172	2.848	2.264	2.576	2.448	2.468	2.780	
2.744	2.332	2.288	2.248	2.920	1.836	2.248	2.456	1.872	2.736	2.408	2.448	2.096	2.052	2.236	2.276	2.700	2.724	2.808	2.548	2.248	1.992	2.544	2.120	2.692	2.520	2.380	2.468	2.588	2.324	2.208	2.444	2.580	2.204	2.676	2.436	2.168	3.012	2.628	2.248	2.460	2.420	2.384	2.128	2.480	2.240	2.472	2.740	2.216	2.296	2.348	2.132	2.096	2.476	2.764	2.364	2.408	2.640	2.492	1.956	2.408	2.608	2.824	2.532	2.044	2.296	2.164	2.140	1.904	2.292	1.860	2.004	2.012	2.124	2.500	2.304	2.340	2.764	2.936	2.004	2.192	2.600	2.360	2.860	2.472	2.276	2.436	1.976	1.824	2.136	2.296	2.048	1.696	2.144	2.348	2.400	2.600	2.552	2.672	2.636	2.904	2.636	2.544	2.300	2.488	2.152	2.492	2.464	2.204	2.480	2.492	2.384	2.320	2.408	2.192	2.252	2.112	2.528	2.104	2.204	2.624	2.496	2.360	2.516	2.780	1.860	2.024	2.256	2.052	2.596	2.184	2.140	2.288	2.364	2.284	2.232	2.660	2.220	1.812	2.456	
2.724	2.344	2.220	2.032	2.640	2.016	2.060	2.536	1.596	2.356	2.160	2.124	2.116	2.284	1.988	2.336	2.624	1.980	2.588	2.284	1.920	2.472	2.172	2.596	2.716	2.024	2.352	2.056	1.940	1.892	2.160	2.092	2.340	2.184	2.108	2.588	2.484	2.412	2.248	2.096	2.312	2.340	2.236	2.192	2.484	2.368	2.068	1.984	1.932	1.748	2.064	1.868	2.332	2.504	2.296	2.092	2.288	2.400	2.044	2.232	2.220	2.480	2.892	2.496	1.772	1.836	1.968	1.980	2.000	1.652	1.712	1.768	2.100	2.204	2.508	2.064	1.996	2.212	2.376	2.092	2.052	2.092	2.252	2.728	2.492	2.496	2.280	2.232	1.900	1.644	1.960	1.912	2.044	1.660	1.712	1.772	2.052	1.648	2.048	2.248	2.756	2.428	2.512	2.676	2.868	2.428	2.216	2.016	1.844	1.980	1.908	1.676	1.820	2.084	2.040	1.936	1.920	2.132	1.848	2.228	2.084	2.252	2.084	2.308	2.984	2.388	2.284	2.268	1.864	1.960	1.788	2.016	1.888	2.028	2.480	1.716	2.128	2.000	1.872	2.280	
2.420	2.068	1.956	1.984	2.632	2.012	1.916	2.276	2.272	2.916	2.284	2.548	2.080	2.416	2.548	2.560	3.128	2.508	2.636	2.292	1.816	2.084	2.500	2.812	2.668	2.144	2.196	2.220	1.924	1.992	2.128	2.036	2.180	2.072	2.492	2.640	2.500	2.100	1.852	1.752	1.816	2.248	2.372	2.392	2.532	2.004	2.096	1.776	1.972	1.904	2.004	2.184	2.248	2.196	2.480	2.804	2.336	2.460	2.128	1.776	2.000	2.372	3.092	2.720	2.132	1.916	2.016	1.996	2.104	2.040	1.864	2.000	2.136	2.480	2.292	2.372	2.488	2.220	2.196	1.928	2.064	2.116	2.016	2.272	2.440	2.460	2.644	2.740	2.132	2.388	2.280	2.284	2.336	2.224	2.512	2.348	2.232	2.584	2.000	2.152	2.452	2.220	2.284	2.424	2.228	2.408	2.268	2.668	2.592	2.160	2.440	2.592	2.040	2.088	2.200	1.800	2.416	2.668	2.352	2.340	1.980	2.012	2.236	2.244	2.908	2.236	2.540	2.408	2.620	2.476	2.252	2.772	2.576	2.644	2.604	1.740	2.184	2.476	2.088	2.972	
2.936	2.304	2.416	2.456	2.716	2.540	2.552	2.648	1.776	2.848	2.172	1.908	2.328	2.100	2.092	2.236	2.828	1.608	2.404	2.428	2.092	2.336	2.304	2.232	2.544	2.768	2.324	2.380	1.880	2.052	1.964	2.024	2.024	2.212	2.096	2.340	2.192	2.144	2.352	2.512	2.592	2.132	2.540	2.392	2.484	2.048	2.332	2.328	2.360	1.960	1.836	1.872	1.884	2.368	2.384	2.204	2.176	2.208	2.604	2.480	2.548	2.032	2.756	2.408	2.080	2.148	1.860	1.844	1.968	1.976	2.160	2.024	2.068	1.992	2.500	2.428	2.452	2.496	2.688	2.328	2.344	2.204	2.016	2.492	2.848	2.628	2.376	2.032	1.852	1.892	2.532	2.280	2.216	2.216	2.360	2.664	2.184	2.584	2.500	2.508	2.588	2.528	2.780	2.312	2.604	2.260	2.248	2.556	2.288	2.364	2.272	2.568	2.408	2.176	2.500	2.308	2.560	2.228	2.244	2.376	2.444	2.464	2.124	2.320	3.184	2.244	2.088	1.864	2.300	2.264	2.540	2.740	2.884	2.512	2.684	2.132	2.448	2.456	1.772	2.596	
2.872	2.224	2.272	2.272	2.888	2.232	2.604	2.148	1.784	2.624	2.472	2.432	2.120	2.360	1.932	1.808	2.372	2.488	2.724	2.560	2.216	2.336	2.468	2.192	2.616	2.524	2.144	1.952	2.344	1.944	2.260	2.044	2.200	2.436	2.496	2.248	2.468	2.692	2.428	2.480	2.716	2.432	2.584	2.520	2.612	2.512	2.640	2.440	2.684	2.600	2.128	2.272	2.148	2.380	2.248	2.248	2.108	2.352	2.580	2.888	2.736	2.300	2.968	2.664	2.392	2.504	1.780	2.712	2.452	2.456	1.824	2.404	1.976	2.268	2.356	2.092	2.348	2.148	2.988	2.588	2.816	2.384	2.476	2.748	2.948	2.184	2.128	2.068	2.180	1.960	2.072	1.992	1.876	2.024	2.316	1.900	2.000	2.276	2.340	2.616	3.084	2.580	2.604	2.684	2.524	2.580	2.156	1.872	2.064	2.056	2.064	2.088	1.920	2.048	1.960	2.072	2.156	2.328	2.332	2.540	2.400	2.664	2.416	2.316	2.620	2.024	2.140	1.948	1.572	1.648	1.640	1.688	1.940	1.852	2.244	1.644	2.196	2.524	1.640	2.544	
2.400	2.328	2.552	2.616	2.808	2.272	2.716	2.556	2.056	2.932	2.572	2.188	2.160	2.376	2.432	2.156	2.188	1.556	2.104	2.780	2.040	2.348	2.528	2.236	2.908	2.596	2.112	2.292	2.504	2.344	2.420	2.160	2.596	2.348	1.764	1.600	2.100	2.612	2.112	2.704	2.224	2.148	2.284	2.512	2.272	2.572	2.536	2.356	2.456	2.276	1.892	2.348	2.368	2.520	2.144	1.824	2.252	2.336	2.680	2.152	2.312	2.240	2.948	2.616	2.504	2.256	1.968	1.916	2.264	2.064	2.356	2.228	2.536	2.484	2.208	1.988	2.104	2.440	2.900	2.016	2.444	2.140	1.884	2.448	2.808	2.640	2.248	2.176	2.216	2.084	2.212	2.184	2.424	2.000	1.900	2.384	2.248	2.020	2.508	2.472	2.360	2.044	2.480	2.096	2.276	2.036	2.176	1.968	2.120	2.352	2.288	2.168	2.536	2.452	2.216	2.236	2.036	2.612	2.396	2.260	2.088	2.216	1.744	2.312	2.096	2.128	2.052	1.924	2.468	2.028	2.008	1.992	2.120	2.176	2.532	1.924	2.504	2.568	1.796	2.820	
2.944	2.468	2.064	2.356	3.104	2.316	2.088	2.228	1.900	2.512	2.180	2.452	2.192	2.056	2.132	2.560	2.612	2.060	3.056	2.556	1.964	2.140	2.288	2.336	2.424	2.508	2.320	2.276	2.140	2.252	2.332	2.416	2.076	2.272	2.336	2.580	2.200	2.740	2.928	2.540	2.764	2.320	2.204	2.320	2.412	2.356	2.328	2.372	2.288	2.272	2.080	1.924	1.988	2.108	2.076	2.392	2.520	2.536	2.588	2.624	2.556	2.260	2.704	2.512	1.976	2.180	1.624	1.864	1.764	2.116	2.256	2.052	2.100	2.516	2.236	2.272	2.140	2.256	3.300	2.308	2.588	2.476	1.872	2.356	2.532	2.280	2.072	2.008	1.616	2.128	2.012	2.124	2.284	2.480	2.680	2.148	2.380	2.088	2.496	2.652	2.784	2.040	2.444	2.316	2.756	2.288	2.236	2.020	2.124	1.968	2.056	2.016	1.884	2.220	2.176	1.988	2.220	2.212	2.192	2.112	2.540	2.220	2.152	2.304	2.988	2.008	1.788	2.160	1.968	2.052	2.260	1.692	2.184	2.440	2.660	1.700	2.388	1.784	1.640	2.444	
2.792	2.184	2.024	2.380	2.828	2.212	2.216	2.740	1.912	2.952	2.240	2.196	2.176	1.992	2.116	2.344	2.372	2.052	2.728	2.156	2.032	2.328	2.104	2.388	2.348	2.420	2.012	2.268	2.196	1.944	2.068	2.172	2.276	2.060	2.404	2.588	2.264	2.048	2.380	2.104	2.356	2.512	2.340	2.360	2.304	2.284	2.148	2.240	2.276	1.836	1.944	1.748	1.800	1.724	2.320	1.952	2.048	1.888	2.516	2.412	2.408	2.496	2.532	2.612	2.584	2.468	1.816	2.468	2.288	1.708	1.992	2.084	1.792	1.872	1.536	1.940	2.068	2.316	2.748	2.328	2.312	2.732	2.580	2.888	2.652	2.444	2.312	2.024	2.036	2.200	2.176	2.228	1.752	1.724	1.724	2.136	1.844	2.140	2.564	2.368	2.572	2.816	2.620	2.520	2.544	2.676	2.380	2.084	2.032	2.256	2.448	2.048	1.784	1.880	1.868	2.064	1.696	2.272	2.400	2.248	2.360	2.576	2.448	2.504	3.192	2.688	2.588	2.208	1.992	1.976	2.016	2.044	1.992	2.088	2.340	2.096	2.388	2.096	1.600	2.472	
2.532	2.232	2.116	2.616	2.796	2.152	2.092	2.288	2.252	2.756	2.524	2.312	2.360	2.364	2.324	2.140	2.728	2.104	2.452	2.508	2.012	1.964	2.616	2.416	2.520	2.140	1.972	2.652	2.772	2.332	2.748	2.584	2.520	2.268	2.560	2.204	2.340	2.912	2.788	2.284	2.580	2.392	2.364	2.568	2.344	2.300	2.372	2.456	2.476	2.652	2.408	2.624	2.652	2.528	2.432	2.268	2.416	2.620	2.248	2.300	2.280	2.372	2.252	2.600	2.744	2.628	2.176	2.488	2.252	2.320	2.276	2.228	2.308	2.100	2.188	2.192	2.524	2.760	2.908	2.188	2.128	2.288	2.332	3.044	2.488	2.312	2.872	2.548	2.436	2.528	2.432	2.548	2.384	2.180	2.152	2.296	2.224	2.372	2.488	2.096	2.512	2.484	2.296	2.356	2.564	2.400	2.772	2.460	2.724	2.380	2.184	2.200	1.752	1.940	1.980	2.348	2.564	2.732	2.248	2.284	2.116	2.552	2.352	2.368	3.212	2.752	2.528	2.668	2.156	2.600	1.996	2.440	2.636	2.268	2.728	2.172	2.892	2.340	2.208	3.104	
2.684	2.788	2.272	2.524	2.844	2.180	2.364	2.288	1.544	2.836	2.284	1.696	2.224	1.964	2.268	2.296	2.620	2.128	2.484	1.676	1.808	2.508	2.552	2.352	2.544	2.148	2.320	2.212	1.824	2.076	1.796	2.160	2.248	2.192	2.420	2.160	2.176	2.032	2.176	2.140	2.256	1.872	2.296	2.212	2.136	2.440	2.304	2.204	2.032	1.840	2.096	1.904	2.260	2.652	2.292	2.436	2.304	2.072	2.224	2.208	2.208	2.184	2.428	2.560	1.992	2.072	1.604	1.976	1.860	1.960	1.972	2.212	2.276	2.784	2.600	2.612	2.068	2.500	2.320	2.044	2.100	2.004	2.264	2.636	2.372	2.328	2.084	1.788	2.068	1.704	1.836	2.068	2.576	2.368	2.284	2.032	2.664	2.236	1.988	2.288	2.384	1.908	2.220	2.020	2.324	1.948	2.172	2.004	1.888	1.892	1.956	2.244	2.252	2.692	2.108	2.156	2.076	2.144	2.140	2.212	2.096	2.296	2.304	2.236	2.736	2.020	2.184	1.876	1.852	1.992	2.264	2.332	2.520	2.280	2.632	1.992	2.588	1.860	1.856	2.540	
2.080	2.444	2.404	2.224	2.916	2.080	2.204	1.984	1.612	2.680	2.364	2.304	2.200	2.032	2.332	2.076	2.180	2.096	2.644	2.296	1.684	2.100	2.532	2.412	2.288	2.512	2.192	2.296	2.000	2.052	2.176	1.604	1.868	2.092	2.196	2.264	2.012	2.076	2.188	2.248	2.216	2.172	2.204	1.992	2.272	2.032	2.128	2.428	1.884	2.088	1.944	2.120	1.932	2.192	2.164	2.512	2.048	2.088	2.436	2.128	2.152	2.308	2.156	2.432	2.176	2.356	1.428	2.352	2.084	2.368	2.356	2.312	2.108	2.600	2.028	2.184	2.324	2.164	2.892	1.912	2.460	2.248	2.376	2.476	2.348	1.912	2.288	1.720	2.076	2.228	2.160	2.280	2.576	2.300	1.956	1.952	2.088	2.472	2.216	2.376	2.200	2.564	2.344	2.144	2.176	2.304	2.268	2.056	2.192	1.780	2.008	1.952	1.868	2.248	1.928	1.660	1.816	2.296	1.924	2.196	2.056	2.116	2.332	2.244	2.712	2.020	1.820	2.196	2.140	2.336	2.428	2.280	2.420	2.276	2.544	1.952	2.648	2.004	1.604	2.104	
2.520	2.716	2.240	2.152	2.740	2.208	2.332	2.804	1.972	2.652	2.508	2.020	2.056	2.156	2.288	2.224	2.412	2.048	2.560	2.092	2.136	2.324	2.524	2.092	2.332	2.376	2.556	1.972	2.348	1.876	2.116	2.216	2.248	2.376	2.280	2.396	2.072	2.420	2.684	1.984	2.052	2.472	1.968	1.944	2.376	2.328	2.332	2.400	2.212	2.364	2.292	2.084	2.108	2.076	2.228	2.124	2.576	2.384	2.604	2.268	2.468	2.220	2.108	2.212	2.448	2.524	1.792	2.172	2.204	1.932	2.412	2.188	1.916	1.988	2.156	2.376	2.624	2.524	2.820	2.296	1.936	2.420	2.404	2.536	2.200	2.204	1.968	2.408	1.928	1.952	2.152	2.188	2.048	2.204	2.128	2.460	2.060	2.376	2.596	2.732	2.576	2.516	1.988	2.368	2.488	2.472	2.216	2.208	2.196	2.276	2.256	2.236	2.304	2.576	2.452	2.364	2.208	2.504	2.580	2.812	2.152	2.112	2.272	1.844	2.340	2.368	1.928	1.636	1.824	2.292	2.148	2.396	2.528	2.492	2.852	1.712	2.652	2.224	2.292	2.916	
2.724	3.144	2.860	2.404	2.996	1.888	1.912	2.268	1.728	2.748	2.112	1.772	1.956	2.500	2.428	2.160	2.748	2.292	3.164	2.516	1.804	2.356	2.496	2.508	2.352	2.336	1.876	1.896	1.900	2.128	2.252	2.008	2.532	2.328	2.408	2.736	2.800	2.660	2.592	2.312	2.400	2.428	1.944	2.272	2.596	2.172	2.476	2.140	2.084	2.076	2.220	2.172	2.168	2.220	2.272	2.680	2.536	2.624	2.288	2.488	2.432	2.212	1.992	2.208	2.796	2.452	1.720	1.984	2.220	2.064	2.328	2.204	2.476	2.772	2.604	2.672	2.420	2.736	2.912	2.480	2.824	2.480	2.344	2.212	2.000	2.076	2.368	2.156	2.148	2.344	2.636	2.232	2.532	2.484	2.352	2.012	2.324	2.280	2.620	2.256	3.132	2.100	2.572	2.248	2.192	2.476	2.368	2.156	2.460	2.656	2.420	2.208	2.092	2.004	2.228	2.392	2.048	2.460	2.360	2.360	2.696	2.428	1.904	1.980	2.592	2.396	1.868	2.132	2.424	1.972	2.176	2.260	2.212	2.424	2.268	1.864	2.348	2.408	2.044	2.384	
2.608	2.256	2.116	1.844	2.672	1.884	2.048	2.192	1.592	2.192	2.128	1.864	2.120	2.140	1.868	2.340	3.044	2.032	2.428	2.072	1.968	2.116	2.032	2.456	2.484	2.032	1.864	2.040	1.996	2.056	1.952	1.736	2.072	2.152	2.204	2.724	2.620	2.292	2.204	1.912	2.608	2.308	2.140	2.212	2.852	2.148	2.212	1.948	2.076	2.348	1.860	2.136	2.272	2.260	2.348	2.156	2.160	2.380	2.228	2.448	2.476	2.228	2.108	2.540	2.508	2.740	1.556	2.168	1.904	2.216	1.868	2.440	2.076	2.396	1.988	1.896	2.072	2.472	2.728	2.052	2.388	2.168	2.316	2.752	2.208	2.160	2.404	2.172	1.740	1.896	1.708	1.916	2.184	2.292	2.276	2.096	2.244	2.076	2.536	2.488	2.728	2.156	2.752	2.324	2.548	2.404	2.248	2.092	1.884	1.992	2.172	2.320	2.064	1.948	2.240	1.820	2.056	1.952	1.952	1.912	2.680	2.332	2.444	2.152	2.840	2.316	2.172	2.584	2.748	2.388	2.232	2.348	2.380	2.040	2.416	1.692	2.244	1.752	1.304	2.356	
2.652	2.112	2.448	2.448	2.732	1.872	2.044	2.272	1.444	2.068	2.208	1.956	2.004	2.044	1.952	2.144	2.440	2.288	3.240	2.528	1.928	2.368	2.644	1.976	2.284	1.976	1.784	1.772	1.936	1.936	1.712	2.120	1.972	2.072	2.240	2.280	2.316	2.756	2.676	2.392	2.040	2.060	2.284	2.264	2.064	2.200	1.976	2.020	2.060	2.012	2.216	2.120	1.904	2.028	1.936	2.156	2.556	2.336	2.808	2.188	2.288	2.304	2.292	2.364	2.456	2.316	1.932	1.924	2.108	1.976	2.204	2.216	1.968	2.096	2.068	2.404	2.320	2.500	2.876	2.568	2.524	1.832	2.172	2.624	2.120	1.956	2.264	1.884	1.876	2.072	1.788	1.460	1.860	1.900	1.824	2.348	2.320	2.324	2.656	2.668	2.456	2.004	2.436	2.156	2.592	2.432	2.644	2.276	1.988	2.028	2.360	2.432	1.884	2.184	2.492	2.872	2.384	2.408	2.556	2.560	2.072	2.052	1.776	1.860	2.804	2.244	2.372	2.464	1.816	2.844	2.340	2.028	2.348	2.412	2.780	2.608	3.084	1.996	2.108	2.796	
2.512	2.084	2.236	2.372	2.576	2.184	1.960	2.120	1.560	2.416	2.296	2.224	2.344	2.436	2.216	1.988	2.460	2.056	2.928	2.200	2.004	2.144	2.496	2.264	2.424	2.212	1.868	2.012	2.148	1.720	2.464	2.120	2.172	2.196	2.180	1.860	2.440	2.632	2.668	2.120	2.060	2.396	2.176	2.232	2.292	2.100	2.308	2.348	2.220	2.020	2.208	2.376	2.524	2.380	2.300	2.636	2.784	2.696	2.400	2.120	2.652	2.260	1.944	2.568	2.444	2.468	2.288	1.840	1.940	2.128	2.140	2.256	2.336	2.520	2.816	2.568	2.328	2.436	2.600	2.332	2.432	2.412	2.340	2.524	2.064	1.868	1.648	1.944	2.056	2.036	2.296	2.052	2.112	2.400	2.164	2.548	2.340	2.264	2.192	2.280	2.652	2.216	2.356	2.200	2.288	2.276	1.984	2.060	2.328	1.768	1.828	1.956	1.972	2.332	2.256	2.088	2.492	2.184	2.340	2.104	2.500	2.004	1.968	2.388	2.716	1.752	2.148	2.448	1.940	2.160	1.772	2.008	2.128	2.272	2.276	2.152	2.156	2.256	1.668	2.236	
2.544	2.380	2.660	2.804	3.280	2.468	2.076	2.380	1.764	2.384	2.196	2.048	1.836	2.060	2.480	2.340	2.712	2.148	2.836	2.300	1.764	2.268	2.648	2.848	2.540	2.344	2.052	2.224	2.076	1.872	1.628	1.792	2.400	2.136	2.124	2.500	2.388	2.588	2.432	2.040	2.060	1.772	2.360	2.160	2.524	2.772	2.028	2.012	2.108	1.916	2.092	1.936	2.304	2.308	2.188	2.368	2.488	2.528	2.596	2.556	1.888	2.272	2.436	2.488	2.668	2.128	2.112	1.956	2.312	2.404	2.464	1.896	2.148	2.360	2.248	2.432	2.388	2.424	2.724	2.832	2.492	2.308	2.204	2.532	2.236	2.204	2.264	2.032	2.784	2.444	2.304	2.516	2.260	2.252	2.268	2.216	2.328	2.568	2.688	2.416	2.824	2.380	2.372	2.132	2.380	2.384	2.244	1.804	2.100	2.444	2.440	2.632	2.696	2.264	2.208	2.044	2.628	2.600	2.616	2.400	2.164	2.392	1.940	2.104	2.680	2.044	2.304	2.240	2.244	2.216	2.292	2.412	2.544	2.480	2.732	1.844	2.456	2.344	1.812	3.160	
2.860	2.328	1.812	1.832	2.660	1.804	2.032	1.896	1.776	2.508	2.240	2.500	2.556	2.132	2.680	2.412	2.768	2.040	2.548	2.476	1.696	1.972	2.140	2.204	2.268	2.196	2.232	2.264	2.328	2.400	2.284	2.516	2.276	2.184	2.260	2.340	2.268	2.432	2.796	2.400	1.732	1.920	2.056	1.880	2.344	2.356	2.348	2.124	2.324	2.404	2.684	2.240	2.192	2.256	2.276	2.352	2.504	2.708	2.560	2.468	1.912	1.760	1.640	1.896	2.300	1.916	1.684	1.444	2.240	2.124	2.264	2.236	2.424	2.644	2.260	2.208	2.084	2.468	2.780	2.328	1.688	2.072	1.920	2.492	2.332	2.280	2.216	1.672	1.812	2.040	2.532	2.616	2.324	2.264	2.200	1.964	2.572	2.368	2.640	2.664	2.268	2.168	2.348	2.284	2.108	2.684	2.400	2.496	2.164	2.260	2.164	2.604	2.772	2.636	2.624	2.324	2.064	2.868	2.560	2.592	1.932	2.332	2.156	2.056	2.864	2.100	2.216	2.264	2.752	2.468	2.532	2.288	2.948	2.664	3.172	2.560	3.064	2.392	2.104	3.252	
2.460	2.452	2.480	2.212	2.748	2.232	1.892	2.088	1.288	2.268	2.420	2.396	2.120	2.160	2.432	2.644	3.028	2.116	3.120	2.392	1.632	2.168	2.448	2.076	2.280	2.428	2.068	2.280	2.188	1.872	2.016	1.852	2.476	2.312	2.428	2.608	2.464	2.296	2.912	2.192	1.976	1.856	2.188	2.048	1.956	2.280	2.292	2.288	2.340	2.476	2.036	2.700	2.420	2.756	2.208	2.560	2.504	2.664	2.752	2.396	2.308	2.128	2.148	2.028	2.592	2.232	2.124	1.856	2.220	2.404	2.336	2.576	2.748	2.948	2.776	2.388	2.884	2.932	2.688	2.408	1.960	2.556	2.192	2.224	2.280	2.508	2.156	2.100	1.952	2.220	2.180	2.108	2.064	2.192	2.440	2.288	2.908	2.568	2.592	2.544	2.340	2.624	2.100	2.404	2.376	1.844	2.056	2.556	2.224	2.512	2.028	2.244	2.092	2.256	2.148	2.364	2.664	2.884	2.864	2.472	2.496	2.472	2.388	1.904	2.236	1.928	1.732	1.936	2.248	2.268	2.420	2.024	2.344	1.904	2.196	1.728	2.620	2.324	2.208	2.892	
2.332	1.832	1.848	2.340	2.944	1.920	2.228	2.220	1.776	2.876	2.136	2.060	1.952	1.984	1.984	1.744	2.400	1.508	2.900	2.056	1.640	1.944	2.036	2.220	2.444	2.228	2.280	1.848	2.232	2.408	2.284	2.164	2.120	2.408	2.096	2.160	1.992	2.692	2.696	2.740	2.292	2.188	2.184	1.960	2.096	2.264	2.168	2.148	2.064	2.392	2.344	2.480	2.280	1.932	2.316	2.412	2.364	2.456	2.636	2.184	2.164	2.320	2.428	2.360	2.920	2.244	2.196	1.756	2.204	2.224	2.488	2.588	2.200	2.412	2.444	1.992	2.456	2.212	2.360	2.000	2.404	2.320	2.388	2.156	2.560	2.028	2.056	2.404	2.100	2.120	2.196	2.468	2.456	2.476	2.292	2.592	2.400	2.204	2.400	2.292	2.392	2.592	2.512	2.476	2.824	2.780	2.624	2.464	2.348	2.448	2.504	2.356	1.936	2.564	2.368	2.536	2.268	2.148	2.300	2.416	2.212	2.144	2.472	2.152	3.188	2.480	2.208	2.444	1.944	2.048	2.648	2.260	2.508	2.268	2.676	2.152	3.044	2.444	2.188	3.040	
3.360	2.544	2.124	2.336	3.228	2.472	2.276	2.056	1.584	2.556	2.556	2.352	2.376	1.976	1.932	2.340	2.688	1.988	2.140	2.240	2.036	2.232	2.628	2.524	2.520	2.748	2.232	2.528	2.372	2.228	2.128	2.304	2.116	2.140	2.220	2.060	1.888	2.596	2.328	2.548	2.472	2.004	2.292	2.404	2.756	2.432	2.424	2.244	2.316	2.580	2.124	2.208	2.416	1.852	1.824	2.000	1.892	2.240	2.948	2.064	2.408	2.328	2.324	2.564	2.904	2.648	2.492	1.808	2.208	2.212	2.252	2.252	2.088	2.404	2.440	2.200	2.252	2.440	3.112	2.532	2.596	2.184	2.068	2.484	2.532	2.176	2.240	2.072	2.468	2.276	2.076	2.212	2.280	2.500	2.256	2.584	2.088	2.420	2.448	2.684	2.600	2.492	2.524	2.432	2.312	2.192	2.248	1.936	2.300	2.068	2.288	2.024	2.336	2.456	2.340	2.428	2.176	2.416	2.456	2.180	2.328	2.748	2.436	2.192	2.572	2.272	2.248	2.060	1.812	2.192	1.704	1.792	2.504	2.320	2.684	2.284	2.524	2.152	1.932	2.600	
1.864	2.084	2.456	2.196	2.984	2.376	2.272	2.012	1.648	2.300	2.424	2.324	2.412	1.932	2.116	2.340	2.520	2.000	2.992	2.376	1.988	2.376	2.448	2.104	2.488	2.012	2.120	2.092	2.348	2.000	2.236	2.112	2.188	2.192	2.336	2.372	2.028	2.584	2.500	2.128	2.188	1.648	2.084	2.396	2.516	2.808	2.472	2.444	2.732	2.296	2.232	2.264	2.272	2.436	2.172	2.132	2.280	2.696	2.528	2.104	1.936	1.608	2.132	2.500	2.984	2.668	2.380	2.128	2.236	2.268	2.736	2.568	2.460	2.636	2.436	2.524	2.836	2.684	2.992	2.216	2.156	2.248	2.268	2.156	2.096	2.596	2.680	2.416	2.484	2.608	2.644	2.504	2.520	2.712	2.572	2.404	2.824	2.716	2.792	2.892	2.352	2.452	2.368	2.320	2.660	2.552	2.652	2.716	2.616	2.820	2.744	2.984	2.768	2.776	2.452	2.364	2.632	2.892	2.744	2.452	1.908	2.240	1.900	2.524	2.816	2.192	2.180	2.632	2.472	2.368	2.684	2.808	2.756	2.524	2.504	2.144	2.528	2.216	2.052	2.700	
2.364	2.184	2.064	2.660	2.892	2.276	2.156	2.136	1.376	2.712	1.696	1.840	1.692	2.212	1.984	2.404	2.540	1.832	2.580	2.348	2.100	2.448	2.448	2.308	3.020	2.568	2.576	1.784	1.780	1.644	1.636	1.744	1.696	2.048	2.476	2.460	2.088	2.332	2.424	2.120	2.284	1.900	2.236	2.768	2.600	2.516	2.172	2.000	1.856	1.544	1.960	1.584	1.548	1.672	2.236	2.100	2.080	2.180	2.336	2.096	2.524	2.260	2.132	2.448	2.984	2.352	2.304	1.916	1.524	1.960	2.324	2.284	1.796	1.964	2.256	2.240	2.312	2.124	2.880	2.356	2.424	2.704	2.392	2.408	2.512	2.308	2.240	2.308	1.984	2.028	2.008	1.588	1.744	2.232	1.756	2.060	2.128	2.280	2.176	2.164	2.664	2.452	2.108	2.728	2.264	1.884	1.888	1.740	1.700	2.044	1.924	1.908	2.060	2.000	1.900	2.192	2.296	2.112	2.360	2.156	2.632	2.340	1.900	2.336	2.712	1.940	1.972	1.880	1.956	2.316	1.936	2.000	1.652	2.052	2.100	2.188	2.464	2.080	1.820	2.948	
2.536	2.336	2.488	2.128	2.796	1.668	1.976	2.292	1.692	2.564	2.288	1.804	2.044	1.928	2.048	2.164	2.768	2.164	2.960	2.484	2.240	2.492	2.824	2.440	2.616	2.240	2.072	2.032	1.968	1.828	2.156	1.692	1.844	1.868	1.924	2.384	2.360	2.800	2.672	2.208	2.808	2.252	2.324	2.160	2.552	2.416	2.252	1.944	1.812	2.112	1.924	2.196	1.840	2.268	2.252	2.220	2.704	2.788	2.548	2.300	2.304	2.304	2.552	2.560	2.644	2.216	2.484	1.988	2.032	2.312	2.280	2.016	2.068	2.480	2.376	2.272	2.172	2.508	2.684	2.268	2.232	2.736	2.176	2.240	2.276	2.472	2.548	2.644	2.416	2.052	2.540	2.380	2.396	2.300	2.708	2.096	2.496	2.124	1.996	2.176	2.480	2.440	2.488	2.072	2.468	2.056	2.268	2.532	2.564	2.528	2.604	2.344	2.396	2.396	2.348	2.500	2.308	2.376	2.332	2.376	2.264	2.280	2.280	2.596	2.648	1.944	1.984	2.160	2.124	2.504	2.444	2.708	2.684	2.580	2.976	2.196	2.860	2.364	1.876	2.524	
2.360	2.176	2.240	2.396	3.144	2.200	2.260	2.320	2.012	2.556	2.600	2.192	2.724	2.416	2.200	2.548	2.044	1.716	2.428	2.624	2.464	2.500	2.648	2.544	2.628	2.264	2.224	2.408	2.268	2.316	2.204	2.636	2.600	2.352	1.904	2.508	2.244	2.396	2.268	2.400	2.396	2.112	2.436	2.564	2.152	2.400	2.600	2.108	1.948	2.396	2.124	2.472	2.348	2.524	2.296	2.504	2.660	2.704	2.508	2.220	2.560	2.560	2.688	2.712	3.008	2.592	2.376	2.048	2.216	2.512	2.432	1.948	2.508	2.664	2.436	2.428	2.712	2.660	2.968	2.084	2.612	2.720	2.668	2.608	2.564	2.904	2.572	2.688	2.368	2.696	2.524	2.136	2.208	2.688	2.352	2.312	2.728	2.464	2.596	2.644	3.076	2.352	2.436	2.300	2.888	2.384	2.492	2.404	2.396	2.788	2.380	2.392	2.360	2.280	2.352	2.156	2.408	2.784	2.580	2.472	2.616	2.572	2.416	2.488	3.244	2.552	1.988	2.292	2.136	2.420	2.232	2.208	2.600	2.240	2.876	2.168	2.344	2.420	2.312	2.944	
2.268	2.184	2.208	2.280	2.724	2.112	2.308	1.900	1.712	2.216	1.828	2.272	2.292	2.300	2.448	2.228	2.652	2.076	2.820	2.412	2.224	2.384	2.596	2.380	2.480	1.612	2.292	2.088	2.344	1.932	2.376	2.048	2.544	2.372	2.476	2.368	2.160	2.488	2.496	2.768	2.524	2.036	2.648	2.444	1.996	2.128	1.852	2.316	2.512	2.136	2.216	2.436	2.512	2.552	2.572	2.328	2.348	2.632	2.268	2.164	2.332	1.856	2.452	2.776	2.716	2.372	2.816	1.800	2.156	2.216	1.696	2.316	2.312	2.184	2.364	2.404	2.464	2.444	2.644	2.292	2.388	2.312	2.072	2.332	2.444	2.664	2.452	2.296	2.564	2.444	1.952	2.336	1.928	2.076	1.948	2.440	2.088	2.068	2.224	2.404	3.140	1.920	2.096	2.128	2.620	2.660	2.504	2.456	2.264	2.500	2.300	2.288	2.740	2.256	2.420	2.500	2.328	2.616	2.452	2.488	2.424	2.000	1.968	2.008	2.932	2.448	2.196	2.340	2.136	2.640	2.180	1.988	2.392	2.400	2.620	2.040	2.264	2.484	2.096	2.776	
2.196	2.284	2.584	2.376	2.824	1.972	2.028	2.144	1.636	2.564	1.776	2.032	2.064	2.284	1.832	2.092	2.212	2.084	2.492	2.136	2.240	2.428	2.404	2.280	2.416	2.480	1.936	2.244	2.396	2.132	2.008	2.276	2.332	2.416	2.488	2.448	2.016	2.148	2.492	2.320	2.576	1.784	2.172	2.432	2.228	2.172	2.068	2.144	2.532	2.348	2.640	2.588	2.456	2.504	2.492	2.592	2.152	2.252	2.528	2.600	2.648	1.884	2.296	2.388	2.948	2.332	2.348	2.136	2.756	2.796	2.648	2.428	2.580	2.328	2.280	2.276	2.500	2.472	2.880	2.528	2.344	2.224	2.284	2.436	2.312	2.444	2.172	2.464	2.592	2.528	2.540	2.596	2.336	2.348	2.388	2.440	2.384	2.464	2.752	2.392	2.236	2.204	2.484	2.328	2.216	2.360	2.272	2.368	2.420	2.556	2.568	2.524	2.596	2.400	2.720	2.360	2.168	2.360	2.420	2.696	2.204	1.760	2.168	2.152	2.804	2.232	2.136	2.236	2.344	2.328	2.004	2.112	1.908	2.508	2.852	2.172	2.640	2.428	2.184	3.104	
2.144	2.392	2.092	2.332	3.136	2.548	2.424	2.096	1.532	2.668	2.392	2.224	2.260	2.040	2.544	2.240	2.512	1.996	2.760	2.584	2.084	2.528	2.780	2.484	2.548	2.952	2.432	2.216	1.956	1.968	1.912	2.188	2.560	2.204	2.076	2.256	2.312	2.708	2.560	2.472	2.296	1.660	2.040	2.516	2.076	2.384	2.428	2.196	2.016	1.744	2.088	2.308	2.520	2.232	2.472	2.220	2.408	2.328	2.440	2.824	2.552	2.004	2.028	2.344	2.864	2.504	1.864	1.868	2.136	2.484	2.504	2.500	2.296	2.052	2.508	2.472	2.512	2.360	3.092	2.672	2.628	2.492	2.148	2.492	2.384	2.416	2.624	2.312	1.896	2.156	2.264	2.200	2.176	1.896	2.308	2.012	2.148	2.516	2.768	2.752	3.012	2.304	2.360	2.680	2.124	2.348	2.516	2.500	2.116	2.460	2.296	2.648	2.420	2.244	2.296	2.268	2.148	2.592	2.600	2.336	2.232	2.484	2.420	2.348	2.660	2.140	1.972	2.312	2.236	2.284	2.472	2.404	2.564	2.324	2.504	2.104	2.684	2.336	2.016	2.696	
2.332	1.928	1.960	1.960	2.788	2.716	2.052	1.896	1.316	2.144	1.760	1.864	2.152	2.180	2.104	2.280	2.828	2.008	2.536	2.632	1.948	2.152	2.200	2.032	2.192	2.412	2.008	1.904	2.152	2.116	2.016	2.300	2.348	2.288	2.212	2.468	2.396	2.968	2.084	2.268	2.516	1.932	2.164	1.980	2.488	2.152	2.084	2.152	2.424	2.416	2.648	2.324	2.360	2.292	2.252	2.080	2.340	2.448	2.632	2.200	2.364	2.488	2.524	2.776	3.016	2.620	2.532	2.272	2.636	2.356	2.436	2.344	2.340	2.248	1.996	2.624	2.464	2.392	2.812	1.980	2.516	2.196	2.360	2.428	2.488	2.784	2.652	2.532	2.444	2.532	2.248	1.988	2.360	2.216	2.272	1.988	2.744	2.456	2.532	2.640	2.424	2.616	2.916	2.440	2.636	2.336	2.564	2.556	2.384	2.520	2.052	2.164	2.204	2.200	2.020	2.148	1.948	2.156	2.216	2.072	2.204	2.012	2.012	2.196	3.092	2.104	2.516	2.708	2.348	2.800	2.700	1.944	1.896	1.972	2.148	1.464	2.276	2.092	1.884	2.816	
2.460	2.156	2.016	2.296	2.880	2.156	2.556	2.364	1.508	2.636	1.856	1.868	2.036	1.852	2.028	2.072	2.428	1.720	2.336	2.168	2.292	2.408	2.500	2.392	2.608	2.368	2.076	2.136	2.140	2.020	1.816	1.884	1.668	1.848	2.328	2.400	2.332	2.468	2.528	1.900	2.716	1.928	2.736	2.616	2.576	2.472	2.440	2.108	2.184	2.080	2.128	2.236	2.028	2.132	2.060	2.196	2.248	2.288	2.396	2.400	2.664	2.324	2.384	2.568	2.484	2.524	2.404	1.804	2.156	2.120	2.004	2.108	2.200	2.112	2.184	2.184	2.448	1.996	2.628	2.336	2.440	2.184	2.368	2.340	2.416	2.484	1.780	1.872	2.044	1.876	2.208	2.340	2.560	2.564	2.212	2.232	2.304	2.344	2.544	2.100	2.408	2.144	2.624	2.368	2.168	2.252	1.924	2.092	1.860	1.916	2.264	2.476	2.176	2.316	2.500	2.376	2.564	2.600	2.440	2.100	2.300	2.268	2.272	1.920	2.524	1.968	1.988	2.136	2.408	1.620	2.060	2.040	2.868	2.724	3.168	2.112	2.680	2.220	1.988	2.824	
2.564	2.320	2.380	2.584	3.036	2.300	1.988	2.164	1.504	2.700	2.416	2.260	2.276	2.352	2.352	2.132	2.692	1.680	2.700	2.408	2.372	2.620	2.632	2.512	2.776	2.632	2.440	1.892	2.188	2.204	1.804	2.096	2.044	2.424	2.352	2.508	2.396	2.196	2.108	2.104	2.848	2.176	2.424	2.740	2.628	2.476	2.320	2.024	2.440	2.316	2.060	1.904	2.288	2.332	2.312	2.180	2.296	1.916	2.296	2.504	2.708	2.164	2.236	2.540	2.680	2.504	2.060	1.892	1.956	2.260	2.036	2.088	2.316	2.008	2.280	2.224	1.940	2.260	3.060	2.372	2.516	2.056	2.140	2.248	2.240	2.212	2.056	2.328	2.084	1.972	1.832	1.844	1.676	1.932	2.160	2.072	2.208	2.108	2.236	2.608	2.548	2.448	2.224	2.084	2.296	2.028	2.128	2.308	2.196	2.256	1.932	2.012	2.132	2.148	2.056	2.180	2.052	2.372	2.220	2.084	2.948	2.732	1.952	2.124	2.592	1.536	1.908	1.984	1.856	2.356	2.220	1.768	2.148	2.204	2.632	2.164	2.628	2.212	1.968	2.580	
2.560	2.280	2.564	2.552	3.008	1.948	2.068	2.236	1.608	2.688	2.156	2.228	2.164	2.188	2.020	2.364	2.448	2.092	2.696	2.384	2.268	2.728	2.816	2.848	2.820	2.852	2.756	2.084	2.040	2.240	2.048	1.924	2.120	2.304	2.088	2.328	2.252	2.548	2.672	2.700	2.364	1.676	2.120	2.452	2.480	2.724	2.556	2.236	1.596	2.204	1.932	2.364	2.112	2.296	2.152	2.148	1.892	2.068	2.240	1.896	2.744	2.508	2.344	2.256	2.436	2.196	1.880	1.380	1.952	2.260	2.504	2.056	1.944	2.352	2.440	2.536	2.056	2.104	2.912	2.116	2.620	1.996	2.212	1.908	2.104	2.244	2.116	2.092	1.880	2.432	2.436	2.344	2.580	2.348	2.584	2.200	2.628	2.160	2.088	2.216	2.728	2.144	2.044	1.896	2.344	2.000	2.212	2.048	1.564	1.816	2.352	2.008	2.624	2.436	2.172	2.096	1.988	2.036	2.260	1.964	2.464	2.208	2.180	2.320	2.816	1.868	1.936	2.012	1.812	2.288	2.212	2.016	2.424	2.156	2.400	1.764	2.616	2.340	2.200	2.880	
2.032	2.088	2.260	1.932	2.584	1.840	1.796	2.072	1.912	2.436	2.332	2.172	2.344	2.140	2.264	2.284	1.688	1.900	2.512	2.308	1.892	2.088	2.144	2.024	2.040	1.888	2.032	2.032	1.576	1.708	2.088	1.984	2.104	2.452	1.892	2.040	1.564	2.220	2.516	2.032	2.700	1.824	2.008	1.868	2.068	2.084	2.128	1.836	1.540	1.820	1.728	1.852	2.152	1.900	2.048	1.712	2.120	2.600	2.024	2.124	2.308	2.272	2.392	2.104	2.324	2.068	2.288	1.616	1.640	1.952	1.752	2.012	1.900	2.136	1.760	2.088	2.188	2.204	2.688	1.880	2.608	1.976	1.968	2.152	1.872	2.276	2.148	2.324	2.116	1.720	1.932	2.228	1.984	2.004	2.388	2.296	2.240	2.100	2.048	2.212	2.612	2.184	2.188	1.728	2.432	2.464	2.308	1.952	2.020	2.220	2.044	2.304	2.096	2.204	2.520	2.432	2.184	2.100	1.756	2.216	2.016	1.536	1.856	1.764	2.596	1.784	2.272	2.052	1.936	2.104	1.988	1.996	2.012	2.248	2.144	1.712	2.588	2.100	1.804	2.908	
2.192	2.496	1.908	2.208	2.992	2.460	1.912	2.008	1.564	2.752	2.292	2.588	2.316	2.208	2.328	2.040	2.812	2.304	2.808	2.036	2.388	2.304	2.324	2.468	2.584	2.240	1.832	1.656	1.864	1.824	1.972	1.864	1.932	1.764	2.256	2.244	2.488	2.512	2.484	1.824	2.168	1.532	2.144	2.064	2.512	2.540	1.920	2.100	2.128	2.216	1.940	2.020	1.940	2.272	2.056	2.028	2.304	2.524	2.204	2.084	2.312	2.272	2.388	2.380	2.560	2.376	1.956	1.924	1.896	1.904	2.096	1.696	1.816	2.212	2.136	2.532	1.976	2.260	2.544	2.164	2.280	2.096	2.376	2.484	2.088	1.948	1.980	2.028	2.124	2.060	2.216	2.232	1.812	1.956	1.828	1.876	2.348	1.916	2.052	2.200	2.292	2.208	2.176	2.152	2.152	2.188	1.800	1.792	1.876	2.084	1.868	2.140	2.312	2.192	2.048	2.016	1.672	2.028	2.208	2.096	2.132	2.096	2.288	2.168	2.660	1.800	2.240	2.036	1.888	2.180	2.260	2.212	2.376	2.116	2.360	1.860	2.128	1.956	1.588	2.416	
2.668	2.336	2.340	2.100	2.956	2.396	2.452	2.672	1.764	2.568	1.788	1.976	2.048	1.860	1.708	2.064	2.068	1.664	2.540	2.764	2.400	2.292	2.344	2.484	2.508	2.488	2.024	2.332	2.092	2.188	1.860	2.304	2.180	2.064	2.432	2.188	1.996	2.284	2.344	2.664	2.984	1.880	2.320	2.348	2.288	2.312	2.728	2.300	2.248	2.212	2.012	1.984	1.980	2.268	2.468	2.224	2.352	2.284	2.236	2.164	2.204	2.112	2.436	2.336	2.604	2.616	2.008	1.872	2.064	2.280	2.220	2.180	2.108	2.192	2.400	2.412	2.576	2.736	2.860	2.456	2.740	2.600	2.412	2.168	2.152	2.376	2.572	2.464	2.132	2.440	2.336	2.540	2.424	1.988	2.456	2.352	2.136	2.156	2.284	2.260	2.508	2.484	2.772	2.568	2.724	2.624	2.088	1.796	2.428	2.160	2.432	2.364	2.280	2.472	2.408	2.528	2.156	2.436	2.236	2.192	2.252	2.820	2.696	2.456	3.124	2.592	2.036	2.148	2.344	2.212	2.300	2.528	2.336	2.448	2.504	2.224	2.776	2.120	2.336	2.576	
2.376	2.308	2.444	2.236	2.828	2.232	2.280	2.624	2.216	2.356	2.240	1.948	2.232	1.868	2.400	2.224	2.484	1.440	2.464	2.384	2.052	2.108	2.520	2.636	2.596	2.076	1.832	2.304	2.188	2.452	2.272	1.968	2.044	1.896	2.420	2.084	2.212	2.164	2.516	2.312	2.260	2.008	2.120	2.372	2.764	2.312	1.896	1.996	2.296	2.424	2.352	2.256	1.888	1.952	2.012	1.816	2.304	2.460	1.972	1.956	2.060	2.192	2.444	2.600	2.664	2.532	2.096	1.684	2.348	2.332	2.212	1.976	1.928	1.932	1.856	2.160	2.064	1.960	2.800	1.700	2.288	2.324	2.376	2.232	2.396	2.316	2.448	2.248	2.136	2.120	2.416	2.212	2.104	2.036	2.588	2.324	2.288	1.868	2.228	2.224	2.740	2.324	2.224	2.332	2.472	2.396	2.172	2.272	2.380	2.360	2.208	2.104	2.420	2.308	2.032	2.088	1.864	2.388	1.980	2.076	2.376	2.200	1.976	2.328	2.948	2.624	2.320	2.084	2.084	2.032	1.964	2.552	2.388	2.108	2.468	1.944	3.060	2.076	2.020	2.608	
3.184	3.092	2.388	2.136	2.696	2.160	2.384	2.556	1.776	2.308	2.028	1.960	2.292	2.248	2.628	2.424	2.988	2.064	2.872	2.728	2.452	2.532	2.524	2.532	2.500	2.196	1.504	1.740	1.912	2.220	2.380	2.500	2.360	2.424	2.752	2.640	2.688	3.068	2.504	2.160	2.952	2.224	2.696	2.292	2.412	2.452	1.972	1.788	1.828	2.120	2.636	2.524	2.240	2.208	2.472	2.944	2.880	2.820	2.460	2.616	2.380	2.304	2.272	2.724	2.528	1.876	1.800	1.556	2.100	2.124	2.208	1.848	2.260	2.304	2.308	2.464	2.748	2.800	2.852	2.180	2.512	2.588	2.180	2.348	2.184	2.104	2.324	2.072	2.396	2.024	2.280	2.240	1.872	2.200	1.816	2.564	2.520	2.504	2.512	2.448	2.616	2.272	2.272	2.592	2.468	2.196	2.316	2.216	2.380	2.332	2.136	2.336	1.968	2.060	2.236	2.524	2.612	2.428	2.584	2.180	2.524	2.212	2.128	2.052	2.984	2.140	2.040	1.956	2.260	1.944	2.484	1.972	2.340	2.128	2.628	1.872	2.808	2.532	2.004	2.780	
2.592	2.464	2.476	2.424	2.648	2.240	2.536	2.424	2.244	2.844	2.020	1.916	2.092	2.324	1.944	2.192	2.872	2.288	2.656	2.060	2.592	2.676	2.548	2.628	2.440	2.380	2.008	2.264	2.264	2.368	1.700	1.992	2.004	2.224	2.264	2.568	2.660	2.384	2.264	1.924	2.508	2.272	2.612	2.748	2.688	2.364	2.212	2.320	2.088	2.052	2.044	2.108	2.128	2.372	2.408	2.484	2.720	2.560	2.688	2.220	2.408	2.320	2.292	2.460	2.980	2.568	2.352	1.924	2.048	2.088	2.220	2.468	2.220	2.196	2.540	2.280	2.268	2.480	3.056	2.216	2.448	2.732	2.572	2.320	2.424	2.424	2.412	2.076	1.984	2.316	2.620	2.244	2.152	1.908	1.860	2.500	1.744	2.240	2.916	2.692	2.692	2.608	2.512	2.464	2.496	2.156	2.272	2.228	2.148	1.980	2.124	2.268	2.172	2.296	2.152	2.144	2.052	2.312	2.280	1.996	2.420	2.404	2.352	2.124	3.076	2.168	2.064	2.192	2.176	2.044	2.036	2.272	2.460	2.084	2.488	1.984	2.444	2.224	2.104	2.892	
2.284	2.032	1.948	2.124	2.812	2.164	2.300	2.692	2.012	2.336	2.260	1.956	2.044	2.028	2.088	1.956	2.668	1.936	2.708	2.372	2.012	2.216	2.540	2.288	2.540	2.484	2.036	1.940	2.124	2.048	2.216	1.948	2.116	1.884	1.824	2.604	1.964	2.576	2.728	2.172	2.344	2.008	2.412	2.356	2.340	2.316	2.496	2.008	2.084	2.000	1.860	2.164	2.304	1.988	2.008	1.984	1.964	2.348	2.628	2.356	2.096	2.036	1.876	2.196	2.856	2.120	2.012	1.824	2.096	2.584	2.528	2.612	2.172	2.264	2.008	2.264	2.848	2.152	2.940	1.876	2.460	2.080	2.128	1.892	1.856	1.780	2.208	2.064	2.208	2.056	2.120	2.496	2.496	2.228	2.552	2.508	2.136	2.320	2.384	2.512	2.768	1.868	2.120	1.756	1.968	1.696	2.036	2.136	2.088	2.256	2.296	2.308	2.404	2.512	2.312	2.324	2.748	2.408	2.384	2.316	1.960	1.828	2.028	1.976	2.480	2.040	1.980	2.148	1.716	2.016	2.164	1.760	2.616	2.624	2.736	1.900	2.460	2.504	2.188	2.656	
1.984	1.996	2.224	2.776	2.788	2.240	2.420	2.436	2.348	2.440	2.188	1.888	2.116	1.736	1.884	1.812	2.224	1.840	2.804	2.344	2.068	2.104	2.536	2.380	2.592	2.068	1.624	2.072	2.172	2.320	2.284	2.176	2.004	2.236	1.920	1.904	2.244	2.292	2.516	2.228	2.432	1.932	2.000	2.236	2.412	2.116	2.036	2.272	2.148	2.284	2.512	2.272	2.240	2.076	1.980	2.132	1.644	2.272	2.428	2.128	2.376	2.456	2.120	1.988	2.436	2.108	2.044	1.932	2.140	2.352	2.292	2.360	2.240	2.092	2.000	1.980	2.116	2.156	2.644	2.060	2.400	2.060	2.100	2.024	2.424	2.048	2.052	2.100	2.144	1.992	2.252	1.928	1.784	2.324	1.872	2.140	1.688	1.888	2.160	2.608	2.980	2.008	2.084	2.120	1.976	1.908	2.004	2.360	2.216	2.252	1.728	2.104	1.816	1.632	1.884	1.920	1.876	2.144	2.404	2.348	2.344	2.276	1.740	2.100	2.352	1.816	1.752	2.280	2.192	1.988	2.172	2.316	2.320	2.168	2.180	1.752	2.212	1.660	1.852	2.380	
2.528	2.028	2.128	2.068	2.640	1.776	2.008	2.596	1.868	1.612	2.020	2.104	2.264	2.056	2.248	2.056	2.704	1.932	2.828	2.312	1.996	2.224	2.400	2.160	2.452	1.944	1.852	2.152	2.208	2.044	1.956	2.012	2.256	2.452	2.256	1.992	1.844	1.852	2.268	2.100	2.348	1.628	2.268	2.496	2.484	2.532	2.192	2.336	2.248	2.304	2.424	2.212	2.156	1.984	1.944	1.956	2.188	2.156	2.124	2.172	1.952	1.876	2.116	2.888	2.808	2.532	2.048	2.240	2.424	1.976	2.060	2.116	2.252	2.064	1.832	1.640	1.764	1.976	2.640	2.416	1.692	2.204	2.348	2.396	2.088	2.164	2.100	2.316	2.100	2.272	2.168	2.416	2.240	2.532	2.060	1.816	1.964	1.744	2.084	2.488	2.360	2.320	2.800	2.172	2.424	2.392	1.884	2.072	2.176	2.428	2.232	2.368	2.320	1.972	1.896	1.580	2.064	2.212	2.248	2.292	2.312	2.132	2.104	2.352	2.888	1.880	2.024	1.904	1.952	2.080	2.328	1.956	2.268	2.288	2.164	1.296	2.144	1.828	1.792	2.432	
2.008	1.952	2.172	2.632	2.972	2.300	2.640	2.628	2.020	2.016	1.972	2.256	2.304	2.260	2.248	2.020	2.296	1.828	2.728	3.032	2.200	2.264	2.428	2.556	2.512	2.456	1.708	2.116	2.208	1.728	2.284	2.076	2.124	2.120	1.720	2.020	1.912	2.696	2.612	2.844	2.400	1.588	2.544	2.360	2.900	2.404	2.364	2.540	2.512	2.636	2.184	2.480	2.236	2.184	1.956	2.052	2.188	2.168	2.544	2.540	2.252	2.392	2.316	2.572	2.916	2.508	2.256	2.296	2.344	2.120	2.408	2.436	2.648	2.828	2.252	2.268	2.620	2.188	3.220	2.408	2.508	2.532	2.760	2.592	2.736	2.164	2.328	2.444	2.212	2.344	2.232	2.192	2.360	2.160	2.136	2.264	2.516	2.436	2.608	2.688	2.736	2.336	2.336	2.336	2.172	2.456	2.092	2.016	2.228	2.072	2.388	2.028	2.072	2.224	2.268	2.244	2.364	2.332	2.292	2.392	2.036	2.084	2.276	2.120	2.744	2.056	2.196	1.872	2.000	1.980	2.148	2.196	2.116	2.224	2.368	1.772	2.800	2.628	2.180	2.820	
2.372	2.344	1.708	2.124	2.660	1.748	1.992	1.980	1.860	2.180	2.284	2.128	2.068	2.048	2.196	2.100	2.268	2.028	2.528	2.000	2.004	1.984	2.016	2.256	2.340	1.972	1.676	2.016	1.940	1.912	2.012	2.220	2.348	2.280	2.316	2.276	2.168	2.504	2.372	2.072	2.552	1.840	2.328	2.100	2.496	2.652	1.816	2.080	1.892	1.952	1.924	1.740	2.188	2.176	2.240	2.436	2.688	2.520	2.680	2.084	2.360	2.208	1.876	2.336	2.892	2.012	2.128	1.596	2.216	2.252	2.472	2.252	1.908	1.856	2.224	2.188	2.032	2.300	2.776	2.468	2.596	2.152	2.360	1.948	2.044	2.228	1.576	1.864	2.092	2.280	2.076	2.168	2.504	2.428	2.200	2.112	2.196	2.376	2.680	2.476	2.712	2.316	2.132	2.296	2.008	2.096	2.300	2.072	1.996	1.924	1.836	2.520	2.164	2.128	2.208	2.260	2.368	2.688	2.588	2.508	1.964	2.468	2.552	2.092	2.636	1.796	2.164	2.220	2.004	2.088	2.368	2.200	2.124	2.472	2.372	2.112	2.868	2.208	2.472	3.276	
2.560	2.148	1.348	1.636	2.596	2.204	2.248	2.408	1.860	2.008	1.564	1.684	1.852	2.024	2.336	2.064	2.328	1.808	2.908	2.608	1.984	1.756	1.892	1.888	2.064	2.188	1.644	1.816	2.044	1.988	1.588	1.756	1.656	2.080	2.304	2.180	2.672	2.364	2.516	2.380	2.372	1.816	2.072	2.076	2.476	2.108	1.804	1.828	2.140	2.160	2.224	2.104	2.352	2.044	2.020	2.476	2.308	2.220	2.112	2.456	2.472	2.132	2.120	2.104	2.412	2.148	1.904	1.644	1.916	2.076	2.152	1.972	1.852	1.980	2.228	2.104	2.016	2.072	2.904	2.104	2.204	2.360	2.444	1.952	2.032	2.284	2.400	2.660	1.992	2.312	2.228	2.044	1.964	1.708	1.960	1.940	2.256	2.232	2.380	2.160	2.568	2.272	2.416	2.348	2.516	2.380	2.004	2.172	2.564	2.056	1.688	2.252	2.152	1.980	2.196	2.108	2.084	2.024	2.148	1.984	2.340	2.296	2.428	2.040	2.660	2.216	2.148	2.124	2.316	2.132	1.984	2.568	2.408	2.280	2.576	2.024	2.608	2.072	1.996	2.632	
2.504	2.396	2.648	2.444	3.184	2.480	2.376	2.220	2.400	2.400	2.472	2.556	2.092	2.404	1.948	1.900	2.240	1.920	2.336	2.220	2.120	2.512	2.788	2.484	2.704	2.456	1.728	2.452	2.320	2.128	2.136	2.128	2.236	2.108	1.676	2.264	2.168	2.156	2.416	2.176	2.604	1.848	2.384	2.340	2.624	2.528	2.232	2.288	1.852	2.124	2.148	2.192	2.240	1.856	2.032	1.896	1.996	2.268	2.620	2.204	1.932	2.116	2.604	2.932	2.816	2.832	2.864	2.284	1.916	2.000	1.780	1.864	2.240	2.108	1.800	2.316	2.416	2.520	2.916	2.316	2.016	2.304	2.464	2.620	2.608	2.656	2.784	2.628	2.132	1.804	2.152	2.128	1.888	2.220	2.092	2.508	2.496	2.496	2.692	2.536	2.584	2.628	2.684	2.704	2.676	2.304	1.996	2.236	2.028	2.144	2.560	2.648	2.624	2.436	2.612	2.620	2.044	2.496	2.756	2.740	2.344	2.348	2.964	2.208	2.876	2.296	2.000	2.096	2.568	2.316	2.652	2.412	2.596	2.852	2.852	2.152	2.860	2.376	2.224	3.144	
1.928	2.140	1.724	1.920	2.484	2.312	2.416	2.448	2.028	2.324	2.332	1.944	2.092	2.004	2.176	2.292	2.392	2.452	2.640	2.056	1.792	1.952	2.224	1.992	2.208	2.512	1.724	1.944	2.228	2.072	1.980	2.416	2.160	2.068	2.288	2.392	2.304	2.508	2.304	2.324	2.308	2.000	2.304	2.312	2.404	2.160	2.012	2.316	1.764	2.128	2.516	2.372	1.948	2.540	2.360	2.196	2.200	2.200	1.936	2.424	2.180	1.980	2.108	2.112	2.204	2.384	2.544	2.192	2.200	1.952	2.184	2.284	2.112	2.524	2.436	2.084	2.460	1.860	2.904	2.264	2.000	2.344	2.376	1.828	2.152	2.620	2.492	2.544	2.272	2.564	2.344	2.464	2.416	2.320	2.248	2.400	2.176	2.324	2.296	2.144	2.416	2.628	2.468	2.468	2.620	2.312	2.260	2.296	2.244	2.260	2.392	2.372	2.452	2.260	2.020	2.372	2.380	2.376	2.280	2.000	2.340	2.452	2.560	2.356	2.808	2.288	2.424	1.940	2.036	2.172	2.344	2.164	2.628	2.684	2.576	2.188	2.796	2.712	2.256	2.416	
2.280	2.416	2.144	2.148	2.716	2.164	2.512	2.616	2.412	2.092	2.168	1.964	2.084	1.948	1.712	2.204	2.800	2.132	2.812	2.272	2.300	2.204	2.152	2.100	2.484	2.172	1.876	2.000	2.012	2.180	2.248	2.276	2.092	1.960	1.972	2.200	2.680	2.276	2.160	2.044	2.832	2.192	2.556	2.280	2.060	2.424	2.236	2.156	1.504	2.140	2.088	2.328	2.224	2.140	2.440	2.448	2.352	2.124	2.216	1.920	2.264	2.356	2.460	2.284	2.356	2.704	2.212	2.208	2.104	2.420	2.192	2.132	2.276	2.232	2.148	2.156	2.252	2.272	2.388	2.056	2.240	2.648	2.464	2.476	2.544	2.188	2.416	2.348	2.192	2.344	2.340	2.136	2.520	1.836	2.080	2.560	2.412	2.324	2.864	2.400	2.976	2.484	2.204	2.396	2.128	2.164	2.124	2.280	2.200	2.560	2.192	2.264	2.020	2.044	2.136	2.076	2.392	2.288	2.452	2.656	2.764	2.704	2.344	2.376	2.640	1.688	2.072	2.092	2.344	2.224	2.084	2.408	2.348	2.068	2.792	2.048	2.552	2.088	2.088	2.920	
2.152	2.068	1.872	2.140	2.760	2.448	2.288	2.736	2.388	2.548	2.532	2.364	2.288	2.424	2.048	2.352	2.760	2.296	2.608	2.456	2.216	2.224	2.236	2.148	2.432	2.772	2.160	2.144	1.796	2.212	2.268	2.156	2.052	2.184	2.260	2.348	2.568	2.628	2.424	2.380	2.352	1.488	2.072	2.604	2.580	2.372	2.152	2.148	1.800	1.636	2.108	2.076	2.328	2.124	1.924	2.160	2.436	2.880	2.400	2.092	2.300	2.144	2.136	2.304	2.432	2.192	2.220	1.436	1.456	1.928	2.052	2.288	2.460	2.700	2.452	2.548	2.128	2.788	2.880	2.380	1.948	2.432	2.288	2.212	2.196	1.976	2.260	2.140	1.920	1.756	2.184	2.228	2.284	2.616	2.484	2.404	2.792	2.480	2.240	2.220	2.496	2.636	2.412	2.372	2.096	2.512	1.992	2.216	2.224	2.324	2.368	1.796	2.324	2.056	2.368	2.592	2.680	2.424	2.524	2.704	2.488	2.720	2.416	2.228	3.124	1.948	2.412	2.416	2.184	2.032	2.244	2.180	2.036	2.460	2.476	2.352	2.692	1.996	1.980	2.808	
2.344	2.404	2.280	2.320	2.988	2.556	2.908	2.600	2.196	2.772	2.388	2.288	2.228	2.260	2.172	2.428	2.708	2.172	2.600	2.148	1.780	1.944	2.308	2.432	2.676	2.488	1.992	2.376	2.664	2.172	2.208	2.308	2.144	2.392	2.216	2.304	2.108	2.144	2.272	2.084	2.220	2.436	2.408	2.248	2.468	2.324	2.368	2.140	2.012	1.888	2.296	2.184	2.344	2.548	2.264	2.020	2.000	2.456	2.184	2.176	2.572	2.540	2.460	2.384	2.668	2.272	2.308	1.600	1.580	1.856	2.268	2.216	2.140	2.032	2.192	2.388	2.236	2.236	2.520	2.036	2.232	2.592	2.404	2.216	2.408	2.256	2.356	2.556	2.472	1.916	2.332	2.380	2.232	2.096	1.868	1.952	2.180	2.124	2.276	2.388	2.860	2.716	2.324	2.412	2.464	2.640	2.316	2.396	2.096	2.020	1.928	2.124	2.200	2.296	2.268	2.052	2.076	2.192	2.120	2.112	2.512	2.444	2.204	2.160	3.104	2.200	2.348	1.692	1.956	1.924	2.128	1.972	2.412	2.208	2.268	1.940	2.304	1.892	1.828	2.680	
2.696	1.956	2.512	2.088	2.748	2.416	2.596	2.456	1.708	1.992	1.948	2.412	2.464	2.312	2.420	2.576	2.508	2.248	2.972	2.300	1.728	1.864	2.372	2.288	2.248	2.356	1.784	2.136	1.832	2.032	2.124	1.860	2.020	2.284	2.348	2.632	1.980	2.392	2.464	1.868	2.324	1.860	2.304	2.140	2.608	2.160	1.996	2.244	1.980	1.996	2.148	1.856	2.000	2.084	2.340	2.336	2.620	2.424	2.612	2.008	2.408	2.336	2.112	2.440	2.704	2.468	1.968	1.808	1.948	1.592	1.620	1.624	1.908	2.180	2.336	2.056	1.944	2.656	2.756	1.984	1.972	2.360	2.652	1.948	2.188	2.028	2.016	1.888	2.064	1.596	1.384	1.768	1.616	1.876	1.960	1.776	1.784	2.456	2.592	2.368	2.392	2.112	2.232	2.076	1.988	2.260	1.672	1.812	1.708	1.760	1.528	1.856	1.704	1.932	2.064	2.276	2.320	2.132	2.468	2.308	2.004	2.080	1.972	2.128	2.736	2.000	1.700	1.824	1.644	1.568	1.676	1.724	1.944	2.072	2.500	2.408	2.852	2.376	2.284	2.896	
2.948	2.100	2.116	2.424	2.652	2.008	2.252	2.104	2.196	2.268	1.768	1.864	2.080	2.104	2.532	2.484	2.788	2.160	2.872	2.844	1.824	2.208	2.516	2.576	2.472	1.956	1.456	2.092	2.252	1.920	1.932	1.700	2.172	2.304	2.692	2.956	2.636	2.496	2.292	2.772	2.556	2.692	2.708	2.372	2.616	2.568	1.992	2.072	2.156	2.256	2.124	2.392	2.252	2.360	2.388	2.552	2.440	2.376	2.160	2.460	2.616	2.464	2.752	2.776	2.616	2.276	2.244	1.888	2.300	2.260	2.232	2.816	2.180	2.372	2.420	2.492	2.260	2.232	3.148	2.288	2.588	2.404	2.736	2.320	2.436	2.584	2.048	2.056	1.876	2.280	1.944	2.464	2.404	2.564	2.516	2.792	2.424	2.368	2.368	2.484	2.736	2.520	2.404	2.540	2.700	2.512	1.996	2.120	2.264	2.224	2.344	2.596	2.592	2.724	2.096	2.356	2.240	2.080	2.368	2.436	2.128	2.612	2.412	2.280	2.476	1.944	2.128	2.024	2.204	2.184	2.152	2.568	2.332	2.252	2.588	1.616	2.252	2.076	1.972	2.932	
2.584	2.396	2.588	2.604	2.980	2.240	2.704	2.720	2.448	2.484	2.268	2.132	2.172	1.744	2.216	2.112	2.540	1.848	2.804	2.444	1.712	2.708	2.868	2.948	2.848	2.272	2.296	2.688	1.776	2.320	2.060	1.912	2.304	2.212	2.464	2.456	2.740	2.748	2.380	2.436	2.372	2.444	2.136	2.624	2.836	2.584	2.512	2.556	2.224	2.020	2.208	2.084	1.864	2.324	2.124	2.436	2.664	2.400	2.408	2.272	2.432	2.616	2.396	2.932	2.968	2.408	2.272	1.928	1.944	2.016	2.648	2.464	2.148	2.264	2.364	2.548	2.616	2.704	3.184	2.356	2.064	2.260	2.224	2.636	2.460	2.488	2.412	2.224	2.468	2.076	2.204	2.668	2.400	2.296	2.568	2.596	2.160	2.772	2.496	2.428	2.508	2.532	2.716	2.436	2.620	3.004	2.624	2.320	2.224	2.248	2.408	2.336	2.516	2.568	2.392	2.600	2.556	2.652	2.676	2.400	2.352	2.172	2.532	2.204	2.748	2.328	2.504	2.148	2.096	2.412	2.444	2.200	1.976	2.212	2.532	2.172	2.480	2.484	2.072	2.920	
2.712	2.612	2.272	2.304	2.572	1.848	2.060	2.528	2.228	2.344	1.836	2.204	1.996	1.952	2.788	2.144	2.620	1.836	2.280	2.472	1.812	2.008	2.180	2.036	2.656	2.120	1.952	2.680	2.492	2.480	1.968	2.356	2.260	2.328	1.968	2.516	2.208	2.352	2.200	2.268	1.968	1.876	2.028	1.884	1.996	2.524	2.376	2.284	2.176	2.268	2.376	2.152	2.240	2.232	2.268	1.892	1.924	2.232	2.260	2.116	2.292	2.456	2.120	2.168	2.684	2.352	2.076	1.788	2.148	2.368	2.148	2.412	1.924	1.960	2.008	1.996	2.112	2.140	2.552	2.132	2.244	2.312	2.712	1.800	2.220	2.328	2.212	2.224	2.264	2.176	2.292	2.100	2.096	2.108	2.328	2.684	1.852	2.520	2.296	2.052	2.524	2.632	2.396	2.448	2.316	2.248	2.480	2.176	2.192	2.432	2.236	2.360	2.532	2.412	2.380	2.392	2.780	2.504	2.192	2.152	1.960	2.112	2.272	2.252	2.800	1.968	2.248	2.180	2.048	2.252	2.316	1.956	2.848	2.580	3.092	2.308	2.796	2.804	2.196	2.796	
2.296	2.592	2.752	2.468	2.912	2.152	2.448	2.828	1.804	2.208	2.056	2.412	2.340	2.184	2.536	2.296	2.412	2.132	2.436	2.912	1.716	2.168	2.516	2.364	2.332	2.452	1.964	2.280	2.192	2.248	2.256	2.348	2.708	2.144	2.296	2.460	2.808	3.212	2.380	2.560	2.276	2.380	2.520	2.440	2.628	2.140	1.980	2.700	2.636	2.116	2.572	2.600	2.760	2.888	2.840	2.604	2.496	2.764	2.772	2.208	2.472	2.384	2.584	2.540	2.992	2.508	2.292	2.364	2.472	2.264	2.592	2.496	2.556	2.756	2.652	2.824	2.532	2.768	2.768	2.340	2.432	2.428	2.324	2.528	2.356	2.624	2.588	2.628	2.536	2.640	2.504	2.460	2.768	2.540	2.620	2.280	2.428	2.376	3.028	2.592	2.752	2.364	2.436	2.516	2.508	2.432	2.312	2.244	2.608	2.412	2.352	2.344	2.356	2.524	2.364	2.476	2.572	2.640	2.564	2.440	2.500	2.384	2.388	2.104	2.872	1.988	2.204	2.420	2.084	2.136	2.044	1.936	2.036	2.112	2.652	1.896	2.548	2.216	2.296	2.960	
2.284	2.408	2.332	2.124	2.904	2.592	2.960	3.032	2.480	2.544	2.760	2.600	2.576	2.316	2.252	2.468	2.736	2.172	2.628	2.544	1.984	2.152	2.428	2.340	2.524	2.668	2.536	2.228	2.644	2.660	2.424	2.192	2.424	2.240	2.592	2.600	2.400	2.796	2.132	1.896	2.504	2.436	2.172	2.516	2.364	2.600	2.452	2.360	2.664	2.648	2.528	2.504	2.384	2.412	2.728	2.608	2.376	2.380	2.460	2.308	2.532	2.452	1.948	2.400	2.676	2.368	2.128	2.268	2.224	2.204	1.840	2.256	2.212	2.236	2.312	2.220	2.124	2.148	2.412	2.332	2.776	2.348	2.324	2.136	2.264	2.288	2.204	2.244	2.168	1.944	1.928	2.172	2.084	2.248	2.372	2.232	2.260	2.336	2.240	2.532	3.076	2.260	2.596	2.244	2.212	2.424	2.052	1.996	2.252	2.112	2.252	2.204	2.520	2.140	2.380	2.092	2.264	2.360	2.232	1.936	2.436	2.360	1.856	2.348	3.080	2.476	2.468	2.280	2.220	1.912	1.852	2.324	2.244	2.532	2.396	1.764	2.500	2.048	1.312	2.180	
2.696	2.412	2.148	2.176	2.484	2.344	1.948	2.632	2.220	2.204	2.448	2.436	2.528	2.088	2.340	2.424	2.488	2.064	2.440	2.980	1.848	1.916	2.424	2.536	2.496	2.756	2.092	1.868	1.928	2.156	2.272	2.296	2.352	2.416	2.436	2.356	2.544	2.724	2.548	2.464	2.192	2.360	2.208	2.396	2.456	1.928	2.228	2.280	2.196	2.288	1.976	2.000	2.148	2.056	2.136	2.404	2.512	2.456	2.520	2.280	2.524	2.196	2.212	2.296	2.920	2.348	1.924	1.880	2.388	2.148	2.264	2.268	2.228	2.180	2.016	2.128	2.004	2.672	2.788	2.212	2.432	2.360	2.264	2.200	2.416	2.476	2.368	2.520	2.380	2.376	2.088	2.244	2.136	2.384	2.028	2.120	1.928	1.960	2.496	2.404	2.524	2.620	2.460	2.680	2.856	2.628	2.384	2.460	2.356	2.124	2.208	2.316	2.524	2.260	2.344	2.184	2.036	2.316	2.256	2.268	2.740	2.008	2.080	2.364	2.908	2.616	2.508	1.912	1.860	2.056	2.184	1.968	2.332	2.352	3.104	1.912	2.176	2.332	1.556	2.728	
2.688	2.644	2.288	2.376	2.312	2.824	1.856	2.776	1.948	2.404	2.128	2.188	1.856	2.152	2.068	1.760	2.780	1.884	2.256	2.952	1.620	2.368	2.400	2.676	2.648	2.264	1.976	1.796	2.176	2.148	2.268	2.000	2.080	2.168	1.864	2.288	1.948	2.540	2.284	2.172	2.076	2.196	1.920	2.124	2.592	2.848	2.476	2.124	2.280	2.020	1.968	2.128	1.792	1.952	2.100	1.968	2.128	2.460	2.612	2.072	2.096	2.264	2.348	2.472	2.664	2.712	1.804	2.120	2.136	2.124	2.524	2.356	2.220	2.176	2.272	2.464	2.520	2.572	2.524	2.208	2.500	2.688	2.384	2.132	2.528	2.208	2.508	2.048	1.988	2.428	2.300	2.488	2.528	2.308	2.200	2.708	2.520	2.276	2.656	2.624	2.724	2.232	2.340	2.088	2.592	2.552	2.380	1.968	2.012	2.036	2.436	2.212	2.480	2.200	2.336	2.344	2.456	2.540	2.452	2.204	2.556	2.864	2.384	2.044	2.712	2.380	2.352	2.388	2.044	2.012	2.324	2.252	2.056	2.352	2.728	2.260	2.652	2.352	1.920	2.436	
2.660	2.208	1.960	2.244	2.452	2.800	2.024	2.616	2.536	2.428	2.424	2.272	2.044	2.200	2.020	2.324	2.624	2.096	2.900	3.292	2.040	2.184	2.276	2.732	2.272	2.560	2.740	2.464	2.344	2.296	2.192	2.132	2.164	1.988	2.104	2.764	2.696	3.272	2.456	2.468	2.248	2.476	2.524	2.408	2.724	2.408	2.452	2.144	2.880	1.752	2.020	1.832	2.416	1.956	2.136	2.016	2.300	3.008	2.676	2.364	2.136	2.516	2.564	3.108	2.816	2.660	2.204	2.052	2.044	1.936	1.932	2.040	2.136	2.060	2.008	2.372	1.972	2.436	3.040	2.552	2.360	2.424	2.116	2.312	2.456	2.464	2.284	2.052	2.056	1.732	2.004	2.036	1.928	2.084	2.180	2.592	2.364	2.680	2.236	2.764	2.972	2.284	2.172	2.296	2.060	2.000	1.888	1.724	1.756	2.228	1.884	2.084	2.160	2.276	2.136	2.576	2.452	2.548	2.560	2.632	2.516	2.172	2.260	1.692	2.504	1.560	1.944	1.864	1.728	1.840	2.160	2.056	2.336	2.424	2.616	1.900	2.848	2.300	2.168	2.700	
2.424	2.036	2.064	2.064	2.384	2.612	2.016	2.280	1.676	1.772	1.644	2.188	2.188	2.044	2.156	2.396	2.848	1.720	2.340	2.564	1.488	1.932	2.028	2.012	2.084	2.020	2.068	1.744	1.540	2.092	1.836	1.928	2.092	2.176	2.076	2.328	1.992	2.548	2.088	2.628	2.024	1.900	2.012	1.884	1.876	2.016	1.768	1.744	2.308	1.408	1.676	1.832	1.868	1.816	2.196	1.984	2.288	2.576	2.460	2.244	1.772	2.212	2.040	1.828	2.364	1.992	1.832	1.784	1.592	1.556	1.972	1.992	2.068	2.296	1.964	2.104	2.380	2.752	2.356	2.268	1.768	2.128	2.196	2.332	2.104	2.244	2.124	2.160	1.752	1.588	1.940	2.012	2.064	2.036	2.472	2.752	2.608	2.524	2.436	2.352	2.352	2.292	2.340	2.212	2.468	2.324	1.980	1.932	2.072	1.644	2.152	2.416	2.432	2.332	2.084	2.664	2.088	2.620	2.264	2.376	1.984	2.044	2.052	2.420	2.820	2.324	2.436	1.904	2.268	1.636	2.260	2.020	2.244	2.556	2.924	2.628	2.664	2.584	2.276	3.012	
2.756	2.284	2.204	1.936	2.196	2.060	2.076	2.372	2.236	2.308	2.120	1.824	1.948	1.692	2.096	2.360	2.680	2.100	2.180	2.304	1.768	2.360	2.280	2.260	2.648	2.288	2.164	2.380	2.064	2.024	2.248	2.204	2.164	1.988	2.764	2.516	2.380	2.776	2.600	2.608	1.916	2.052	2.240	2.304	2.328	2.164	2.260	2.396	2.364	1.592	1.692	2.128	2.164	2.220	2.432	2.828	2.568	2.636	2.476	2.276	2.096	2.120	2.380	2.440	2.752	2.676	2.176	1.956	1.960	2.140	2.468	1.940	2.392	2.284	2.500	2.348	2.552	2.228	2.384	2.108	1.616	2.032	2.308	2.404	2.504	2.080	2.388	2.200	2.000	2.424	2.544	1.952	2.380	2.200	2.004	1.876	2.100	2.388	2.400	2.572	2.156	2.372	2.496	2.652	2.540	2.692	1.972	2.228	2.324	2.444	2.008	2.188	1.948	2.148	2.148	2.176	2.496	2.392	2.404	2.180	1.756	2.196	2.124	1.980	2.744	2.260	2.336	1.968	1.812	2.160	2.112	2.028	1.992	2.104	1.896	1.916	2.864	2.060	2.208	2.520	
2.400	2.060	1.880	2.104	2.184	2.436	2.036	2.412	2.160	2.196	2.312	2.320	2.004	1.940	1.760	1.900	2.176	1.964	2.432	2.572	1.868	1.856	1.848	1.988	2.152	2.184	2.492	2.208	1.648	2.128	2.072	2.268	2.284	2.128	2.004	2.224	2.344	2.776	2.556	2.176	1.780	2.052	2.224	1.868	1.928	2.124	2.000	1.904	1.972	1.464	1.724	2.080	2.384	2.252	2.104	2.188	2.360	2.368	2.512	2.308	2.396	2.364	2.512	2.180	2.308	2.256	1.984	2.164	2.048	1.788	2.008	2.124	2.324	2.432	2.100	2.144	1.904	2.344	2.440	2.124	2.052	2.324	2.232	2.008	2.080	2.248	2.396	2.084	2.160	1.984	1.952	2.072	2.252	2.088	1.896	2.096	1.940	2.656	2.220	2.140	2.776	2.044	2.772	2.232	2.776	2.032	2.320	2.196	1.820	2.168	2.260	2.208	2.052	1.876	2.024	2.516	2.240	2.056	2.020	2.160	2.504	2.556	2.252	2.156	2.784	2.148	2.208	2.180	2.360	2.216	2.264	2.340	2.256	2.184	2.592	2.172	2.860	2.132	1.660	2.488	
1.832	2.428	2.512	2.316	2.588	3.044	2.376	2.984	2.328	2.592	2.288	2.484	2.320	2.228	2.068	2.360	2.772	1.700	2.168	2.476	2.076	1.936	2.588	2.516	2.528	2.772	2.676	2.632	2.340	2.276	2.228	2.148	2.248	2.168	2.084	2.452	2.320	2.980	2.800	2.800	2.480	2.504	2.272	2.416	2.624	2.880	3.004	2.484	2.176	1.716	2.088	1.880	2.280	2.096	2.032	2.184	2.072	2.332	2.548	2.244	2.336	1.996	2.132	2.428	2.700	3.128	2.564	2.540	2.240	2.048	2.540	2.280	2.240	2.368	2.192	2.292	2.428	2.360	2.528	2.036	2.292	2.044	1.716	2.548	2.244	2.348	2.624	2.260	2.232	2.292	2.236	1.988	2.316	2.136	2.040	2.232	2.204	1.936	2.196	2.160	2.592	2.072	2.060	1.816	2.324	2.304	2.112	2.392	2.252	2.164	2.084	2.600	2.468	2.604	2.292	2.280	2.400	2.168	2.308	2.580	2.840	2.120	2.292	2.332	2.600	2.168	2.140	2.380	2.544	2.532	2.692	2.436	2.180	2.448	2.452	1.864	2.248	1.868	2.160	2.788	
