3.857	3.297	3.284	3.159	3.119	2.760	3.143	2.792	2.525	2.461	2.382	2.244	2.386	2.582	2.491	2.870	2.560	2.693	2.870	3.492	3.115	2.980	2.779	2.635	2.523	2.634	2.756	2.324	2.095	2.401	2.297	2.024	2.435	2.540	2.543	2.575	2.529	3.370	3.156	4.086	3.126	2.912	2.617	2.626	2.930	2.398	2.279	2.131	1.949	1.879	1.832	2.442	2.194	2.066	2.140	2.389	2.430	2.543	3.598	3.336	2.741	2.927	2.592	2.342	2.354	2.087	2.102	1.885	1.817	2.146	1.817	1.936	2.063	2.532	2.261	2.174	2.666	2.785	2.724	3.069	3.046	2.652	2.315	2.478	1.721	2.062	3.169	2.453	1.717	2.090	2.073	1.956	1.766	1.875	2.111	2.506	2.375	2.481	2.609	2.720	2.641	2.364	2.086	2.788	2.117	2.592	2.211	2.046	1.925	1.902	2.056	2.260	2.014	2.086	2.645	2.384	2.166	2.317	3.065	3.788	3.789	2.767	2.346	2.611	2.140	2.145	2.255	2.621	2.530	2.345	1.892	2.116	2.562	2.107	2.423	2.153	2.314	2.467	2.973	3.726	
4.277	3.363	3.147	2.859	2.890	2.990	3.060	2.779	2.777	2.606	2.922	2.491	3.057	2.517	2.384	2.695	2.781	3.347	3.832	3.724	4.280	3.766	3.267	3.192	2.755	3.008	2.987	2.949	2.868	2.694	2.814	2.766	2.583	2.756	2.735	2.888	3.136	3.987	3.295	3.918	3.839	3.599	3.552	3.318	3.837	2.786	2.862	3.071	3.006	2.830	3.151	2.421	2.858	3.020	2.550	2.391	2.947	3.355	4.135	3.093	3.610	3.747	3.234	3.439	3.048	3.226	3.396	3.308	3.016	2.950	2.799	2.999	2.795	3.262	2.406	2.839	3.036	3.254	3.193	3.267	3.834	3.735	3.371	3.472	3.419	3.385	4.143	3.136	3.121	2.801	2.586	2.857	2.939	2.949	2.770	2.979	3.190	3.171	3.256	2.961	3.574	3.476	3.483	4.291	3.565	3.231	3.157	2.846	3.147	2.607	2.782	3.032	2.840	2.873	3.487	2.977	3.086	2.874	3.390	3.310	4.124	3.733	3.283	3.238	3.201	3.150	3.040	2.879	3.120	2.745	3.130	3.044	3.190	2.981	2.666	3.115	3.223	2.847	3.187	3.626	
4.109	3.529	3.197	3.199	2.857	2.892	2.641	2.804	2.418	2.632	2.683	3.042	3.271	3.317	3.143	2.702	2.859	3.040	3.160	3.822	4.296	3.720	3.187	2.909	2.698	2.961	2.965	2.808	2.855	2.994	2.877	3.506	3.117	2.992	2.976	2.702	3.066	3.389	3.407	3.876	3.484	3.813	3.428	2.906	3.660	2.902	2.689	2.973	2.966	2.872	2.422	3.166	3.139	3.415	2.593	2.749	3.029	2.857	3.780	3.380	2.888	3.286	2.818	3.058	2.708	2.618	2.773	3.016	2.764	2.880	3.009	3.067	3.394	3.820	2.945	3.007	2.878	2.959	3.172	3.552	3.726	3.304	3.495	3.202	3.059	2.841	3.609	3.018	2.768	2.931	2.716	3.002	2.998	3.407	2.882	3.287	2.852	2.667	2.759	3.081	3.254	3.721	3.032	3.883	2.999	3.184	3.193	2.694	2.540	2.622	3.019	3.304	3.002	3.179	3.785	2.739	2.836	2.775	3.572	3.451	3.992	3.609	3.115	2.926	3.146	2.947	2.841	2.630	2.919	3.018	2.846	3.364	2.991	3.253	3.165	2.799	2.888	2.951	2.945	3.510	
3.636	3.038	3.133	3.994	3.594	3.228	3.287	3.198	3.335	3.532	3.371	2.988	3.342	2.737	2.947	2.877	2.869	2.733	3.051	3.375	3.902	3.241	3.584	3.531	3.257	3.009	2.767	3.089	3.168	3.064	2.731	3.025	3.219	3.144	2.999	3.332	2.838	3.756	3.064	3.265	3.256	3.435	3.370	3.315	3.763	3.026	2.951	3.235	3.174	3.170	2.997	3.102	3.022	3.471	3.088	2.958	3.224	2.990	3.596	2.543	3.118	3.664	3.448	3.116	2.848	2.887	3.050	2.895	2.890	2.890	3.192	3.349	2.867	3.763	3.037	3.084	2.999	3.012	2.896	3.133	3.294	3.127	3.049	3.002	3.211	2.964	3.433	3.201	3.413	2.821	3.189	3.086	2.752	2.848	3.268	3.351	2.990	3.301	3.346	2.907	3.462	3.304	2.881	3.708	2.830	3.063	2.720	3.064	2.793	3.003	3.364	2.894	3.033	3.070	3.887	2.849	2.986	3.335	3.341	3.318	4.436	3.715	3.193	2.791	3.119	3.186	3.162	2.860	3.302	3.206	3.018	3.013	3.054	3.119	2.994	2.896	3.282	3.298	3.321	3.599	
3.935	3.074	3.373	2.795	2.902	3.295	3.112	3.043	3.195	2.897	3.045	3.175	3.256	3.097	2.990	3.178	2.678	3.176	3.032	3.704	3.745	3.411	3.046	3.084	3.116	3.105	2.901	3.123	2.679	3.142	3.018	3.127	3.015	3.117	2.881	3.062	3.042	3.226	3.297	3.705	3.562	3.382	3.259	3.273	3.757	3.161	3.159	3.166	3.080	2.951	3.088	3.102	3.018	3.197	2.760	3.255	2.724	3.051	3.705	3.030	3.057	3.020	2.882	3.144	3.235	2.994	2.756	2.903	2.946	2.915	2.975	3.007	2.732	3.495	2.974	2.899	2.740	2.623	2.858	3.444	3.569	3.116	3.012	3.170	3.328	3.253	3.592	3.000	2.905	2.780	2.606	2.734	2.727	3.252	3.560	3.371	3.297	2.693	2.728	2.880	3.507	3.375	3.155	4.143	3.290	3.080	2.859	2.937	2.904	2.773	3.012	2.719	2.925	3.066	3.777	2.908	3.070	2.935	3.448	3.572	3.819	3.825	3.322	3.243	2.804	2.526	2.831	2.802	3.007	3.057	3.042	2.613	2.739	3.363	2.849	3.095	3.190	3.261	3.465	3.578	
3.870	3.190	3.099	3.180	3.409	3.267	3.046	3.002	3.233	3.219	2.833	2.938	2.983	2.834	3.182	3.095	3.135	3.659	3.566	4.302	3.894	3.287	2.947	3.462	3.148	2.984	2.882	3.178	2.945	3.040	3.045	2.785	2.794	2.984	3.180	3.313	3.444	3.952	3.738	3.972	3.207	3.521	3.044	3.356	3.904	3.147	2.850	3.242	3.223	3.164	2.975	2.819	2.920	3.061	2.781	3.305	3.449	3.308	3.911	3.231	2.936	3.156	3.310	2.835	2.883	3.046	3.321	3.069	2.867	3.378	3.013	2.968	3.154	3.546	3.299	3.144	3.183	3.304	3.262	3.436	3.251	3.033	3.207	3.106	2.938	2.810	3.392	3.152	2.872	3.035	3.182	2.821	3.502	3.241	2.944	3.051	3.065	3.155	3.484	3.514	2.913	3.541	3.231	4.001	2.799	2.843	2.711	3.059	2.861	2.791	3.050	2.909	3.131	3.019	3.531	3.212	3.104	3.227	3.380	3.622	2.918	3.450	3.234	2.845	3.131	2.897	2.481	3.031	2.637	2.557	3.072	3.464	3.022	3.115	2.736	3.150	3.421	3.032	3.241	3.650	
3.868	3.458	3.120	3.075	3.354	2.847	2.918	3.471	2.991	2.909	2.798	2.858	2.737	3.301	2.797	3.012	3.071	3.152	3.299	3.990	3.816	3.307	3.293	3.116	2.799	3.099	3.279	3.038	2.962	2.803	2.929	2.763	3.012	2.752	3.236	3.367	2.885	3.467	3.677	4.169	3.117	3.651	3.255	3.506	3.982	3.258	3.111	3.175	3.053	2.837	2.966	2.751	2.926	2.878	3.074	2.936	2.993	3.073	3.535	3.297	3.366	3.437	3.221	3.302	3.250	3.393	3.180	3.006	2.692	2.771	2.918	3.227	2.841	3.822	2.840	2.818	2.907	2.910	3.123	3.387	3.563	3.472	3.314	3.337	3.349	3.621	4.158	2.861	3.071	2.536	2.915	3.313	3.161	2.662	2.937	3.030	2.746	2.760	2.786	3.180	3.393	3.214	3.370	4.247	3.288	3.183	2.638	2.612	2.841	2.566	3.033	2.815	2.871	3.271	3.870	3.116	2.440	2.757	3.343	4.129	2.971	3.406	3.240	3.508	3.182	3.580	2.744	2.986	2.884	2.748	2.803	2.935	2.864	2.948	3.130	2.902	2.729	2.837	2.860	3.776	
3.618	3.413	2.830	3.110	2.235	2.586	2.713	2.529	2.670	2.885	2.584	2.867	3.433	3.124	3.354	2.852	2.801	3.477	3.489	3.769	3.558	3.686	2.992	2.637	2.434	2.935	3.019	2.446	3.285	2.928	3.055	3.193	3.271	3.422	3.251	3.016	3.311	4.234	3.613	3.543	2.997	3.430	2.537	2.763	3.247	2.668	2.819	2.372	3.185	3.230	3.078	3.385	3.012	3.317	3.228	3.372	3.006	3.679	4.054	3.476	2.980	2.569	2.392	2.759	2.512	2.543	2.737	2.940	2.697	3.068	3.170	2.726	3.065	4.035	3.032	3.175	3.469	3.820	3.577	3.862	3.873	2.730	2.939	2.895	2.573	2.783	3.470	2.671	2.990	2.493	3.162	2.819	2.976	3.042	3.074	3.339	3.339	3.690	3.624	3.562	3.358	3.559	2.909	4.127	2.789	2.526	3.169	2.985	2.817	3.098	3.136	3.333	3.061	3.200	3.642	2.997	3.450	3.470	3.721	3.864	3.251	3.796	3.253	2.720	2.801	2.634	2.958	2.705	3.287	3.305	3.119	3.202	2.888	3.259	3.304	3.204	3.159	3.598	3.569	4.019	
3.501	3.286	2.962	3.052	3.209	2.984	3.235	2.986	3.299	2.806	3.301	3.328	3.351	3.382	3.543	3.484	3.263	3.110	3.096	3.349	3.511	3.636	2.909	2.632	3.298	3.158	3.469	3.311	2.978	2.926	3.122	3.225	3.147	3.186	3.282	3.119	3.314	3.939	3.607	3.780	2.737	3.880	2.728	3.050	3.922	3.260	3.201	3.483	3.333	2.761	3.020	3.015	3.306	3.440	2.962	3.057	3.238	3.673	4.343	3.463	3.175	2.934	3.162	3.053	3.468	3.537	3.344	3.228	3.189	3.202	3.401	3.366	3.254	3.989	3.322	3.329	3.165	3.595	3.350	3.965	3.537	2.899	3.186	3.270	3.022	3.344	3.921	3.228	3.283	3.257	3.061	3.348	3.474	3.251	3.202	3.208	3.251	3.286	3.754	4.212	3.232	3.109	3.134	4.234	3.661	3.178	3.432	3.308	3.422	3.256	3.157	3.292	3.379	3.420	3.895	3.086	3.322	3.981	3.848	4.378	3.196	3.560	2.990	3.126	3.306	2.987	2.753	3.092	3.181	3.713	3.320	3.389	3.402	2.853	3.156	3.218	3.089	3.543	3.623	4.420	
3.889	3.194	3.066	3.536	3.371	3.406	3.737	3.632	3.509	3.222	3.268	3.337	3.404	3.349	3.231	3.441	3.552	3.766	3.810	3.609	3.756	3.423	3.582	3.113	3.127	3.568	3.928	3.394	3.189	3.387	3.233	3.479	3.280	3.264	3.264	3.444	3.472	4.404	3.099	3.707	3.031	4.258	3.242	2.940	3.884	3.304	3.653	3.308	3.141	3.063	3.413	3.257	3.175	3.333	2.903	2.999	3.524	3.524	4.339	3.358	3.827	3.380	3.330	3.507	3.101	3.271	3.361	3.252	3.179	3.166	3.343	3.287	2.893	3.720	3.035	3.330	2.805	3.477	3.208	3.759	3.169	3.312	3.358	3.256	3.590	3.291	4.161	3.361	3.455	3.426	3.475	3.269	3.112	3.021	2.984	3.659	3.295	3.452	3.263	3.385	3.307	3.558	3.326	4.445	3.605	3.152	3.223	3.337	3.746	3.284	3.340	3.149	3.104	3.127	3.619	3.100	2.920	3.453	3.599	3.445	3.526	3.988	3.659	3.440	3.546	3.094	3.276	3.058	3.583	3.503	3.133	3.390	2.837	3.076	3.334	3.182	2.926	3.278	3.413	3.837	
3.544	3.455	3.488	3.063	3.139	2.839	3.069	3.029	2.990	3.127	2.842	2.514	2.637	3.050	3.445	3.212	3.350	3.458	3.393	3.867	3.586	3.993	3.300	3.153	2.723	3.085	3.261	3.264	2.773	3.006	2.964	3.050	3.053	3.591	3.738	3.420	3.520	4.121	3.146	3.980	3.021	3.358	3.215	2.909	4.019	3.314	3.272	3.329	2.880	3.242	3.324	3.284	3.276	3.678	3.722	3.546	3.559	3.680	4.527	3.302	3.537	3.834	3.085	2.945	3.096	3.539	3.577	3.029	2.996	3.221	3.251	3.249	3.255	3.751	3.313	3.256	3.466	3.472	3.204	3.323	3.490	2.910	3.369	3.118	2.970	3.002	4.419	3.398	3.278	3.186	3.372	3.119	3.295	3.593	3.395	3.358	2.955	3.109	3.238	3.231	3.799	2.914	3.244	3.714	2.833	3.180	3.215	3.200	3.237	3.135	3.034	2.927	2.938	3.475	4.062	2.895	3.001	3.580	3.135	3.512	3.238	3.330	3.103	2.768	2.485	2.976	2.678	3.049	3.748	3.322	3.157	2.948	2.936	2.994	3.234	3.155	3.439	3.125	3.749	3.575	
3.976	3.476	3.216	2.610	3.042	3.231	2.978	3.206	3.089	3.063	2.787	2.838	2.927	3.210	3.427	3.205	3.278	3.130	3.336	3.610	3.569	3.421	3.139	2.833	2.970	3.112	3.156	3.120	3.081	3.038	2.913	2.972	3.321	3.423	3.323	3.693	3.420	3.976	3.574	3.704	3.010	3.632	2.835	3.192	3.500	3.116	3.435	3.118	2.960	3.092	2.903	2.858	2.891	3.481	2.767	3.454	3.282	3.405	4.135	3.142	3.645	3.490	3.214	3.378	3.508	3.276	3.280	3.109	3.148	3.120	3.135	2.772	2.856	3.694	3.010	3.310	3.502	3.395	3.183	3.276	3.820	3.366	3.505	3.754	3.511	3.401	3.763	3.232	3.132	3.240	2.611	3.329	2.769	3.250	2.904	3.443	3.270	3.203	3.041	3.590	3.881	3.429	3.454	4.290	3.505	3.370	3.309	2.896	3.183	3.208	3.114	3.007	3.077	3.119	4.004	3.319	3.282	3.240	3.022	3.479	3.848	3.867	3.497	3.513	3.278	3.171	3.557	3.538	2.961	3.265	3.127	2.969	2.997	2.917	3.078	3.122	3.241	2.994	3.053	3.431	
3.814	3.325	3.528	3.283	2.856	2.793	3.197	2.702	2.588	2.818	3.220	3.101	3.169	2.674	2.839	2.779	3.727	3.460	3.622	3.888	3.884	3.969	3.434	3.248	3.012	3.115	3.158	3.133	2.973	2.961	3.127	3.129	3.287	3.496	3.114	3.428	3.532	3.957	3.520	3.666	3.136	3.840	3.258	3.469	3.646	2.835	2.802	2.952	3.115	3.044	3.280	3.135	3.120	3.386	3.373	3.329	3.501	3.666	3.898	2.651	3.358	3.443	3.400	3.342	2.972	3.141	3.058	3.306	3.608	3.520	3.280	3.341	3.280	3.930	3.158	3.277	3.465	3.251	3.470	3.038	3.205	3.590	3.522	3.131	3.090	3.166	3.844	3.252	3.417	3.323	3.417	3.144	3.565	3.049	3.238	3.381	3.695	3.512	3.237	3.568	3.110	3.559	3.079	3.741	2.803	3.080	3.098	3.460	3.501	3.165	3.157	3.189	3.305	2.895	3.496	3.515	3.348	3.218	3.327	3.294	3.631	3.530	3.341	3.229	2.909	3.212	2.972	3.328	3.530	3.338	3.220	3.270	3.261	3.343	3.151	3.630	3.420	3.277	3.093	4.171	
3.664	3.075	2.811	2.959	3.187	3.250	3.348	3.020	3.080	2.948	2.927	2.925	3.172	2.890	2.983	2.798	3.374	3.237	3.095	3.613	3.304	3.354	3.128	3.212	3.317	3.257	3.137	3.481	2.792	3.088	3.293	3.223	3.292	3.021	2.950	2.923	3.184	3.510	3.147	3.567	3.071	3.526	2.638	3.418	4.042	3.472	3.515	3.102	2.864	2.973	2.681	3.015	3.119	3.588	3.157	3.210	3.023	3.117	4.288	2.940	3.192	3.154	3.334	3.622	3.594	3.099	3.387	2.750	2.776	3.198	3.046	3.441	3.012	4.143	3.096	3.266	2.894	3.343	3.239	3.087	3.050	3.314	3.339	3.116	3.184	3.079	4.042	3.166	3.047	2.835	3.070	2.883	3.215	3.461	3.279	3.585	3.165	3.226	3.050	3.758	2.964	3.338	3.365	4.011	3.323	3.114	3.366	3.085	3.142	3.045	3.032	3.011	2.997	3.432	4.102	3.078	3.006	3.379	3.500	3.448	3.148	3.439	3.236	3.323	3.449	3.350	3.328	2.872	2.837	3.210	2.916	3.160	2.965	2.924	3.143	3.095	3.164	3.116	3.233	3.888	
3.915	3.048	3.279	3.394	3.815	3.468	3.047	3.647	2.936	2.885	3.195	2.847	3.116	3.291	2.962	3.192	3.283	3.193	3.481	3.791	3.452	3.664	3.288	3.446	3.482	2.956	3.189	3.350	3.166	3.269	3.163	3.233	2.847	3.152	3.398	3.080	2.853	4.040	3.778	3.935	3.068	3.897	2.763	3.188	3.960	3.295	2.944	3.126	2.947	3.241	3.325	3.266	3.450	2.984	3.299	3.237	2.980	3.442	4.060	2.876	3.522	3.259	2.990	3.421	3.329	3.405	3.183	3.088	2.999	2.911	3.111	2.883	3.061	3.670	3.160	3.633	3.157	3.312	3.631	3.632	3.177	3.380	3.368	2.979	3.422	3.413	3.937	3.040	2.951	3.162	2.814	3.143	2.889	3.076	2.991	3.600	3.526	3.489	3.446	3.732	3.271	3.493	3.100	3.800	3.023	3.215	2.953	3.187	2.962	2.980	3.107	2.993	2.931	2.885	3.437	3.609	3.692	3.431	3.560	3.219	3.346	3.227	3.022	3.186	3.242	3.014	2.842	2.830	2.620	2.637	2.966	2.987	2.765	2.967	3.010	2.852	3.082	3.726	3.535	3.774	
3.511	3.409	3.297	3.077	3.189	2.977	2.519	3.108	3.084	3.660	3.227	3.324	2.893	3.054	3.114	2.862	3.157	3.330	3.329	3.751	3.543	3.631	3.158	2.980	3.096	2.954	2.804	3.145	3.587	3.431	3.136	3.053	3.120	3.034	2.900	3.060	2.788	3.839	3.424	3.614	3.574	3.587	2.837	2.861	3.914	3.240	3.107	2.877	2.947	3.238	3.252	3.100	2.912	3.327	2.990	3.032	2.979	3.096	4.266	2.879	3.717	3.497	3.103	3.175	3.349	2.977	3.163	3.111	3.093	3.259	3.251	2.852	2.596	4.073	3.141	3.400	3.453	3.340	3.307	3.249	3.900	3.736	3.298	3.474	3.287	3.196	3.553	3.103	3.146	3.180	2.770	3.011	3.086	3.004	3.267	3.507	3.152	3.007	3.230	3.241	4.068	3.504	3.099	4.283	3.028	3.677	3.156	2.810	3.283	2.960	3.154	2.602	3.098	3.105	4.012	3.453	2.877	3.219	3.367	3.218	3.786	3.834	3.370	3.262	3.221	3.357	3.485	3.255	2.858	3.099	2.935	3.145	2.966	3.093	3.233	3.323	3.244	2.995	3.143	3.820	
3.933	3.236	3.400	3.363	3.185	3.492	3.516	3.283	3.078	3.218	3.536	3.137	3.208	3.042	3.388	3.171	3.121	2.980	2.836	3.403	3.588	3.416	3.151	3.193	3.172	3.094	2.950	3.243	3.252	3.211	3.679	3.035	3.541	3.366	3.141	2.928	3.299	3.443	2.875	3.292	3.123	3.845	2.956	3.055	3.673	2.925	3.301	3.355	3.205	3.378	3.532	3.265	2.827	3.614	3.503	3.054	3.052	2.932	3.875	2.321	3.257	3.453	3.585	3.199	3.070	2.880	3.226	3.184	3.215	3.178	3.255	2.983	3.382	3.799	3.392	3.221	2.796	3.094	2.988	2.808	3.526	3.144	2.945	2.877	2.910	2.961	3.912	3.490	3.314	3.074	3.026	3.162	3.139	3.022	2.983	3.377	3.270	3.081	2.937	2.964	3.471	3.343	2.994	3.963	3.324	3.616	3.025	3.310	3.166	3.191	2.955	2.854	2.876	2.909	3.673	2.634	2.906	2.882	3.157	2.759	3.146	3.305	2.942	3.089	3.116	3.879	3.214	3.195	2.882	2.588	3.049	2.993	3.029	3.403	3.069	2.980	2.996	2.679	2.933	3.494	
3.960	3.175	2.894	2.713	2.830	3.004	2.860	2.893	2.604	2.735	2.834	3.055	3.070	3.303	3.088	3.226	3.281	3.250	3.606	4.134	3.681	3.231	2.570	2.875	3.081	3.088	2.858	2.610	2.786	3.294	2.970	3.157	3.191	3.086	3.413	2.931	3.329	3.535	3.133	3.992	3.269	3.656	2.855	2.360	3.426	2.897	2.731	2.714	2.964	2.626	3.007	3.183	3.578	3.253	3.382	3.402	3.114	3.428	4.490	3.171	3.642	3.591	3.466	2.938	3.032	2.992	2.786	2.782	2.802	3.137	3.020	3.124	3.154	3.806	3.369	3.601	3.278	3.578	3.467	3.370	3.843	3.584	3.516	3.213	3.138	2.932	3.302	3.119	2.794	2.634	2.791	2.957	3.251	3.195	3.515	3.723	3.159	3.681	3.445	3.377	3.542	3.706	3.458	4.347	3.066	2.951	2.783	2.946	2.475	2.403	2.771	3.068	3.320	3.141	4.095	3.087	3.050	3.285	3.370	3.413	3.412	3.712	3.647	2.971	3.030	2.993	3.279	2.687	2.905	2.728	2.611	3.251	3.185	2.929	3.114	2.945	3.241	3.159	3.400	4.048	
3.889	3.252	3.096	3.196	3.338	3.199	3.286	2.951	2.850	2.951	3.195	3.107	3.085	3.148	3.164	3.287	3.342	3.301	3.507	3.580	3.543	3.616	3.259	3.289	3.115	2.978	3.213	2.865	2.986	2.898	3.438	3.540	3.224	3.393	3.336	3.195	3.090	3.626	3.059	2.892	3.242	4.026	2.716	3.097	3.775	3.009	3.318	2.921	2.823	2.970	2.931	3.190	3.235	3.464	3.326	3.384	3.068	3.496	4.028	3.012	3.624	3.505	3.038	3.284	3.136	2.913	3.246	3.181	3.171	2.871	2.944	3.216	2.842	3.656	3.196	3.264	3.343	3.494	3.094	3.502	3.624	3.570	3.681	2.887	3.055	2.894	3.857	3.384	3.053	2.960	2.880	3.165	3.054	3.251	3.000	3.116	3.293	3.310	3.347	3.267	3.506	3.605	3.371	3.796	3.038	3.268	3.472	3.314	3.026	3.001	3.094	2.952	2.799	2.819	3.872	2.959	3.451	3.232	3.096	3.191	4.038	3.810	3.477	3.726	3.495	3.472	3.423	3.282	2.938	3.249	3.056	3.100	3.051	2.951	3.074	2.761	2.849	2.948	2.989	3.684	
3.861	3.640	3.400	3.400	3.158	3.690	3.207	2.865	3.256	3.516	3.670	3.238	3.586	3.565	3.464	2.947	3.262	3.303	3.220	3.630	3.727	3.999	3.313	3.331	3.521	3.083	3.131	3.386	3.394	3.490	3.376	3.479	3.462	3.551	3.448	3.439	3.469	3.962	3.171	3.285	2.923	4.175	2.884	2.968	4.115	3.571	3.395	3.287	3.356	3.242	3.252	3.372	3.209	3.425	3.567	2.995	3.502	3.163	4.359	2.742	3.797	3.326	3.097	3.460	3.599	3.800	3.449	3.687	3.444	3.189	3.097	3.004	3.437	3.921	3.128	3.457	3.496	3.039	2.808	3.451	3.802	3.650	3.174	3.200	3.476	3.444	4.687	3.878	3.531	3.437	3.228	3.439	3.301	3.175	2.929	3.265	3.190	3.438	3.345	3.212	3.895	3.463	3.371	4.148	3.359	3.622	3.479	3.452	3.063	3.008	2.739	3.124	3.335	3.120	3.880	3.244	3.329	3.332	3.445	3.461	3.845	3.998	3.109	3.227	2.987	3.272	3.391	3.118	3.160	3.053	2.828	3.050	2.632	2.995	3.252	3.270	3.276	3.124	3.327	3.616	
3.342	2.900	3.389	3.369	2.918	3.664	3.103	3.103	3.114	2.688	2.864	2.792	2.417	2.886	2.716	3.025	3.430	3.362	3.460	4.057	3.544	3.641	3.090	3.228	3.310	3.235	2.921	3.082	2.818	2.696	2.499	2.765	2.864	3.082	3.245	3.061	3.142	3.664	3.689	3.683	3.063	3.811	2.730	3.047	3.646	2.773	2.883	3.079	2.821	2.768	2.311	2.818	2.556	3.023	2.869	2.980	3.081	2.956	4.384	3.091	3.708	3.085	3.187	3.255	3.170	3.104	2.777	3.032	2.645	2.590	2.807	2.724	2.691	3.676	2.643	2.700	2.865	3.015	2.802	3.537	3.843	3.177	3.315	3.083	3.193	3.007	3.773	2.956	2.902	2.663	2.507	2.718	2.529	2.697	2.500	2.769	2.587	3.083	3.235	3.308	3.055	3.110	3.210	3.917	3.064	2.895	3.098	2.876	2.996	2.990	2.907	3.032	2.708	2.588	3.332	2.653	3.007	3.173	3.315	3.537	3.286	3.497	3.254	3.150	2.933	3.195	2.691	3.113	2.838	2.893	2.840	3.061	2.798	2.654	3.167	2.838	2.922	2.815	3.072	3.810	
3.761	3.186	2.844	3.142	3.022	3.104	3.118	3.121	3.067	3.026	3.036	3.005	2.931	2.776	2.987	3.345	3.083	3.051	3.144	4.064	3.682	3.654	3.283	3.295	3.437	3.230	2.800	3.149	3.087	3.171	2.715	2.814	3.172	2.745	3.053	3.006	3.050	4.041	3.355	3.222	3.341	3.611	3.011	3.158	4.036	3.095	3.100	3.128	3.088	2.902	2.728	2.849	3.073	3.380	2.946	3.093	3.027	3.213	4.452	3.175	3.537	3.096	3.345	3.132	3.203	3.016	3.082	2.738	3.032	3.045	2.952	2.856	2.877	3.512	2.795	2.878	3.100	3.581	3.214	3.685	3.601	3.060	2.953	2.981	3.061	3.201	3.665	2.780	2.996	3.115	2.881	2.768	2.973	3.163	3.101	3.427	3.210	3.405	3.339	3.139	2.963	3.263	3.129	4.309	3.235	3.138	3.123	2.879	2.692	2.787	2.984	2.784	2.870	3.277	3.643	2.955	3.046	2.983	3.728	3.572	3.263	3.642	3.341	3.314	3.212	3.374	3.129	2.787	2.806	2.719	2.781	2.946	3.087	3.002	3.287	3.051	3.234	2.977	3.222	3.278	
4.210	3.872	3.680	3.322	3.010	3.076	2.707	2.864	3.324	2.998	3.193	3.005	3.281	3.295	3.392	2.933	3.078	3.238	3.457	3.827	3.770	4.008	3.162	3.170	2.890	3.102	2.868	3.141	3.178	2.763	2.966	3.053	3.653	3.548	3.355	3.421	3.314	3.888	3.490	3.014	3.633	3.653	3.445	3.072	4.140	3.156	3.047	3.439	3.207	3.461	3.184	3.124	3.154	3.498	3.566	3.482	3.525	3.549	4.347	3.496	4.122	3.718	3.499	3.443	3.110	3.339	3.183	3.331	2.992	3.506	3.628	3.177	3.551	4.062	3.254	3.636	3.517	3.896	2.991	3.438	3.569	3.623	3.473	3.094	3.072	3.124	4.057	3.354	3.477	3.213	3.425	3.433	3.302	3.583	3.292	3.475	3.068	3.213	3.547	3.683	3.237	3.858	3.643	4.584	3.260	3.456	3.169	3.417	3.065	3.154	3.109	3.157	2.938	2.913	3.716	2.964	3.221	2.997	3.842	3.237	3.655	4.005	3.599	3.473	3.470	3.488	3.371	2.754	2.974	3.355	3.383	3.445	2.916	2.932	3.079	2.806	3.046	3.383	3.610	3.676	
3.688	3.136	3.081	3.323	3.336	3.434	3.426	3.132	2.981	3.211	3.771	3.458	3.564	3.008	2.848	3.201	2.924	3.295	2.932	3.624	3.744	3.692	3.267	3.284	3.662	3.404	3.445	3.266	3.200	3.108	3.237	2.967	3.191	2.808	3.268	3.295	3.469	4.218	3.501	3.285	3.063	3.443	3.078	3.304	3.842	3.191	3.395	3.077	3.329	3.110	3.045	3.226	3.092	3.454	3.032	3.450	3.207	3.569	4.741	3.261	3.799	3.344	2.953	3.354	3.087	3.229	3.222	2.964	2.970	3.112	3.477	3.161	3.362	3.758	3.444	3.310	3.706	3.660	2.963	3.553	3.492	3.484	3.260	3.345	2.650	3.267	3.507	3.370	3.455	2.923	3.061	3.197	3.339	3.476	3.271	3.624	3.448	3.060	3.399	3.585	3.554	3.071	3.247	4.152	3.088	3.102	3.245	3.696	3.451	2.982	3.165	3.325	3.122	3.566	4.126	3.734	3.386	3.063	3.921	3.417	3.019	3.035	3.004	2.967	2.919	3.073	3.194	3.240	3.402	3.549	3.113	3.086	2.960	3.417	3.496	3.376	3.136	3.194	3.836	3.818	
3.524	3.079	3.547	3.193	3.568	3.267	3.369	3.093	2.960	2.935	2.718	3.174	3.190	3.084	3.220	3.243	3.067	3.145	3.402	3.755	3.513	3.793	3.322	3.508	3.402	3.288	2.757	2.880	2.728	3.039	2.957	3.278	3.155	2.959	3.210	3.504	3.366	4.068	3.618	3.290	3.393	3.485	3.035	3.105	4.063	3.682	3.316	2.964	2.783	2.902	3.096	2.793	3.237	3.229	3.203	3.437	3.458	3.398	4.558	3.434	3.811	3.628	3.067	3.182	2.916	3.019	2.913	2.977	3.370	3.149	2.837	2.982	3.169	4.094	3.097	3.519	3.580	3.880	3.283	3.704	3.293	3.713	3.264	3.262	3.281	3.150	3.405	3.437	3.040	3.046	2.943	3.044	3.007	3.327	3.348	3.657	3.714	3.283	4.116	3.435	3.533	3.652	3.296	4.083	3.388	2.627	2.695	3.069	2.933	2.844	3.219	3.160	3.146	3.156	4.045	3.392	3.170	3.427	3.901	3.525	3.655	3.863	3.416	3.039	3.630	2.814	2.688	2.965	3.412	2.941	3.106	3.052	3.424	3.191	3.257	3.154	3.195	3.224	4.205	3.882	
3.393	3.491	3.514	3.226	3.375	3.153	3.059	3.004	3.202	3.139	3.812	3.408	3.145	3.488	3.275	2.996	2.681	3.259	3.353	3.912	3.141	3.978	3.822	3.049	3.052	3.157	2.947	3.070	2.970	3.367	3.257	3.417	3.175	3.299	3.045	3.006	3.154	3.882	3.915	2.939	3.140	3.532	3.289	2.779	3.935	3.035	2.712	2.853	3.061	3.165	3.261	3.307	3.258	3.555	3.161	3.091	3.164	3.202	4.664	3.191	3.543	3.170	3.074	2.804	3.221	3.097	3.171	3.080	3.014	2.820	2.998	3.149	3.020	3.617	2.661	2.971	3.083	3.445	3.597	3.760	3.203	3.388	3.212	3.233	3.095	3.202	3.612	3.010	2.702	2.883	3.138	2.822	2.834	2.925	2.810	3.266	2.986	2.778	3.661	3.182	2.958	3.498	3.277	4.076	2.994	2.839	2.888	2.853	2.774	3.089	2.936	2.865	2.805	2.730	3.899	3.169	3.067	3.354	3.246	2.882	3.541	3.832	3.710	3.214	3.285	3.141	3.059	2.850	2.701	3.092	3.221	2.783	2.739	2.796	3.468	3.076	3.015	3.509	3.501	3.216	
3.834	3.704	3.194	3.020	3.296	3.352	3.196	3.376	3.323	3.089	3.285	2.917	3.079	2.979	3.579	3.406	3.178	2.972	3.084	3.851	3.792	3.590	3.349	3.048	3.404	3.244	3.351	3.559	3.605	3.349	3.036	3.096	2.642	2.912	3.414	3.345	3.612	4.059	3.597	3.318	3.649	3.761	3.390	2.789	3.480	2.928	3.210	3.535	3.093	3.541	3.365	3.147	3.236	3.200	3.132	3.633	3.632	3.538	4.326	3.181	4.204	3.201	3.053	2.791	3.170	2.898	3.082	3.337	3.184	3.148	3.052	3.203	3.192	3.931	3.203	3.433	3.432	3.810	3.403	3.366	3.397	3.377	3.178	2.757	3.100	2.778	3.654	3.094	3.131	3.215	2.952	3.110	2.877	2.684	2.861	3.190	2.978	2.742	3.365	3.289	3.356	3.251	3.074	3.546	2.754	2.990	3.066	3.314	3.428	3.233	3.451	2.844	3.038	2.946	3.693	3.102	3.166	3.285	3.608	3.608	3.576	3.754	2.884	2.927	2.673	2.930	3.120	3.081	3.316	3.455	3.237	3.335	3.404	3.155	2.972	2.902	2.974	3.236	4.167	3.738	
3.657	3.285	3.142	3.054	2.916	3.002	2.424	2.841	3.429	3.460	3.256	3.517	3.659	3.458	3.446	3.284	2.822	3.006	3.058	3.856	3.157	3.255	3.317	3.005	2.692	2.955	2.896	2.925	3.259	3.482	3.458	3.678	3.718	3.503	2.981	3.268	3.152	3.960	3.674	3.008	3.238	3.234	3.065	2.733	3.660	2.770	2.883	3.215	3.133	3.305	3.435	3.872	3.796	3.935	3.493	3.436	3.499	3.805	4.276	3.184	3.867	3.493	3.334	3.195	2.825	3.023	3.145	3.089	3.340	3.375	3.545	3.778	3.547	3.970	3.815	3.885	3.409	3.916	3.303	3.223	3.191	3.582	3.431	3.380	3.164	3.499	4.001	3.438	3.384	3.397	3.213	3.580	3.804	3.578	3.706	3.909	3.325	3.026	3.430	3.575	3.167	3.610	3.391	4.145	3.325	3.587	3.790	3.642	3.151	3.332	3.414	3.430	3.400	3.207	4.332	3.771	3.384	3.678	3.157	3.433	3.928	3.947	3.389	3.337	3.560	3.393	3.565	3.741	3.491	3.329	3.270	3.527	3.030	3.333	3.345	3.589	3.552	3.543	3.994	3.858	
4.285	3.529	3.436	3.513	3.170	2.845	2.997	2.806	2.960	3.034	2.810	3.004	3.097	3.219	3.145	3.202	3.482	3.574	3.590	3.733	3.704	3.564	4.058	3.415	3.334	2.983	2.771	3.142	3.066	3.027	3.005	2.887	3.190	3.403	3.521	3.473	3.474	3.826	3.339	3.291	3.441	3.552	3.353	3.098	4.061	3.045	3.037	3.356	2.970	3.072	2.967	2.686	2.940	3.502	3.349	3.577	3.640	3.518	4.081	3.164	3.628	3.354	3.456	3.240	3.204	2.876	3.036	2.986	2.902	2.800	2.792	2.989	2.977	3.323	3.292	3.341	3.435	3.773	3.046	3.542	3.081	3.638	3.510	3.223	3.084	3.206	3.638	2.985	3.040	3.161	3.309	2.957	2.851	2.968	2.980	3.655	3.357	3.072	3.356	3.482	3.212	3.323	3.109	4.193	3.071	3.200	3.382	3.154	3.258	3.309	3.325	3.094	2.834	3.246	3.929	3.104	3.249	3.123	3.141	3.166	3.176	3.519	3.325	2.880	3.130	3.075	3.226	3.161	3.105	3.157	2.947	3.114	3.295	3.035	3.339	3.353	3.197	3.384	3.437	3.386	
3.838	3.312	3.558	3.310	3.188	2.993	3.174	2.945	2.789	2.807	2.971	3.191	2.931	2.877	3.064	3.198	3.195	3.545	3.428	3.945	3.230	3.317	3.632	3.111	3.085	3.289	3.226	2.711	2.470	3.058	2.741	2.729	3.095	2.993	2.886	2.755	3.106	4.328	3.754	3.441	3.617	3.245	3.140	2.776	3.865	3.322	3.532	3.166	2.965	3.187	2.811	2.875	2.566	3.076	2.882	2.913	2.912	3.294	4.134	3.437	3.472	3.346	3.125	3.240	3.307	3.099	3.198	2.970	3.107	2.838	3.178	3.040	2.820	3.458	2.751	3.180	3.654	3.874	3.418	3.563	3.211	3.602	3.491	3.381	3.326	3.192	4.238	2.748	3.045	2.879	3.325	3.047	2.731	2.967	3.508	3.331	3.413	3.130	3.728	3.874	3.754	3.374	3.184	4.300	3.129	3.165	2.982	2.767	2.815	3.560	3.040	3.012	3.027	3.158	3.865	3.427	3.232	3.254	3.478	3.466	3.284	3.656	3.447	3.481	3.154	2.969	3.261	3.130	2.913	3.117	3.605	3.231	3.199	3.245	2.937	3.303	3.491	3.102	3.643	3.598	
3.771	3.448	3.609	3.165	2.803	3.031	2.946	3.064	2.551	3.213	3.194	2.992	3.181	3.386	3.283	2.986	3.068	2.885	3.396	3.865	3.108	3.280	3.725	3.321	2.996	2.916	2.685	2.633	2.962	2.881	3.176	3.228	2.975	3.085	2.880	2.945	3.242	3.668	3.555	3.657	3.150	3.016	3.287	3.193	3.928	3.205	3.261	2.624	2.995	2.891	2.996	3.332	3.234	3.198	3.262	3.119	3.525	3.621	4.149	3.713	3.251	2.992	2.976	3.238	3.186	3.320	3.452	3.094	2.794	2.881	3.116	3.212	3.299	3.949	3.161	3.338	3.164	3.556	3.153	3.892	2.970	3.191	3.366	3.146	3.274	3.277	3.928	3.324	3.016	2.940	3.316	3.349	2.964	3.406	3.323	4.066	3.015	3.079	3.494	3.512	2.972	3.084	3.110	4.282	3.284	3.436	3.292	3.075	3.025	3.208	3.162	3.180	3.242	3.440	4.357	3.320	3.104	3.265	3.484	3.506	3.185	3.364	3.103	3.359	3.488	3.378	3.098	3.169	3.198	2.896	3.319	3.282	3.196	3.107	2.995	3.036	3.460	3.506	3.357	3.369	
3.454	3.234	3.301	2.965	3.017	2.778	3.395	3.307	2.917	2.922	3.317	3.203	3.157	3.145	2.774	2.433	2.710	2.883	3.485	4.022	3.418	3.152	3.365	2.979	2.841	2.824	3.413	3.190	3.289	3.267	3.176	3.111	2.905	2.943	3.014	2.713	2.901	4.133	3.461	3.693	3.046	3.279	3.139	2.653	3.242	2.344	3.263	3.349	2.912	2.972	2.805	2.997	3.033	3.420	3.182	3.054	2.981	3.642	4.041	3.448	3.694	2.950	3.053	2.743	3.008	3.138	2.938	2.953	2.954	2.921	3.045	2.637	3.159	3.907	3.338	3.179	3.381	3.894	3.767	3.782	3.305	3.442	3.178	3.228	3.132	2.826	4.020	3.046	3.375	3.169	2.767	3.270	2.961	3.204	3.614	3.226	3.133	2.911	3.650	3.671	3.418	2.952	3.523	3.993	3.314	3.401	3.093	3.103	3.005	2.970	3.060	3.001	3.351	3.027	3.868	2.859	3.286	3.146	3.555	3.729	3.097	3.318	2.809	3.188	3.046	2.865	2.966	2.981	2.944	3.219	3.060	3.507	3.252	3.400	2.912	3.067	3.136	3.179	3.907	3.421	
3.850	3.520	3.095	2.778	2.653	2.982	3.196	3.352	3.235	3.352	3.260	2.765	3.116	3.295	2.572	2.773	2.577	2.899	3.032	3.530	3.638	3.546	3.135	2.867	2.991	2.905	2.973	3.194	2.950	3.155	3.389	3.005	3.367	3.328	3.123	3.137	3.404	3.806	3.628	3.064	3.664	3.635	3.510	2.747	3.676	3.113	3.002	3.119	2.893	3.043	3.321	3.160	3.181	3.537	3.325	3.190	3.074	3.219	4.044	3.422	4.009	3.406	2.993	2.802	2.846	2.889	2.750	3.192	2.799	3.230	3.156	3.427	3.413	3.962	3.156	3.077	3.206	3.772	3.303	3.409	3.165	3.205	2.903	3.046	2.979	2.871	3.453	2.959	3.085	3.381	3.229	3.267	3.514	2.800	3.113	3.189	3.023	3.178	3.349	3.369	2.924	3.311	3.563	4.037	3.133	3.321	2.961	3.037	3.189	3.659	3.068	3.331	3.535	3.214	3.503	2.882	3.237	3.282	3.496	3.327	3.165	3.682	3.392	3.283	3.002	3.393	3.405	2.970	3.203	3.225	3.303	3.533	3.220	3.330	3.149	2.955	3.113	3.209	3.829	3.384	
3.950	3.435	3.650	3.156	3.121	2.968	2.851	2.953	3.019	3.087	3.266	3.759	3.233	2.959	3.249	3.012	3.464	3.288	3.059	3.732	3.640	4.112	3.632	3.175	2.963	3.067	2.840	3.045	3.103	3.278	3.328	3.244	3.433	3.616	3.356	3.024	3.295	3.856	3.507	3.390	3.455	3.780	3.419	3.358	3.761	2.743	3.426	3.479	3.087	3.267	3.024	2.981	3.292	3.773	3.473	3.715	3.192	3.558	4.117	3.136	4.083	3.502	3.368	3.085	2.909	3.202	3.328	3.455	3.459	3.222	3.308	3.373	3.159	4.313	3.497	3.194	3.438	3.907	3.278	3.398	3.624	3.270	3.382	2.942	2.977	3.224	3.933	3.846	3.643	3.715	3.226	2.935	2.900	3.070	3.648	3.176	3.218	2.817	3.411	3.141	3.020	3.268	3.034	4.070	3.357	3.228	3.720	3.643	3.282	3.726	3.138	3.131	3.039	2.735	3.718	3.110	3.367	3.151	3.156	3.122	3.214	3.585	3.357	3.079	2.924	3.212	3.380	3.264	3.517	3.531	3.317	2.971	2.869	2.627	2.705	2.819	3.246	3.466	3.749	3.602	
3.528	2.777	3.603	3.682	3.260	3.040	2.876	2.808	2.653	3.157	3.078	3.051	3.333	3.212	2.853	3.190	3.064	3.138	3.517	3.765	3.440	3.376	3.304	3.102	2.927	2.890	2.752	3.087	2.971	3.193	3.031	2.576	3.152	3.041	3.391	3.272	3.250	3.445	3.794	3.730	3.624	3.404	3.303	2.687	3.716	2.699	2.900	2.919	2.874	3.176	3.311	2.714	3.170	3.351	3.159	3.011	3.358	3.732	4.225	3.487	3.572	3.551	3.374	3.414	3.195	3.004	3.138	3.029	3.236	3.554	2.960	3.006	2.826	4.432	3.381	3.136	3.439	3.836	3.772	3.547	3.292	3.675	3.441	3.418	3.347	3.303	4.157	3.079	3.293	3.187	3.104	2.968	2.981	3.068	3.299	3.198	3.406	3.035	3.420	3.501	3.228	3.338	3.370	4.388	3.390	3.374	3.230	3.232	3.344	3.293	2.919	2.624	2.943	2.679	4.267	3.220	3.362	3.658	3.342	3.392	3.707	3.335	3.767	3.086	3.540	3.279	3.538	3.145	2.923	3.061	3.106	2.433	3.002	2.840	3.269	3.111	3.243	3.630	3.918	3.682	
3.390	3.159	3.147	2.526	3.110	2.869	2.744	2.930	2.901	3.308	2.948	3.449	3.390	2.980	2.692	2.863	3.250	3.243	3.808	3.663	3.390	3.368	2.996	2.799	2.996	2.797	3.130	2.964	2.958	3.123	3.322	3.368	3.465	3.343	3.316	3.045	3.492	3.615	4.024	3.616	3.246	3.524	3.206	2.300	3.602	3.017	3.056	3.182	3.092	3.023	3.255	3.262	2.841	3.534	3.415	3.368	3.286	3.789	4.215	3.397	3.795	3.361	3.040	3.248	2.955	2.951	3.270	3.127	3.076	3.197	3.226	2.984	3.227	3.836	3.505	3.072	2.905	3.644	3.655	3.994	3.384	3.621	3.496	3.105	3.110	3.253	4.075	3.016	3.125	3.267	3.014	3.092	3.106	3.050	3.319	3.091	2.959	3.044	3.494	3.530	3.129	3.513	3.031	3.996	3.069	3.281	3.228	3.346	3.228	3.101	3.166	3.004	3.124	2.794	4.308	3.035	3.000	3.141	3.595	3.798	3.293	3.545	3.180	3.311	3.250	3.242	3.321	3.177	3.145	2.677	3.176	3.155	3.078	3.243	3.303	3.305	3.595	3.439	3.929	3.692	
3.683	3.095	3.332	3.194	3.253	2.843	2.847	3.159	3.262	3.400	3.099	3.083	3.610	3.559	3.320	2.973	3.101	3.228	3.421	3.519	3.352	3.423	3.058	2.937	2.902	2.689	2.980	2.995	3.212	2.896	3.037	3.182	3.501	3.360	3.095	3.018	3.264	3.324	3.809	3.257	3.313	3.387	3.120	2.315	3.591	3.082	2.675	3.050	2.935	2.884	2.719	3.268	3.224	3.793	3.374	3.066	3.022	3.335	4.161	3.504	3.462	3.385	2.928	3.180	3.043	2.824	2.938	2.987	2.824	2.963	3.205	3.194	3.450	4.292	3.171	2.940	3.097	3.816	3.886	3.518	3.253	3.642	3.087	3.048	3.140	3.088	3.185	3.032	2.896	2.819	3.457	3.408	3.221	3.412	3.883	3.204	2.885	2.747	3.462	3.607	3.898	3.635	3.297	4.028	3.285	2.835	3.038	3.341	3.229	3.368	3.135	3.056	2.973	2.990	4.227	3.008	3.295	3.422	3.469	3.233	3.317	3.457	3.541	3.227	3.305	3.041	2.671	3.052	3.035	3.483	3.116	3.323	3.195	3.057	2.695	3.220	3.249	3.422	3.834	3.730	
3.740	3.338	3.600	3.279	2.937	2.788	2.756	2.804	3.410	3.212	3.096	3.197	3.249	3.203	3.450	2.877	3.197	3.120	4.009	3.492	3.107	3.392	3.670	3.085	3.129	2.736	2.724	3.128	3.489	3.199	3.158	2.834	3.141	3.328	3.032	3.465	3.336	3.570	4.118	3.772	2.968	3.238	3.250	2.947	3.884	3.411	3.211	3.066	3.281	3.232	3.407	3.070	3.248	3.751	3.162	3.324	3.689	3.780	4.481	3.682	3.016	3.055	3.023	2.832	3.092	3.397	3.358	3.088	3.283	3.172	3.514	3.172	3.397	4.004	3.375	2.882	3.122	4.049	3.834	3.568	3.051	3.389	3.264	3.296	3.518	3.522	3.631	3.167	2.883	2.891	3.079	3.227	3.275	2.922	2.710	3.269	3.236	3.217	3.579	3.846	3.575	3.233	3.340	4.287	3.216	3.138	2.960	2.647	2.651	2.816	2.999	2.994	2.864	2.673	3.845	3.230	3.315	3.920	3.710	3.684	2.895	3.296	3.241	3.180	3.247	3.186	3.119	2.973	2.838	2.727	2.755	2.900	2.648	2.476	3.466	3.597	3.535	3.575	3.853	3.652	
3.633	2.969	3.418	2.895	2.804	2.652	3.098	3.163	3.092	3.367	3.372	3.322	3.365	3.118	3.167	3.386	3.263	3.165	3.720	3.391	3.481	3.537	3.307	2.877	2.862	2.679	3.137	3.102	3.521	3.453	3.160	3.303	3.532	3.609	3.362	3.393	3.258	3.524	3.469	3.358	3.495	3.440	3.219	2.603	3.760	3.251	3.338	3.720	3.294	3.385	3.292	3.217	3.288	3.626	3.333	3.609	2.827	3.478	4.467	3.416	3.430	3.324	3.205	2.988	3.248	3.387	3.346	3.478	3.446	3.315	3.082	2.956	3.201	3.764	3.359	3.165	3.270	3.804	3.809	3.107	3.311	3.826	3.080	3.102	3.116	3.012	3.763	3.271	3.195	3.305	3.020	2.868	2.747	2.866	2.800	3.240	3.486	2.645	3.623	3.305	3.446	3.540	2.725	3.823	2.983	3.117	2.817	2.792	2.977	3.158	3.053	2.818	2.915	2.832	3.686	3.407	3.222	3.571	3.549	3.655	2.902	3.582	2.981	2.996	2.954	2.924	2.691	2.549	2.710	2.656	3.065	2.973	2.902	2.555	3.272	3.026	3.278	3.367	3.781	3.671	
3.703	3.375	3.889	3.328	3.210	3.125	2.890	2.882	3.129	3.296	3.314	3.174	3.386	3.046	3.455	3.512	3.484	3.547	3.674	3.605	3.788	3.584	3.772	3.013	3.674	3.349	2.949	3.199	2.853	2.868	3.074	3.258	3.000	3.595	3.785	3.859	3.192	3.415	3.958	3.400	3.402	3.719	3.659	2.997	4.189	3.468	3.062	3.175	3.016	2.820	3.100	2.921	3.622	3.694	3.678	3.689	3.118	3.628	4.304	3.734	3.682	3.403	3.257	3.453	3.505	3.717	3.235	2.929	2.986	2.936	3.087	3.099	3.447	3.890	3.501	3.222	3.346	3.866	3.566	4.104	3.701	3.507	3.426	3.473	3.583	3.548	4.109	2.996	2.945	3.195	3.067	3.292	3.495	3.026	3.339	3.604	3.248	2.971	3.667	3.744	3.822	3.634	3.637	4.641	3.569	3.536	3.405	3.117	3.239	3.082	3.257	3.216	3.451	2.993	3.855	3.144	3.420	3.693	3.442	3.700	3.133	3.392	2.809	3.462	3.564	3.649	3.883	3.401	3.023	2.914	2.827	2.941	3.169	3.338	3.149	2.998	2.951	3.287	3.809	3.578	
3.815	3.067	3.583	3.122	3.378	3.596	3.462	3.262	3.352	3.129	3.097	2.939	3.380	3.727	3.438	3.248	3.343	3.443	3.110	2.989	3.599	3.035	3.540	2.714	2.960	3.408	3.239	3.435	3.138	2.888	2.784	2.917	3.318	3.589	3.295	3.909	3.074	3.230	3.475	3.169	3.242	3.545	3.217	2.794	3.620	3.075	3.219	3.327	3.082	2.902	2.853	2.905	3.364	3.549	3.295	3.441	3.219	3.169	4.102	2.946	3.441	3.290	3.171	2.807	3.252	3.224	2.822	3.185	3.004	2.839	3.151	3.228	2.987	3.962	3.332	3.127	2.834	3.412	3.165	3.245	3.709	3.058	3.570	3.615	3.230	3.342	3.870	3.187	2.890	2.618	2.985	2.921	3.110	3.026	3.410	3.186	3.018	2.670	2.962	3.236	4.045	3.801	3.666	4.152	3.198	3.265	3.119	2.693	2.904	2.828	3.069	2.803	2.808	2.926	3.499	2.770	3.089	3.022	3.151	2.908	3.879	3.509	2.817	2.857	2.944	2.532	3.147	2.925	2.869	3.074	3.002	2.798	3.075	2.704	3.543	3.007	3.247	3.120	3.467	3.270	
3.234	2.951	3.171	3.084	2.738	2.931	3.451	3.326	3.439	3.312	3.709	2.912	2.905	3.196	2.824	3.154	3.035	3.224	3.168	3.482	2.774	2.838	2.966	2.574	3.114	3.428	3.184	3.120	3.093	2.862	3.123	3.099	2.969	3.104	3.002	3.469	2.578	3.316	4.375	3.345	3.012	3.020	3.079	2.865	3.734	3.122	3.148	3.075	3.126	2.752	2.814	2.957	2.880	3.196	2.912	3.001	2.690	2.957	4.043	3.149	3.766	2.833	3.432	3.065	2.932	3.115	3.544	3.447	2.881	2.547	2.991	3.133	2.998	3.431	2.945	2.871	2.967	3.202	3.503	3.590	3.370	3.395	3.516	3.163	3.420	3.190	3.743	3.309	3.073	2.898	2.835	3.335	2.762	3.067	3.197	3.300	2.643	2.759	3.676	3.295	3.978	3.775	3.285	3.993	3.359	3.388	3.361	3.421	3.311	3.022	2.709	3.401	3.083	2.979	3.622	2.511	2.912	2.979	2.803	3.207	3.678	3.102	3.281	3.396	3.431	3.189	3.128	3.205	3.794	3.359	2.987	3.284	3.061	2.684	3.482	3.284	2.941	2.902	3.486	3.289	
3.661	3.142	3.259	3.443	3.108	3.433	3.084	3.264	3.135	3.011	3.023	2.847	2.900	3.006	2.704	3.479	3.264	3.077	3.266	3.648	3.807	3.503	3.164	2.702	3.013	2.912	2.827	3.090	3.045	3.037	2.887	2.919	3.182	3.229	3.264	3.562	2.742	3.514	3.606	3.416	3.285	3.897	3.279	2.679	3.475	3.092	2.944	3.058	2.732	2.818	2.905	3.095	3.137	3.641	3.450	3.039	2.681	2.818	4.125	3.572	3.587	3.240	3.017	3.024	3.210	3.488	3.197	2.993	2.981	3.204	3.083	3.491	3.125	4.433	3.215	3.058	3.201	3.042	3.515	3.697	3.530	3.194	3.334	3.304	3.318	3.407	4.360	3.235	3.155	3.254	2.813	3.169	3.492	3.516	3.208	3.132	2.978	2.966	3.846	3.406	3.720	3.608	3.345	4.220	3.025	3.104	3.414	3.181	2.777	3.154	3.345	3.331	3.018	3.337	4.082	3.403	3.035	3.371	3.099	3.507	3.496	3.265	3.093	3.473	3.466	3.503	3.691	3.413	3.443	3.405	3.662	3.086	2.854	2.890	3.326	3.390	3.286	2.972	3.697	3.561	
3.653	2.920	3.626	3.293	3.293	2.840	2.621	3.037	3.029	2.961	3.176	3.328	2.941	2.991	3.431	3.289	3.470	3.657	3.662	4.253	3.335	3.410	3.139	3.028	2.686	2.608	2.913	3.206	3.023	3.139	3.442	3.124	2.983	3.358	3.606	3.992	3.482	4.032	4.364	3.837	2.859	2.940	2.859	2.494	3.328	3.064	2.982	3.360	3.247	3.276	3.478	3.300	3.155	3.287	3.216	3.361	3.358	3.027	4.644	3.717	2.907	3.019	3.086	2.857	2.944	2.897	3.264	3.196	3.411	3.194	3.109	3.420	3.238	3.711	3.227	2.997	3.300	3.513	4.080	3.505	2.693	3.198	3.207	3.057	3.012	2.845	3.698	3.274	3.102	3.129	3.075	3.196	3.043	2.959	3.220	3.586	3.104	3.094	3.624	3.467	3.308	3.257	3.240	4.027	3.072	3.465	3.391	3.403	3.151	3.015	3.135	2.930	2.940	3.356	3.877	3.239	3.158	3.194	2.988	3.207	3.027	2.784	2.928	3.042	2.999	3.133	3.261	3.176	2.837	2.982	3.076	3.216	2.875	2.420	3.223	3.057	2.914	3.208	3.341	3.001	
4.073	3.562	3.724	3.042	3.104	2.948	2.699	3.116	3.220	3.472	3.600	3.497	3.243	3.318	3.049	3.144	3.519	3.319	3.875	3.767	3.933	3.425	3.039	3.038	2.920	3.105	2.909	3.105	3.014	3.163	3.429	3.196	3.070	3.283	3.403	3.751	2.795	3.231	4.100	3.108	3.449	3.392	3.215	2.577	3.678	3.037	3.183	3.083	3.258	2.999	3.131	3.263	3.273	3.521	3.351	3.345	3.315	3.099	3.994	2.936	3.676	3.368	3.354	3.138	3.218	3.045	3.455	3.458	3.255	3.229	3.053	3.471	3.551	4.071	3.205	3.143	3.208	3.046	3.524	3.243	3.346	3.513	3.256	3.447	3.443	3.155	3.982	2.902	3.038	3.422	3.238	3.103	3.472	3.184	2.907	3.138	3.109	3.186	3.594	2.886	3.639	3.895	3.334	4.045	3.172	3.199	3.375	3.225	3.192	3.349	3.162	2.897	3.097	3.121	3.843	3.034	3.152	3.049	2.960	3.099	3.627	3.257	3.153	3.270	3.414	3.199	3.386	3.101	3.175	2.959	2.911	2.971	2.954	2.530	3.468	3.108	2.930	3.459	3.722	3.435	
3.168	3.053	3.260	3.245	3.366	3.284	2.886	3.318	2.983	3.093	2.711	3.086	3.346	3.371	2.936	3.123	3.123	3.330	3.077	3.704	3.994	3.498	3.250	2.942	2.993	3.003	3.127	3.078	2.581	2.913	3.245	3.316	3.079	3.155	3.305	3.389	2.758	3.922	3.326	2.855	3.165	3.405	3.433	2.791	3.872	2.905	2.936	2.939	2.857	2.694	3.349	2.971	3.251	3.308	3.305	3.032	2.800	2.946	4.154	3.537	3.209	3.522	3.292	3.153	3.150	3.211	3.191	2.971	3.118	3.143	2.993	3.391	3.301	4.085	3.258	3.147	3.441	2.869	3.586	3.737	3.211	3.155	3.024	2.871	3.111	3.276	3.706	3.442	3.218	2.994	2.932	2.952	3.118	3.382	3.465	3.445	3.107	3.064	4.026	3.408	3.625	3.638	3.210	4.226	3.267	3.243	3.009	2.859	3.250	2.938	2.876	2.995	3.129	3.136	3.956	3.086	2.985	3.261	3.101	3.144	3.373	2.929	2.803	3.451	3.458	3.168	3.272	3.203	3.221	3.123	2.819	2.989	2.975	3.402	3.665	3.468	3.366	3.309	4.141	3.349	
3.534	3.171	3.172	3.244	2.981	2.775	3.364	3.210	3.088	3.083	3.188	3.486	3.313	3.379	3.064	3.177	3.263	3.206	3.136	3.525	3.939	3.146	2.666	2.781	2.821	3.209	3.733	3.239	3.181	3.192	3.262	3.472	2.968	3.500	2.904	2.993	3.111	3.538	3.496	3.502	3.379	3.602	3.062	2.519	3.797	3.343	3.556	3.145	3.195	2.979	2.867	2.805	3.152	3.537	2.877	3.083	3.444	3.068	4.382	3.529	3.526	3.703	3.399	3.247	3.332	3.672	3.386	3.046	2.934	3.075	2.807	3.082	3.000	3.796	3.214	3.251	3.484	3.656	3.944	3.718	3.266	3.273	3.221	3.462	3.454	3.522	4.153	3.243	3.241	3.093	2.901	3.119	3.034	3.256	3.419	3.571	3.685	4.014	4.070	3.637	3.696	3.589	3.123	4.046	3.482	3.431	3.310	3.268	3.251	3.171	2.985	2.954	3.014	3.367	4.097	3.684	3.445	3.547	3.473	3.211	3.182	3.255	3.003	3.301	3.294	3.186	3.422	3.253	3.289	3.453	2.551	3.225	2.887	2.684	3.324	3.302	3.598	3.233	3.619	3.402	
3.437	3.636	3.650	3.023	2.722	2.713	3.219	3.172	3.256	3.445	3.275	3.584	2.879	3.442	3.252	3.669	4.209	3.649	3.844	4.284	3.404	3.129	3.186	2.675	2.669	2.999	3.341	3.025	3.126	3.089	3.261	3.635	3.179	3.708	3.627	3.626	3.509	4.250	3.942	3.775	3.130	3.088	2.998	2.668	2.917	2.770	2.984	2.992	2.827	3.408	3.436	3.196	3.513	3.622	3.413	3.491	3.069	3.618	4.293	3.567	2.982	3.136	3.101	3.011	2.764	2.831	3.097	2.882	2.777	3.312	3.242	3.367	3.369	4.168	3.343	2.773	3.341	3.581	3.464	3.804	2.759	3.203	3.216	3.388	2.881	3.025	3.627	3.014	3.121	3.080	3.114	3.123	3.380	3.367	3.162	3.215	2.987	3.233	4.038	3.615	3.321	3.288	3.090	3.729	2.693	2.723	2.764	3.029	3.330	2.948	3.108	2.979	3.189	3.045	4.010	3.114	3.252	3.277	3.254	3.606	3.146	2.772	3.109	2.573	3.138	3.134	3.216	2.878	3.445	2.998	2.760	3.052	3.032	2.903	3.484	2.811	2.646	2.792	3.682	3.571	
3.166	3.350	3.548	3.352	3.380	3.404	3.356	3.238	2.929	3.295	3.538	3.456	3.572	3.246	2.949	3.055	3.339	2.900	3.660	4.253	4.131	3.496	3.272	3.197	3.336	3.357	3.437	3.265	3.135	3.151	3.351	3.394	3.345	2.917	2.998	3.041	3.147	3.775	3.910	3.806	3.388	3.728	3.846	3.065	3.930	3.510	3.112	3.002	3.130	3.219	3.222	3.606	3.282	3.473	3.087	2.772	2.875	3.227	4.323	3.476	3.764	4.200	3.331	3.325	3.434	3.353	3.114	2.854	3.030	2.963	3.521	3.183	3.157	3.778	3.128	3.185	3.095	3.553	3.511	3.380	3.413	4.130	3.889	3.554	3.385	3.534	4.151	2.969	2.834	2.964	3.210	3.108	3.262	2.883	3.100	3.380	3.099	3.474	3.803	3.298	4.163	4.292	3.808	4.478	3.452	3.464	3.091	2.815	2.991	3.117	3.446	2.952	2.712	2.964	3.499	2.912	3.418	3.326	3.071	3.235	3.395	3.315	3.525	3.464	3.594	3.555	3.163	3.088	3.060	3.172	3.247	2.870	2.996	2.816	3.429	3.246	3.363	3.362	3.239	3.281	
3.458	3.481	3.946	3.788	4.021	3.395	3.281	3.185	3.311	3.699	3.444	3.434	3.882	3.073	2.982	3.333	3.243	2.806	3.596	4.105	3.833	3.557	3.355	3.496	3.489	3.175	3.590	3.222	3.157	3.188	3.284	3.349	3.204	3.298	3.040	3.242	2.935	3.900	3.373	3.955	2.965	3.450	3.437	2.955	4.061	3.646	3.751	3.652	3.007	3.071	3.013	3.070	3.173	3.215	3.388	3.603	3.078	3.192	4.247	3.988	3.618	3.716	3.209	3.204	3.427	3.771	2.994	3.153	2.979	2.480	3.873	2.889	3.151	3.991	3.343	3.149	3.040	3.687	3.993	4.119	3.040	3.668	3.521	3.643	3.398	3.142	4.322	3.382	2.932	2.818	3.187	3.101	3.041	2.861	3.090	3.176	3.187	3.573	4.221	4.288	4.020	4.308	3.567	4.480	3.600	3.518	3.348	3.109	3.114	3.203	3.185	2.993	3.131	2.718	3.663	3.324	3.315	3.412	3.243	3.874	3.885	3.160	3.192	3.710	3.558	3.626	3.307	3.235	3.510	3.506	3.122	2.684	3.125	2.960	3.544	3.395	3.283	3.428	3.603	3.578	
3.332	3.029	3.531	2.847	3.411	3.449	3.117	2.989	3.650	3.422	3.294	3.132	3.342	2.365	2.925	2.936	2.952	2.376	3.214	3.747	3.710	3.185	3.066	3.074	2.882	3.427	3.468	3.303	3.228	3.405	3.400	3.311	2.895	3.171	3.187	2.784	3.029	3.508	3.622	3.336	3.306	3.082	3.298	2.631	3.713	3.157	3.549	3.324	3.464	3.540	3.368	3.502	3.128	3.594	3.323	3.277	3.069	3.376	3.896	3.234	3.334	2.893	3.134	3.118	3.103	3.627	3.107	3.161	3.685	2.748	3.861	3.583	3.434	3.760	3.194	3.381	3.535	3.474	3.405	3.810	3.416	3.384	3.387	3.160	2.929	2.969	4.409	3.255	3.400	3.521	3.601	3.393	3.479	3.456	3.406	3.673	3.320	3.355	4.149	3.500	3.517	3.672	3.239	4.231	3.391	3.525	2.981	3.374	3.470	3.438	3.436	3.175	3.397	3.498	3.811	3.152	3.594	3.369	3.372	3.652	3.418	3.032	2.769	3.145	3.266	3.372	3.006	3.339	3.553	3.441	3.348	3.432	2.990	3.340	3.487	3.036	2.848	3.243	3.909	3.843	
3.242	3.232	3.665	3.156	3.019	3.255	3.465	3.427	3.226	3.494	3.291	3.547	4.001	3.419	3.587	3.462	3.875	2.879	3.384	3.804	3.771	3.448	3.223	3.080	2.971	3.425	3.193	3.223	3.529	3.523	3.409	3.561	3.572	3.207	3.298	3.057	3.186	3.599	3.487	3.495	3.178	3.395	3.260	2.911	3.965	3.177	3.435	3.180	3.540	3.177	3.647	3.046	3.291	3.331	3.248	3.167	3.123	3.158	4.268	3.650	3.494	3.553	3.406	3.131	3.321	3.702	2.401	3.234	3.339	2.969	3.393	3.093	2.969	3.749	3.137	3.407	3.236	3.460	3.881	3.490	3.569	3.571	2.982	3.179	3.376	3.039	3.937	3.416	3.021	3.166	3.061	2.770	3.243	3.294	3.315	3.593	3.529	3.321	4.078	3.519	3.532	3.551	3.055	4.191	3.277	3.198	3.151	2.893	3.362	2.946	3.165	2.684	3.606	3.255	4.008	3.390	3.271	3.445	2.737	3.495	3.552	3.615	2.925	3.165	3.293	3.576	3.064	2.964	3.082	3.301	3.032	2.768	2.880	3.869	3.405	3.144	2.867	3.282	3.894	3.523	
3.181	3.075	3.211	2.964	2.995	2.750	2.876	3.129	3.452	3.445	2.892	2.654	3.053	3.290	3.228	3.136	3.620	2.741	3.261	3.512	3.605	3.145	3.257	2.990	3.038	3.166	3.226	3.267	2.994	2.876	2.867	3.238	3.429	3.301	3.268	2.893	3.222	3.678	3.423	3.076	3.220	3.440	3.249	2.810	3.941	3.171	3.898	2.462	2.857	2.868	3.255	3.191	3.368	3.831	3.189	3.190	3.126	3.323	3.940	3.311	3.189	3.390	3.170	2.876	2.697	2.883	2.880	2.530	2.666	2.917	3.902	3.181	3.374	3.950	3.246	3.502	2.913	3.407	3.479	3.388	3.070	3.301	2.936	2.896	2.653	2.453	4.212	3.242	2.864	3.098	3.493	3.376	3.101	3.266	3.391	3.263	2.724	3.061	3.417	3.112	3.429	3.457	2.755	3.752	2.852	3.100	3.006	2.797	2.834	3.085	3.461	3.188	2.749	2.818	3.612	3.051	3.062	3.212	2.744	3.119	3.272	3.155	2.757	2.281	2.815	3.040	3.091	3.190	3.124	2.859	3.366	3.223	2.368	3.284	2.973	2.949	2.991	2.981	3.570	3.466	
3.159	3.262	3.831	3.304	3.093	3.311	3.287	2.942	2.797	2.967	2.773	2.867	3.133	3.130	3.533	3.029	3.666	2.902	3.204	3.525	3.883	3.358	3.235	3.080	3.150	3.486	3.308	3.285	3.305	2.855	2.859	3.432	3.556	2.751	3.065	3.112	3.168	3.983	3.126	3.169	2.961	3.425	3.398	2.713	3.562	3.288	3.567	2.744	3.411	3.488	3.372	3.385	3.568	4.172	2.813	3.172	3.334	3.128	3.763	3.290	3.592	3.480	3.198	3.275	2.803	3.265	3.079	3.105	2.799	3.218	3.414	3.392	3.575	4.141	3.351	3.351	3.225	3.398	3.195	3.234	3.032	3.583	3.503	3.393	2.890	2.620	4.336	3.137	3.547	3.271	3.618	3.447	3.575	3.413	3.207	3.712	3.521	3.606	3.705	3.160	3.419	4.050	3.374	3.965	3.175	3.302	3.337	2.978	3.210	3.641	3.184	3.605	3.557	3.579	4.227	3.123	3.501	3.142	2.704	2.833	3.410	3.305	3.424	3.228	3.055	3.165	3.211	2.678	3.230	3.499	3.403	3.285	3.114	4.099	3.474	3.144	3.852	3.569	3.203	2.877	
3.384	3.676	3.337	3.486	3.764	3.579	3.457	3.252	3.383	3.607	3.515	3.404	3.578	3.671	3.361	3.397	3.346	3.138	3.316	3.360	4.145	3.316	3.371	3.532	3.338	3.433	3.447	3.644	3.621	3.360	3.189	3.424	3.594	3.435	3.298	3.067	3.159	3.983	3.043	3.202	3.014	3.775	3.640	3.059	3.724	3.113	3.575	2.779	2.965	3.301	3.271	3.249	3.424	4.011	3.041	3.144	3.362	3.014	3.660	3.469	3.532	3.565	3.184	3.188	3.157	2.836	3.015	2.665	3.131	3.060	3.206	3.114	3.829	4.218	3.180	3.189	3.364	3.592	3.604	3.696	3.467	3.290	3.507	3.579	3.158	2.531	3.943	2.935	2.917	2.928	3.209	2.983	3.172	3.301	3.192	3.743	3.282	3.341	3.930	3.227	3.790	4.009	3.651	4.447	3.135	2.961	3.346	3.316	2.610	3.564	3.051	2.961	3.384	3.264	3.837	2.976	3.090	3.308	2.991	3.413	3.346	3.353	3.419	3.314	3.272	3.103	3.129	3.080	3.051	3.348	3.349	2.854	2.859	3.423	2.968	2.711	2.948	3.272	3.736	3.280	
3.424	3.650	3.723	3.705	3.734	3.275	3.232	3.779	3.315	3.315	2.932	3.288	3.178	2.999	3.078	2.950	3.104	2.559	3.196	4.088	3.785	3.553	3.673	3.623	3.498	3.605	3.692	3.364	3.355	3.074	2.889	3.140	3.390	3.146	3.050	2.783	2.996	3.520	3.549	3.753	3.294	3.666	3.076	2.704	3.889	3.504	3.572	3.006	3.337	3.210	3.651	3.640	3.372	3.797	3.067	3.235	3.346	3.097	4.030	3.077	3.675	3.261	3.189	3.059	3.367	3.221	3.575	3.432	3.133	3.208	3.572	3.570	3.459	4.394	2.909	3.195	3.413	3.694	3.454	3.586	3.446	3.766	3.592	3.410	3.145	2.831	4.541	3.340	3.094	3.204	3.215	3.290	3.439	3.560	3.408	3.835	3.275	3.716	3.999	3.634	4.016	4.149	3.502	4.359	3.208	3.470	3.249	3.081	2.924	3.823	3.480	3.106	3.537	3.572	4.463	3.676	3.783	3.707	3.104	3.442	3.600	3.495	3.275	3.595	3.244	3.223	3.185	3.582	3.640	3.287	3.228	2.900	3.098	3.814	3.086	3.272	3.385	3.744	4.532	4.177	
3.077	3.484	3.869	4.162	3.723	3.503	3.027	3.289	3.242	3.248	3.159	3.421	3.179	3.422	2.870	3.654	3.625	3.330	3.219	3.402	4.055	3.386	3.492	3.379	3.282	3.544	3.496	3.062	3.091	3.432	3.364	3.148	3.032	3.425	3.125	3.142	3.484	4.063	3.504	3.134	3.167	3.621	3.629	2.827	3.754	3.100	3.361	2.793	3.199	3.356	3.108	3.164	3.011	3.468	3.242	3.146	3.410	3.397	4.459	3.344	3.547	3.519	3.721	3.199	3.066	2.528	3.065	3.147	3.157	3.239	3.496	3.434	3.516	4.309	2.763	3.173	3.418	3.635	3.616	3.736	3.040	3.520	3.449	3.518	2.998	2.762	4.053	3.498	3.133	3.163	3.115	3.230	3.255	3.641	3.504	4.002	3.357	3.686	4.121	3.638	3.437	3.926	3.267	4.193	3.199	3.027	3.216	2.583	2.744	3.325	3.246	2.929	3.679	3.819	4.229	3.427	3.666	3.545	2.845	3.257	3.231	3.428	3.347	3.372	3.073	3.030	3.001	3.182	3.050	3.502	3.341	3.062	3.204	4.015	3.160	3.244	3.331	3.532	4.001	3.478	
3.168	3.319	3.873	3.297	3.589	3.440	3.453	3.439	2.974	3.326	3.313	2.862	3.539	3.232	2.920	3.215	3.464	2.942	2.755	3.519	3.773	3.535	3.445	3.311	3.478	3.434	3.186	3.049	3.163	3.071	3.084	3.451	3.515	2.995	3.208	3.119	2.615	3.387	3.036	2.902	3.507	3.335	3.397	3.014	4.010	3.547	3.337	3.149	3.160	2.937	2.861	3.016	3.248	3.656	2.865	2.611	2.568	2.830	3.748	3.183	3.651	3.645	3.357	3.312	3.363	3.289	3.256	3.245	3.351	2.925	2.909	3.260	3.014	4.636	3.013	2.957	2.666	2.925	2.978	3.535	3.575	3.489	3.617	3.689	3.662	3.362	4.295	3.249	3.035	2.851	2.784	2.556	3.062	3.244	3.358	3.464	2.751	3.002	3.379	3.242	3.653	3.726	3.396	4.218	2.935	3.770	3.365	3.183	2.667	2.870	2.644	3.054	3.095	3.003	3.281	3.104	2.927	3.261	2.515	3.201	3.113	3.227	2.917	3.184	3.047	3.618	3.534	3.651	2.764	3.403	2.900	2.734	2.563	3.310	3.158	3.214	2.955	3.289	3.871	3.123	
3.331	3.456	3.553	3.126	3.093	3.391	3.046	3.718	3.069	2.951	2.917	3.149	2.946	3.282	3.088	3.484	3.474	2.921	3.229	3.853	3.728	3.398	3.337	2.934	3.107	3.426	2.953	2.852	3.168	3.047	3.207	3.288	3.391	3.327	3.462	3.348	3.379	3.900	3.673	3.382	3.355	3.480	3.346	2.720	3.740	3.327	3.055	3.050	2.919	3.107	3.228	3.164	3.105	3.227	3.177	3.060	3.043	3.588	4.008	3.275	3.754	3.490	3.331	3.173	2.938	3.046	2.999	3.191	3.100	3.277	2.923	3.066	2.804	3.964	2.878	2.882	3.156	3.416	3.575	3.303	3.003	3.732	3.717	3.085	3.088	2.830	3.546	2.912	2.836	2.999	3.006	3.015	3.029	3.067	3.632	3.404	3.167	3.060	3.763	3.511	3.643	3.461	3.122	4.405	3.052	3.616	2.760	3.236	2.992	2.843	2.971	3.013	3.169	3.224	3.746	3.001	3.448	3.271	2.599	3.458	3.309	3.604	2.835	3.437	3.077	3.253	3.342	3.271	2.807	3.308	2.905	3.066	2.592	3.388	2.752	2.986	3.145	2.858	3.382	3.084	
3.298	3.100	4.199	3.219	3.379	3.521	3.144	3.065	2.865	3.086	2.832	2.748	2.939	3.332	3.327	3.550	3.830	2.729	3.288	3.555	3.626	3.384	3.794	2.832	3.234	3.459	2.984	3.080	2.900	2.886	2.953	2.858	3.197	3.181	3.503	3.008	3.205	4.012	4.017	3.913	3.216	3.782	3.642	3.126	3.885	3.355	3.137	3.360	3.299	2.733	2.660	2.828	2.706	3.459	2.988	3.386	3.278	3.505	4.614	3.445	3.270	2.937	3.366	3.255	3.494	3.557	2.951	3.379	3.470	2.816	3.163	2.836	3.062	3.966	3.230	3.447	3.434	3.614	3.494	3.484	3.215	3.105	3.226	3.333	2.906	3.318	4.014	3.422	3.348	3.136	3.002	3.197	3.100	3.422	3.495	3.836	3.224	3.452	3.826	3.738	3.390	3.939	3.380	4.420	2.781	3.705	3.023	3.150	3.000	2.967	3.066	2.938	3.106	3.178	3.934	3.090	3.612	3.806	3.382	3.756	3.235	3.019	2.902	3.518	3.119	3.457	3.158	2.891	2.976	3.607	3.357	3.137	2.698	3.511	2.898	2.684	3.487	3.857	4.150	4.058	
3.178	3.127	3.531	3.389	3.210	3.170	3.742	3.516	3.046	2.967	2.932	3.054	2.675	3.133	2.693	3.121	3.409	2.997	3.043	3.061	3.496	2.853	3.078	3.097	3.036	3.722	3.320	3.199	2.869	3.037	3.265	3.160	3.262	3.365	2.953	3.198	3.040	3.563	3.374	3.231	3.400	3.734	3.515	2.951	3.818	3.519	3.403	3.177	3.155	3.092	2.949	3.263	2.977	3.492	3.456	3.388	3.183	2.966	3.910	3.006	3.047	2.933	3.003	2.844	3.229	3.611	2.976	3.427	2.968	2.950	2.971	3.060	3.285	4.102	3.394	3.422	3.138	3.326	2.859	3.507	3.139	3.189	3.227	2.938	2.947	3.331	3.848	2.940	3.227	3.147	2.895	3.267	3.374	3.180	3.450	3.763	3.527	3.085	3.430	3.014	3.653	3.844	3.071	3.830	2.872	3.827	3.246	2.812	2.936	3.288	2.911	2.820	3.664	3.496	4.360	3.546	3.223	3.037	2.667	3.246	3.074	3.195	3.319	3.003	3.214	3.262	3.025	3.259	2.743	3.319	3.117	3.292	2.940	3.466	3.369	3.347	3.344	3.255	3.619	3.083	
3.591	3.457	4.210	3.913	3.524	2.953	3.073	2.977	2.617	2.604	2.721	3.217	2.999	2.862	2.790	3.070	3.422	3.116	3.357	3.602	3.210	2.930	3.541	3.397	3.169	2.897	2.774	3.220	2.738	3.086	3.227	3.210	3.108	3.034	2.963	3.454	3.310	4.020	3.765	3.846	3.367	3.621	3.316	2.999	4.047	2.958	2.990	3.177	3.315	3.228	3.450	3.409	3.116	3.489	3.469	3.517	3.002	3.238	4.040	3.532	3.599	2.887	2.769	3.545	3.194	3.100	3.053	3.367	3.563	3.378	3.244	3.121	3.303	3.948	3.226	3.306	3.111	3.625	3.338	3.698	3.467	3.488	3.135	3.482	3.246	3.019	3.911	3.377	3.419	2.865	3.067	3.008	3.231	3.245	3.083	3.477	3.147	3.082	4.266	3.777	3.747	4.077	3.495	4.117	2.947	3.847	3.614	3.179	2.853	2.996	3.102	3.010	3.878	3.473	3.732	3.224	3.194	3.242	2.992	3.505	3.506	3.702	2.940	3.619	3.462	3.418	3.693	3.192	2.750	3.074	2.916	3.210	3.252	3.456	2.936	2.974	3.493	2.915	3.602	3.230	
2.937	3.248	3.828	3.546	3.877	2.921	3.081	3.545	3.002	2.813	3.049	3.263	2.980	3.110	3.437	3.037	3.291	2.705	2.801	3.422	3.382	3.200	3.564	3.340	3.509	3.234	3.146	3.015	2.956	3.043	3.117	2.913	3.075	3.123	3.035	3.061	3.073	3.416	3.078	3.291	3.679	3.485	3.936	3.184	4.238	3.406	3.418	3.058	2.977	3.166	3.098	3.263	2.764	3.351	3.170	2.732	3.054	3.270	4.329	3.289	3.636	3.265	3.454	3.492	3.457	3.289	3.374	3.356	3.395	3.378	3.215	3.077	3.112	3.879	3.232	3.390	3.475	3.604	3.206	3.440	3.678	3.609	3.509	3.356	3.365	3.200	3.925	3.189	3.333	3.196	3.409	3.200	3.188	2.920	3.089	3.454	3.379	3.440	4.068	3.400	3.303	3.986	3.613	4.059	3.045	3.744	3.069	3.183	2.959	3.405	3.346	2.827	3.408	3.280	4.046	3.383	2.928	3.176	3.053	3.021	3.596	3.890	3.214	3.319	3.531	3.594	3.500	3.194	2.905	3.558	3.596	3.184	2.816	2.854	3.496	3.063	3.385	3.274	3.749	3.438	
3.108	3.047	3.302	3.120	3.657	2.537	3.200	3.364	2.679	2.654	2.683	2.611	2.782	2.641	2.877	3.100	3.489	3.217	3.597	3.664	3.631	2.859	3.169	2.651	2.955	2.626	2.732	2.632	2.487	2.631	3.022	2.770	2.972	3.048	2.969	3.257	3.206	3.747	3.575	3.285	3.098	3.144	2.983	2.645	3.551	3.188	2.720	2.842	2.696	2.834	2.762	3.091	3.123	3.206	3.210	3.193	3.208	3.450	4.297	2.944	3.236	3.233	3.224	2.837	2.827	3.145	3.001	2.769	2.449	2.614	2.624	3.307	3.309	3.769	3.179	3.415	3.385	3.844	3.555	3.821	3.130	3.150	3.636	3.474	3.265	3.476	4.020	2.931	2.673	2.399	2.649	3.042	3.357	3.393	3.751	3.849	3.430	3.543	4.059	3.719	3.346	3.773	3.143	3.757	2.985	3.574	3.533	3.448	2.863	3.076	2.820	2.671	3.678	3.015	4.013	3.506	3.252	3.856	3.128	3.399	3.276	3.331	3.295	2.986	3.077	3.422	3.615	3.116	3.130	3.190	2.992	2.442	2.612	2.972	3.044	2.799	3.460	3.653	4.209	3.570	
3.281	3.244	3.196	2.784	3.621	2.835	3.097	3.331	2.865	2.994	2.843	3.110	3.094	3.131	2.880	3.243	3.520	2.903	3.197	3.903	3.908	3.122	3.225	3.379	3.242	2.964	3.131	2.809	2.885	3.154	2.975	3.179	3.542	2.809	3.268	3.237	2.951	3.398	3.509	3.625	3.262	3.281	3.438	3.412	4.259	3.150	3.323	2.977	3.188	3.070	3.243	3.081	3.268	3.158	3.014	3.102	3.186	3.089	4.033	4.203	3.539	3.247	3.126	3.204	3.118	2.891	3.066	2.899	2.802	2.705	2.640	3.027	3.553	3.786	2.897	3.061	2.960	3.188	3.530	3.835	3.174	3.151	3.291	3.014	3.000	2.940	3.601	3.175	3.178	2.704	2.576	2.452	3.180	3.381	3.009	3.542	2.752	3.170	3.733	3.378	4.111	3.651	3.123	3.791	2.701	3.604	3.086	2.943	2.537	3.051	3.021	3.128	3.214	3.169	3.901	3.460	2.955	3.494	3.050	3.427	3.442	2.547	3.247	3.465	2.918	3.021	3.142	2.717	2.945	3.554	2.756	2.622	2.830	3.176	3.012	3.273	3.566	3.180	4.076	3.566	
3.057	3.284	3.620	3.396	3.486	2.828	2.838	3.405	2.347	2.616	2.864	3.012	2.872	2.731	3.418	3.176	3.441	3.024	3.164	3.577	3.347	2.566	3.176	3.335	3.180	3.001	3.207	2.865	2.715	3.025	2.915	2.929	2.795	3.051	3.308	3.193	3.419	3.844	3.142	3.405	2.851	2.917	3.413	2.983	3.988	3.141	3.061	2.792	2.991	2.658	2.770	3.158	2.963	3.306	3.231	3.165	2.823	2.988	4.025	2.959	3.404	3.193	3.030	3.278	3.119	2.975	3.052	2.791	2.842	3.003	3.181	3.603	3.101	3.440	2.686	3.052	2.991	3.414	3.021	3.375	2.818	3.532	3.172	3.184	2.919	2.842	3.639	2.889	3.028	2.991	3.331	2.794	3.499	3.218	2.984	3.617	2.765	2.900	3.377	3.108	3.487	3.964	3.241	4.049	3.134	3.019	3.106	2.796	2.629	3.181	3.016	3.075	3.154	3.094	4.089	3.268	2.873	3.259	2.981	3.138	3.281	3.187	3.381	3.329	3.061	3.379	3.252	3.098	2.509	3.401	3.322	3.132	2.975	3.003	3.250	3.145	3.186	3.137	3.569	3.063	
3.294	3.675	4.008	3.166	3.856	2.963	2.748	3.389	3.063	3.600	3.207	3.387	2.946	2.882	2.893	3.322	3.683	3.194	3.385	3.987	3.818	2.899	3.546	3.373	3.470	3.001	3.224	3.135	3.112	3.613	2.658	2.740	3.192	2.827	3.431	3.473	3.395	3.912	3.519	3.445	3.257	3.086	3.648	3.395	4.175	3.040	3.202	3.675	3.361	3.237	2.649	3.293	3.040	3.199	2.810	3.294	3.016	3.586	4.548	3.217	3.378	3.113	3.363	3.600	3.069	3.151	3.364	3.385	2.786	2.928	3.376	3.868	3.271	4.260	3.038	3.097	3.210	3.516	3.581	3.550	2.979	3.186	3.539	3.451	3.687	3.249	3.834	3.360	2.906	3.095	3.092	3.187	3.406	3.308	3.452	3.659	3.199	3.022	4.046	3.626	3.396	3.859	3.286	4.489	3.564	3.134	3.282	3.311	3.272	3.012	3.072	3.277	3.015	3.526	3.927	3.270	2.996	3.051	2.732	3.078	3.014	3.228	3.313	3.207	2.937	3.461	3.063	3.009	2.655	3.342	2.973	3.202	3.420	3.085	3.117	3.189	3.390	3.416	3.602	3.555	
3.029	3.186	3.495	3.172	3.676	2.928	2.863	2.897	3.370	2.778	2.748	2.618	2.803	2.744	2.794	3.175	3.308	2.609	3.015	3.782	3.433	2.661	3.067	3.161	3.310	2.604	2.593	2.810	3.047	2.831	3.048	3.507	3.196	2.962	2.788	3.148	2.961	3.834	3.371	3.320	3.055	3.147	3.096	2.981	3.737	3.267	2.800	3.119	3.393	3.464	3.129	3.210	3.370	3.592	2.942	2.854	2.688	3.333	4.049	3.029	3.033	3.245	3.026	2.998	3.305	3.104	3.381	2.792	2.511	2.668	2.628	3.549	2.889	3.644	3.102	2.783	3.250	3.260	3.434	3.559	2.686	3.227	3.186	3.272	3.362	2.904	3.710	2.707	2.371	2.871	2.983	2.848	3.326	2.981	2.948	3.299	3.013	2.965	3.808	3.416	3.080	3.934	3.152	4.226	3.059	3.131	3.222	2.634	2.862	2.606	3.000	2.854	3.030	3.095	3.861	3.095	2.672	2.977	2.468	2.826	3.066	3.304	3.088	3.064	3.106	3.453	3.207	2.920	3.110	3.596	2.717	3.179	2.963	3.001	3.365	3.304	3.211	2.531	3.012	2.902	
3.403	3.251	3.235	2.990	3.309	2.393	2.983	3.291	3.645	2.745	3.066	2.830	3.081	2.704	2.654	3.098	3.633	2.695	3.126	3.577	3.981	2.907	3.272	2.886	3.266	2.661	3.215	3.298	2.998	2.762	3.023	3.105	2.870	2.960	2.976	2.920	2.828	3.446	3.196	3.263	3.224	3.251	3.344	3.141	3.750	3.254	2.878	3.226	2.965	2.800	2.881	3.062	3.338	3.364	2.899	3.059	3.258	3.168	3.755	3.184	3.520	3.239	2.866	2.829	2.781	3.014	2.924	3.338	2.643	2.807	2.617	3.619	2.898	3.859	3.103	3.272	2.980	3.397	3.212	3.687	3.195	3.137	3.099	2.980	3.053	2.830	3.438	3.403	3.148	2.634	2.841	2.649	2.848	2.945	3.021	3.575	3.285	3.059	3.802	3.160	3.540	3.409	2.977	3.543	3.164	3.135	3.272	3.346	2.730	3.134	2.986	3.026	2.761	3.090	4.048	3.331	3.261	2.992	2.828	2.948	2.651	3.021	2.733	2.938	2.808	3.827	3.534	3.347	2.777	3.035	2.858	3.281	2.994	2.937	2.973	3.022	3.077	2.990	3.012	2.835	
3.886	3.012	3.244	3.107	3.230	2.493	2.785	2.986	3.275	2.742	2.507	3.307	2.937	3.326	2.960	2.896	3.218	2.982	3.057	3.439	3.602	3.178	3.178	3.250	3.147	2.792	2.839	3.171	3.634	2.759	3.029	3.109	3.140	3.093	2.963	3.017	2.755	3.769	3.551	3.285	3.161	3.448	3.638	2.978	4.060	3.165	3.220	3.077	3.170	2.958	2.793	3.189	3.126	3.620	3.470	3.283	3.181	3.322	4.003	3.305	3.745	3.428	3.206	3.128	3.216	2.570	3.063	3.297	3.436	2.984	2.802	3.712	3.365	4.136	3.206	2.911	3.077	3.723	3.108	3.660	3.197	3.384	3.024	3.109	3.011	2.982	3.381	3.132	2.999	3.101	3.034	3.181	3.346	3.258	3.214	3.560	3.310	2.822	3.303	3.085	3.401	3.665	3.106	3.986	2.949	2.957	2.919	3.283	2.894	2.893	3.197	3.023	3.235	2.937	3.957	3.374	3.463	3.141	2.896	3.238	3.230	2.627	3.183	3.280	2.726	3.044	2.789	3.002	2.735	3.470	3.037	3.338	3.231	3.180	2.942	3.143	3.603	3.252	3.676	3.060	
3.622	2.986	3.492	3.446	3.228	2.734	2.853	3.368	3.751	3.311	3.374	3.352	3.202	3.399	3.266	2.959	3.781	2.792	3.393	3.995	3.430	3.218	3.353	3.320	3.750	2.922	3.423	3.413	4.037	3.435	3.540	3.330	3.206	3.463	3.013	3.182	3.080	3.484	3.600	3.398	3.450	3.210	3.326	3.370	4.028	3.402	3.526	3.447	3.570	3.623	3.467	3.429	3.328	3.346	3.316	3.294	3.240	3.544	4.192	3.270	3.309	3.677	3.564	3.456	3.196	3.304	3.394	3.279	3.587	3.404	3.170	3.675	3.190	4.150	3.502	3.298	3.397	3.968	3.244	3.682	3.176	3.347	3.551	3.274	3.340	3.117	3.693	3.366	3.564	3.512	3.513	3.351	3.364	3.648	3.253	3.896	3.552	2.993	3.396	3.398	3.318	3.307	2.912	3.639	2.876	2.920	3.008	3.457	3.659	3.150	3.480	3.470	3.675	3.544	4.374	3.543	3.448	3.334	3.403	3.362	3.147	3.175	3.218	2.918	3.081	3.566	3.143	3.064	3.391	3.905	3.727	3.559	3.305	3.244	3.024	3.360	3.962	3.294	3.719	3.513	
3.744	3.184	3.754	3.270	3.315	3.180	2.874	2.903	3.691	2.882	3.051	2.898	2.881	3.170	3.221	3.080	3.326	2.873	2.973	3.837	3.324	3.170	3.419	3.606	3.397	2.909	2.815	3.058	3.257	3.484	3.349	3.284	2.628	2.958	3.238	3.146	3.198	3.576	3.560	3.040	3.525	3.332	3.606	3.691	4.449	3.988	2.878	3.112	3.169	3.348	3.089	3.142	3.300	3.262	3.131	3.059	3.198	3.283	3.839	3.109	3.426	3.496	3.859	3.587	3.625	3.309	3.093	3.177	3.431	3.126	2.671	3.596	3.529	3.686	3.112	3.085	3.038	3.921	3.081	3.655	3.664	3.134	3.487	3.238	3.331	3.638	3.982	3.108	2.821	2.839	2.798	2.822	3.147	3.106	2.890	3.346	3.097	2.944	3.303	3.413	3.445	3.582	2.822	4.161	3.399	3.453	3.227	3.209	3.093	3.003	2.961	2.547	2.838	2.856	3.409	2.889	3.190	3.031	3.322	3.538	3.146	3.470	2.789	3.032	2.987	3.535	3.322	3.226	2.585	3.253	2.762	2.628	2.962	2.846	2.917	2.974	3.541	3.305	3.461	3.593	
3.938	3.421	3.809	3.398	3.205	2.895	3.055	3.389	3.471	3.032	3.411	3.113	3.024	3.141	3.224	3.271	3.346	2.799	3.124	3.638	3.478	3.697	3.629	3.481	3.422	3.106	3.462	3.371	3.197	3.221	3.407	3.003	3.476	3.002	3.357	3.053	2.891	3.324	3.411	3.203	3.494	3.317	3.643	3.612	3.972	3.209	3.402	2.925	3.191	3.298	3.397	3.402	3.416	3.484	3.236	3.265	3.071	2.866	4.078	3.320	3.817	3.442	3.717	3.333	3.303	3.793	3.037	2.906	3.066	3.240	3.108	3.373	3.417	4.153	3.240	3.152	3.311	3.278	3.198	3.997	3.488	3.457	3.313	3.347	3.381	3.055	4.008	3.249	3.144	3.398	3.066	3.487	3.375	3.018	3.172	3.187	3.165	2.806	3.068	3.425	3.924	3.642	3.204	4.108	3.063	3.403	3.474	3.318	3.173	3.229	3.045	2.811	2.893	2.945	3.629	2.727	2.899	2.510	3.051	3.320	3.666	3.165	3.385	3.075	2.973	3.690	3.417	3.083	2.943	3.469	3.358	2.802	2.607	3.168	2.854	2.638	2.803	3.201	2.921	3.543	
3.272	2.462	3.442	2.867	2.668	2.979	2.356	2.676	2.948	2.774	2.791	2.428	2.538	2.887	2.862	3.189	3.471	2.830	3.092	3.295	2.949	2.998	3.134	2.945	2.841	2.734	2.882	2.850	2.795	2.684	2.246	2.119	2.543	2.810	3.155	3.187	3.191	3.894	3.372	2.867	3.263	2.933	3.227	3.047	4.032	3.225	2.778	2.524	2.463	2.612	2.397	2.242	2.507	2.777	2.889	3.288	3.007	3.252	4.250	3.228	3.370	3.056	2.869	2.744	3.253	3.332	3.011	2.580	2.569	2.567	2.820	2.644	2.686	3.451	2.494	2.976	2.888	3.348	3.321	3.670	3.254	2.805	3.147	2.809	2.962	3.012	3.596	2.670	2.644	2.766	2.623	3.106	2.704	2.507	2.661	2.953	2.475	2.522	3.199	3.664	3.688	3.548	2.833	3.667	3.068	2.959	2.707	2.947	2.681	2.558	2.855	3.100	3.086	2.644	3.396	3.051	2.985	3.270	3.199	3.202	3.119	3.029	2.878	2.619	2.622	3.469	2.970	3.193	2.640	3.507	3.068	3.138	3.120	2.839	3.075	3.423	3.037	3.452	2.933	3.296	
3.380	2.550	2.927	2.696	2.730	2.706	2.393	2.750	2.946	3.010	3.134	3.452	3.243	3.105	3.180	2.661	3.450	3.062	3.172	3.980	3.022	3.167	3.002	3.111	2.849	2.781	2.455	2.587	2.794	2.779	2.885	2.888	2.892	3.169	3.016	3.214	2.990	3.842	3.748	3.199	3.312	3.191	3.114	3.046	3.605	2.872	2.845	2.335	2.639	3.168	2.862	3.174	3.168	3.100	3.037	3.030	3.313	3.531	4.216	3.254	3.035	3.391	3.308	3.133	3.102	3.081	2.666	2.866	2.971	3.030	2.792	3.092	3.257	3.406	2.699	3.202	3.297	3.744	3.363	3.150	3.227	3.165	3.290	3.174	3.202	2.828	3.930	2.975	3.303	2.977	2.810	2.850	2.967	2.982	3.068	3.323	3.062	2.895	3.255	3.414	3.454	3.567	3.339	4.168	3.066	3.082	3.011	2.963	3.034	2.912	3.020	3.044	3.009	3.037	3.613	3.052	3.450	3.015	3.303	3.266	2.989	2.816	2.941	3.111	2.930	3.621	3.437	2.846	2.715	3.312	3.030	3.257	3.163	2.942	2.778	3.035	3.115	3.590	3.176	3.564	
4.212	3.044	3.200	2.798	3.111	3.401	3.218	2.799	2.986	3.009	2.990	3.084	3.051	2.962	2.896	2.882	3.005	2.630	3.029	3.820	3.413	3.043	3.420	3.181	3.312	2.905	2.911	2.991	3.178	2.922	3.197	3.014	3.295	3.188	2.962	3.279	3.024	4.129	3.420	3.336	3.545	3.275	3.189	2.834	3.960	3.102	2.815	3.041	3.112	2.706	2.943	2.939	2.754	3.145	3.042	3.148	3.405	3.541	4.117	3.165	3.395	3.670	3.411	3.255	3.500	3.792	3.505	2.824	3.052	2.794	3.006	3.264	2.719	3.710	3.110	3.221	3.340	3.987	3.154	3.607	3.523	3.621	3.759	3.262	3.414	3.439	4.350	3.289	3.077	2.935	3.005	3.077	2.839	2.997	3.140	3.436	3.125	3.072	3.487	2.917	3.747	3.681	3.335	4.508	3.341	3.339	3.635	3.424	2.763	2.854	2.894	3.239	3.128	3.241	3.764	3.259	2.994	3.345	2.937	3.241	2.923	3.511	3.200	3.453	3.640	3.652	3.456	3.326	2.884	3.572	3.187	3.293	3.167	2.948	3.107	3.081	3.201	3.838	3.263	3.485	
3.443	2.755	3.704	3.358	3.240	3.141	3.471	3.127	3.119	2.748	2.724	3.250	2.805	3.149	3.171	3.060	3.210	2.567	3.276	3.686	3.284	3.342	3.623	3.644	3.942	3.427	3.132	2.888	2.878	2.817	3.065	3.208	2.658	2.651	2.901	3.027	2.939	3.289	3.348	3.245	3.093	3.404	3.247	3.368	4.208	3.705	3.557	3.317	2.752	2.970	3.088	3.148	3.436	3.834	3.240	2.880	3.004	3.038	3.722	3.112	3.459	3.142	3.300	3.437	3.546	3.486	3.636	2.735	3.325	3.175	2.835	3.021	3.328	4.034	3.242	3.171	3.238	3.672	3.486	3.365	3.219	3.229	3.012	3.461	3.558	3.194	3.874	3.020	2.608	2.853	2.587	2.736	2.658	2.980	3.266	3.550	3.404	2.792	3.437	3.281	3.385	3.400	2.936	4.296	3.234	3.175	2.879	2.630	2.447	2.820	2.777	2.720	2.849	2.996	3.702	3.203	3.232	3.547	3.361	3.200	3.482	3.011	3.018	2.972	3.195	3.463	3.125	2.622	2.572	3.180	3.320	2.852	2.694	2.667	2.872	3.254	3.092	3.526	3.299	3.101	
3.474	3.086	3.599	3.438	3.185	2.824	3.062	2.972	3.071	3.013	3.154	3.257	2.971	3.040	2.921	3.043	3.179	2.692	3.003	4.108	3.193	2.847	2.922	3.098	2.990	2.979	3.138	2.953	2.932	2.976	2.819	3.004	3.098	3.034	3.193	3.134	3.163	3.404	3.359	3.320	3.324	3.109	3.361	3.093	3.560	2.863	3.031	2.778	2.493	2.704	2.916	2.916	3.002	3.783	3.005	3.087	3.396	3.520	3.995	3.010	3.035	3.036	3.007	3.054	3.030	3.105	3.231	2.324	2.650	2.858	2.901	3.031	3.212	4.121	3.460	3.334	3.172	3.867	3.359	3.440	2.829	3.574	3.480	3.512	3.134	3.214	3.769	2.897	2.738	3.120	3.005	2.939	2.996	3.285	3.082	3.524	3.441	2.681	3.361	3.176	3.081	4.127	3.449	4.096	2.766	3.343	3.390	2.929	2.862	2.902	2.945	3.181	2.775	3.105	3.790	3.398	3.269	3.007	3.040	2.922	3.576	3.378	3.421	3.020	2.963	3.332	3.175	2.795	2.885	3.640	3.305	3.118	2.937	2.994	3.026	3.198	2.886	3.515	3.059	2.874	
4.077	3.172	3.071	3.172	3.474	3.055	3.174	3.308	3.232	3.166	3.665	3.156	2.867	2.824	2.733	3.075	3.146	3.061	3.495	3.641	3.670	3.313	3.462	3.564	2.946	3.261	3.464	3.071	3.111	3.482	3.401	3.165	2.945	3.101	2.878	2.819	2.975	3.734	3.467	3.284	3.605	3.504	3.743	3.759	3.968	3.045	3.010	3.082	3.250	3.499	3.447	3.709	3.483	3.498	2.712	2.805	3.013	3.023	3.904	3.532	3.046	3.187	3.605	3.332	3.097	2.971	3.372	2.951	2.939	3.444	3.311	3.731	3.070	3.368	3.051	3.130	3.388	3.342	3.514	3.811	3.490	3.229	3.380	3.309	3.543	2.992	3.694	3.411	3.194	3.237	3.512	3.211	3.286	3.294	3.170	3.424	3.188	3.224	3.200	3.195	3.971	3.727	3.144	4.362	3.061	3.191	3.254	2.778	3.092	3.218	3.205	3.262	3.269	3.396	3.940	3.506	3.476	3.356	2.987	3.050	3.049	3.376	2.948	2.928	2.607	2.889	2.866	2.818	2.885	3.618	3.523	3.247	3.077	3.332	3.217	3.366	3.068	3.613	2.617	3.139	
3.114	2.803	3.604	3.178	3.724	3.497	3.115	2.706	2.683	2.602	2.910	2.743	3.143	3.123	2.629	3.016	3.303	2.872	3.320	3.899	3.326	2.972	3.312	3.142	3.311	3.476	2.921	2.949	2.684	2.815	2.874	2.971	3.106	3.220	2.854	3.022	3.458	3.810	3.580	3.260	3.208	3.028	2.735	2.863	3.876	3.203	3.230	2.882	2.846	3.030	2.473	2.994	2.905	3.196	2.979	2.888	3.372	3.137	3.842	3.099	3.411	3.285	2.903	3.090	2.841	3.225	3.260	2.418	2.889	2.750	3.270	3.021	3.001	3.675	2.946	3.147	3.109	3.641	3.194	3.305	3.063	3.353	3.077	3.115	2.868	3.653	3.902	3.332	3.291	3.068	2.987	3.069	3.036	3.410	3.250	3.531	3.277	2.444	3.041	2.999	3.267	3.918	3.028	3.764	3.039	3.477	3.292	3.521	3.447	3.116	3.254	3.251	3.359	3.449	3.903	3.087	3.343	2.973	2.819	3.157	3.272	3.184	3.057	2.749	3.060	3.391	3.385	3.390	2.936	3.079	3.153	3.116	2.927	3.100	3.256	2.671	3.060	3.269	2.817	3.385	
3.677	2.673	3.485	3.164	3.031	3.179	3.328	2.917	3.174	2.802	2.599	2.730	2.662	2.781	2.793	3.164	3.442	2.569	2.693	3.088	3.293	3.122	3.422	3.071	3.017	2.781	3.018	2.714	3.273	3.076	2.928	2.991	2.751	3.135	3.034	2.832	3.041	3.393	2.801	3.111	3.073	3.276	3.128	3.252	4.090	3.204	2.796	3.247	3.276	3.315	3.103	3.146	3.135	2.973	3.122	3.106	3.078	3.326	3.692	2.801	3.511	3.211	3.022	3.603	3.376	3.396	3.686	2.822	2.946	3.274	3.010	3.220	3.328	3.684	3.304	3.257	3.265	3.521	2.726	3.525	3.146	3.363	3.334	3.529	3.448	3.312	4.118	3.186	3.480	3.264	3.151	3.119	3.192	2.940	3.145	3.566	3.005	2.626	2.800	2.809	3.298	3.793	3.477	4.174	3.536	3.523	3.076	3.104	3.366	3.115	3.255	3.057	3.067	3.322	3.597	3.230	3.076	3.250	3.148	3.557	3.583	3.380	3.550	3.114	3.161	3.741	3.676	3.287	3.166	3.651	3.177	2.989	2.627	2.850	2.782	3.059	3.248	3.729	2.807	3.172	
3.987	2.911	3.515	3.206	2.907	3.201	2.894	3.020	3.033	2.939	2.857	2.591	2.662	2.837	2.651	2.835	3.400	2.558	2.770	3.477	3.143	2.933	3.171	2.592	2.859	2.636	2.939	2.969	3.040	2.933	2.869	3.002	2.909	2.639	2.763	3.228	3.177	3.404	2.802	3.213	3.213	2.886	3.136	3.065	3.756	2.882	2.828	2.766	2.896	2.596	2.629	2.846	3.158	3.524	2.940	3.090	3.008	3.429	3.786	2.974	3.062	3.574	3.156	2.986	2.848	3.373	3.725	2.452	2.700	2.739	2.995	2.789	2.847	3.779	3.041	2.953	3.009	4.001	2.921	2.905	2.896	3.276	3.521	3.288	3.216	3.196	3.756	2.874	2.641	2.676	2.705	2.803	2.974	2.972	2.794	3.427	3.077	2.828	2.901	3.035	3.429	3.438	3.301	3.911	2.881	2.982	2.530	2.456	2.669	2.899	3.054	2.768	2.623	3.173	3.834	3.272	3.418	3.293	2.579	2.742	3.300	3.203	3.098	2.891	2.654	3.460	2.997	3.024	2.779	3.532	3.321	2.904	2.932	2.972	3.032	2.851	3.064	3.111	3.234	2.609	
3.979	3.195	3.159	3.188	3.183	2.866	3.204	3.137	2.919	2.832	2.802	2.793	3.062	3.169	3.257	3.185	3.628	2.995	3.478	3.879	3.759	3.375	3.604	3.369	3.064	2.718	2.979	2.800	2.940	2.813	2.780	3.037	3.571	3.345	3.457	3.607	3.380	3.703	3.752	3.208	3.830	3.727	3.589	2.988	3.806	3.028	2.892	2.827	2.899	3.014	2.993	3.258	3.272	3.683	3.406	3.433	2.836	3.314	3.991	3.233	3.700	3.832	3.492	3.361	3.220	2.999	3.322	2.633	3.076	3.268	3.297	3.439	3.349	4.129	3.077	3.172	2.968	3.915	3.266	3.660	3.466	3.853	3.612	3.510	3.381	3.188	3.826	3.532	3.275	3.301	2.998	3.139	3.465	3.514	2.991	3.622	3.227	2.969	3.691	3.130	3.801	4.256	3.406	4.248	3.288	3.540	3.344	3.095	2.966	3.351	3.219	3.367	3.312	3.159	4.151	3.496	3.663	3.715	3.369	3.075	3.320	3.475	3.435	3.141	3.170	3.695	3.344	3.201	3.047	3.526	3.032	3.047	3.616	3.156	3.198	3.245	3.256	3.582	3.683	3.104	
3.788	2.934	3.720	3.352	2.947	2.899	2.819	3.101	3.006	3.364	3.186	3.425	3.302	3.062	2.920	2.881	3.140	2.610	3.597	3.586	3.637	3.326	3.135	3.206	3.286	2.741	3.168	2.914	2.979	3.522	3.346	3.083	3.111	3.407	3.039	2.926	3.117	3.891	3.533	3.235	3.512	3.724	3.697	3.577	3.988	3.210	3.177	3.107	2.889	3.065	3.130	2.849	3.209	3.515	3.263	2.987	3.417	3.512	3.982	3.325	3.755	3.570	3.743	3.398	3.250	3.435	3.249	3.064	3.205	3.232	3.342	3.032	3.479	3.945	3.428	3.385	3.234	3.838	3.059	3.845	3.405	3.941	3.685	3.648	3.883	3.635	4.013	3.966	3.171	3.154	3.372	3.123	3.064	3.357	3.270	3.818	3.237	2.720	3.564	3.406	4.011	4.127	3.684	4.351	3.510	3.513	3.597	3.593	3.063	3.226	3.179	3.271	3.488	3.427	3.980	3.272	3.280	3.256	3.329	3.756	3.658	3.310	2.783	3.250	3.505	3.538	3.402	3.509	3.120	3.321	3.377	3.344	3.363	3.416	2.967	3.064	2.796	3.389	3.137	3.266	
3.792	2.617	3.030	2.737	3.045	2.779	2.884	2.871	3.180	3.045	3.684	3.191	2.665	3.302	3.156	2.822	3.036	2.837	3.313	4.080	3.150	3.246	3.152	3.192	3.053	2.865	2.784	2.773	2.967	3.450	3.159	2.995	2.862	2.817	3.140	2.884	3.119	3.801	3.720	3.363	3.520	3.278	3.302	3.176	3.865	2.754	3.072	2.892	3.100	3.288	2.797	2.966	2.952	2.849	2.934	2.911	2.977	3.432	4.367	3.375	3.543	3.495	3.426	3.301	3.045	3.368	3.186	2.756	2.954	2.763	3.083	3.169	3.016	3.521	2.889	3.248	3.347	3.688	3.158	3.801	3.385	3.602	3.367	3.486	3.014	2.979	3.874	2.979	3.040	3.092	2.720	2.908	2.866	2.973	3.089	3.381	3.084	2.908	3.775	3.233	3.726	3.790	3.215	4.096	3.105	3.195	3.277	3.306	2.844	2.770	3.099	2.862	2.757	3.081	3.638	3.035	3.509	3.354	3.817	3.394	3.471	3.082	3.200	3.165	2.833	3.686	3.467	3.808	3.602	3.766	3.461	3.377	3.024	2.955	3.112	3.004	3.148	3.942	3.396	3.509	
3.584	2.810	3.539	3.441	3.529	3.206	2.916	3.285	3.166	3.063	3.076	3.208	3.091	3.010	2.949	3.514	3.582	3.143	3.293	3.781	3.413	3.859	3.713	3.556	3.287	3.081	2.712	3.533	3.200	2.932	3.160	3.247	3.279	3.487	3.258	3.475	3.202	4.198	3.337	3.370	3.438	3.331	3.421	3.530	4.055	3.446	3.056	3.204	3.304	3.126	3.034	3.363	3.008	3.106	3.467	3.360	3.562	3.307	4.826	3.481	3.090	3.354	3.650	3.486	3.474	3.581	3.114	3.108	3.449	3.128	3.241	3.286	3.018	3.937	3.164	2.888	3.485	3.804	3.655	3.335	3.180	3.579	3.877	3.451	3.056	3.365	3.983	3.075	2.919	3.120	3.032	2.973	3.000	2.840	2.923	3.389	2.946	2.992	3.129	3.471	3.028	4.030	3.328	3.963	3.230	3.609	3.028	3.073	3.014	2.727	2.996	3.030	2.661	2.895	3.649	2.959	3.026	3.151	2.989	3.226	3.335	3.201	2.711	2.596	3.160	3.380	3.121	3.426	3.507	3.713	3.105	3.151	2.870	3.016	2.858	2.816	2.862	3.394	3.297	3.134	
3.576	3.155	3.390	2.985	2.523	2.855	2.831	3.011	3.194	2.954	3.201	3.133	3.206	3.574	3.328	3.019	3.482	3.297	3.619	3.723	3.162	3.201	2.995	2.970	3.087	2.650	2.932	2.983	3.296	2.847	3.173	3.572	3.223	3.538	3.352	3.325	3.616	3.948	3.385	3.093	3.118	3.198	3.353	2.982	3.851	3.007	2.980	2.876	3.211	3.443	2.895	3.448	3.298	3.840	3.661	3.463	3.639	3.573	4.423	3.141	3.453	3.359	3.086	2.948	3.183	3.363	3.156	3.049	3.164	3.438	3.228	3.121	3.365	4.050	3.667	3.638	3.674	4.413	3.626	3.497	2.863	3.478	3.168	3.487	3.173	3.250	3.785	3.138	3.108	3.251	2.751	3.223	3.311	3.284	3.363	3.481	3.474	3.281	3.558	3.609	3.491	3.556	3.223	4.501	3.692	2.894	3.116	2.486	3.098	2.535	3.132	3.421	3.292	3.415	3.824	3.268	3.367	3.208	3.548	3.393	3.582	3.245	3.242	2.765	3.678	3.082	3.096	2.959	3.475	3.695	3.438	3.116	3.256	3.294	3.310	3.092	3.232	3.865	3.334	2.831	
3.809	3.129	3.636	3.346	3.153	3.282	3.246	3.426	3.478	3.178	3.262	2.858	3.147	3.251	2.741	2.703	3.204	2.428	3.048	3.489	3.477	3.459	3.361	3.563	3.831	3.431	3.471	3.443	3.091	3.279	3.089	3.195	3.251	3.148	3.185	2.935	2.842	3.390	3.566	3.403	3.405	3.663	3.275	3.668	4.224	3.528	3.437	3.459	2.968	3.532	3.300	2.979	3.191	3.410	3.087	3.354	3.232	2.940	3.711	3.382	3.077	3.097	3.820	3.827	3.589	3.710	3.875	3.310	3.018	3.194	3.266	3.067	3.365	3.965	3.006	2.956	2.989	3.302	3.256	3.458	3.486	3.092	3.775	3.978	3.538	3.696	4.543	3.549	3.501	3.505	3.026	3.017	2.781	3.116	2.918	2.862	2.751	2.605	3.210	2.914	3.295	3.642	3.524	4.355	3.548	3.636	3.415	3.329	3.382	2.953	3.082	3.173	2.964	3.155	3.754	2.968	3.048	3.186	3.087	3.339	3.267	3.135	2.876	2.878	3.768	3.521	3.392	3.550	3.656	3.766	3.656	3.478	2.995	3.002	3.006	3.041	2.996	3.632	2.963	3.074	
4.448	3.388	3.604	2.820	3.240	3.151	3.075	2.936	2.690	2.868	3.455	2.952	3.106	2.775	2.996	3.241	3.576	3.363	3.637	3.735	3.730	3.753	3.454	3.507	3.230	3.147	3.027	3.287	3.248	3.236	3.513	3.357	3.177	3.253	3.471	3.394	3.337	4.153	3.665	3.155	3.415	3.461	3.200	3.335	4.087	3.377	3.087	3.235	3.299	3.125	3.114	3.333	2.954	3.405	3.518	3.355	3.553	3.355	4.286	3.151	3.432	3.207	3.242	3.434	3.358	3.204	3.240	3.163	3.295	3.487	3.113	3.255	3.344	3.967	2.985	3.601	3.478	3.827	3.334	3.521	3.342	3.480	3.405	3.345	3.588	3.062	3.850	3.321	3.012	3.142	3.417	3.181	3.232	3.244	3.273	3.622	3.390	2.991	3.670	3.420	3.477	3.352	3.001	4.178	3.531	3.390	3.131	2.819	2.991	2.533	3.218	3.300	3.442	3.410	3.742	3.266	3.162	3.375	3.581	3.366	3.301	2.987	2.798	2.636	3.751	3.187	2.942	3.313	3.691	3.917	3.198	3.586	3.261	3.253	3.423	3.170	3.177	3.467	2.934	3.347	
3.862	3.251	3.533	3.430	3.342	3.267	3.141	3.154	3.315	3.434	3.123	2.645	2.557	2.361	2.595	2.837	3.611	2.891	3.466	3.659	3.798	3.519	3.500	3.431	3.425	3.046	3.247	3.764	3.388	3.574	2.743	2.677	3.097	2.741	2.770	3.043	3.108	3.755	3.472	2.994	3.529	3.352	3.322	3.488	3.729	3.403	3.382	3.266	3.294	2.881	3.176	2.966	3.113	2.985	2.996	3.126	3.490	3.192	4.020	3.099	3.469	3.378	3.377	3.483	3.709	3.436	3.275	3.454	2.994	3.070	3.289	3.048	3.197	4.110	3.263	3.309	3.466	3.721	3.466	3.733	3.473	3.128	3.420	3.717	3.161	3.104	3.606	3.043	3.075	3.084	3.095	2.693	3.085	3.522	3.350	3.517	3.023	2.806	3.297	3.475	3.643	3.569	3.492	4.209	3.084	3.195	3.172	2.618	2.519	2.660	2.978	2.846	3.106	3.209	3.835	3.451	3.315	3.224	3.844	3.437	3.363	3.350	2.799	2.839	3.923	3.094	2.716	2.845	2.765	3.474	3.454	2.860	2.965	3.225	3.006	3.042	3.126	3.882	3.167	2.831	
4.123	3.445	3.980	3.335	3.463	3.141	2.729	3.079	2.700	2.938	3.109	3.068	3.161	3.227	2.913	3.289	3.318	2.859	2.943	3.587	3.751	3.527	3.670	3.228	3.511	3.117	2.801	2.982	2.762	2.718	2.894	2.918	3.606	3.080	2.971	2.724	2.905	3.861	3.175	3.325	3.854	3.681	3.785	3.531	4.002	3.202	2.924	3.023	3.205	3.048	2.554	3.230	3.359	3.457	3.167	2.851	2.673	3.454	4.228	3.530	3.881	3.572	3.259	3.217	3.392	3.162	3.127	2.984	2.787	3.451	3.368	3.228	3.293	3.521	3.024	2.978	3.518	3.371	3.257	3.557	3.292	3.593	3.505	3.347	3.765	3.065	3.998	2.647	3.056	3.030	3.227	3.238	3.152	3.317	3.109	3.253	3.081	3.006	3.284	3.186	3.871	3.945	3.233	4.363	3.382	3.449	3.368	2.962	2.685	2.736	3.409	3.605	3.181	3.023	3.985	3.227	3.118	3.499	3.290	3.570	3.386	3.359	3.689	3.141	3.808	3.543	3.056	3.148	3.067	3.568	3.427	3.379	3.253	3.396	3.089	2.623	3.078	3.470	3.372	3.050	
3.577	3.158	3.932	3.018	3.088	3.078	3.188	3.237	3.143	3.044	3.317	3.114	3.317	3.245	2.835	2.874	3.495	2.758	3.122	3.372	3.427	3.302	3.047	3.299	3.031	3.044	3.082	3.470	3.648	3.344	3.343	3.368	2.718	2.813	2.923	2.914	2.437	3.644	3.070	3.584	3.295	3.225	2.990	3.259	4.111	3.065	3.147	3.250	3.332	3.439	3.407	3.084	3.221	3.160	2.562	2.063	2.610	2.890	4.272	3.062	3.562	3.313	3.301	3.650	3.222	3.157	2.843	2.905	3.039	3.191	2.762	2.728	2.942	3.687	2.807	3.377	3.614	3.282	3.487	3.580	3.038	3.658	3.429	3.384	3.526	3.152	3.513	3.152	2.626	2.880	2.850	2.526	2.777	3.156	3.102	3.511	3.413	2.918	3.140	3.057	3.435	3.438	2.879	4.577	3.266	3.494	3.042	3.177	2.685	2.995	2.896	2.562	2.467	2.891	3.607	3.327	3.218	3.233	3.048	3.316	3.309	3.167	3.032	3.264	2.935	3.158	2.805	3.203	3.549	3.569	3.187	2.505	2.818	2.671	2.769	3.244	3.258	3.827	3.564	3.292	
3.719	2.952	3.763	3.267	3.466	2.961	3.173	3.091	3.146	3.094	3.283	3.329	3.277	3.164	3.060	3.110	3.613	2.973	3.868	3.869	3.258	3.030	3.377	3.195	3.309	3.106	3.333	3.259	3.184	2.768	2.952	3.238	2.954	3.089	2.976	3.105	3.357	3.894	3.612	3.699	3.176	3.124	2.991	3.383	4.075	3.108	3.212	3.102	3.207	3.020	3.140	3.080	2.711	3.134	2.869	3.150	3.263	3.333	4.394	3.631	3.080	3.341	3.345	3.548	3.489	3.343	3.694	3.286	3.481	3.287	3.167	2.623	2.958	3.533	2.888	3.193	3.832	3.593	3.507	3.796	3.128	2.993	3.443	3.346	3.157	3.250	4.064	3.653	3.261	3.139	3.319	3.180	2.879	3.130	2.819	3.640	3.279	3.274	3.613	3.464	3.573	3.840	2.765	4.405	3.070	3.123	3.397	3.230	3.370	2.749	3.325	2.899	3.230	3.218	3.948	3.566	3.659	3.723	3.558	3.502	3.304	3.179	3.041	3.187	3.342	3.049	2.937	3.155	3.396	3.975	3.552	3.338	3.026	3.039	3.193	3.312	3.252	4.022	3.693	3.570	
3.404	2.829	3.560	3.246	3.190	2.931	3.111	3.079	2.804	3.055	3.162	2.846	3.232	2.884	2.878	3.212	3.400	2.958	3.631	3.141	3.592	3.254	3.363	3.062	3.128	3.195	2.884	3.129	3.106	2.912	3.001	3.036	2.825	2.990	3.069	3.330	2.880	3.532	3.095	3.134	2.694	3.296	3.373	3.217	3.939	3.185	3.320	2.863	2.808	2.893	3.463	3.080	3.101	3.320	2.921	2.914	2.492	2.959	4.397	3.204	3.735	3.531	3.423	3.332	3.142	2.999	2.908	3.198	3.028	3.235	3.214	3.203	2.898	4.008	3.018	3.108	3.516	3.251	3.272	3.520	3.083	3.451	3.523	3.277	3.366	3.369	4.506	3.331	3.375	3.091	2.635	2.846	3.273	3.338	3.346	3.290	3.352	2.829	3.105	3.414	3.725	3.921	2.942	4.676	3.377	3.504	3.258	3.061	2.997	2.704	2.992	3.136	3.082	3.170	4.001	3.171	3.141	3.281	3.055	3.336	3.668	3.439	3.436	2.772	3.203	2.845	3.138	3.321	3.206	3.518	3.284	3.040	3.214	2.969	3.227	3.258	2.894	3.474	3.101	3.326	
4.054	3.028	3.543	3.095	2.973	3.145	3.182	3.069	3.211	2.933	3.189	3.033	3.242	2.761	3.259	3.515	3.722	3.330	4.198	3.470	3.514	2.932	3.327	2.871	3.245	3.150	2.997	3.128	3.061	3.005	3.152	3.032	3.533	3.200	3.446	3.442	3.617	4.485	3.948	3.329	3.804	3.340	3.218	3.365	3.718	3.000	2.926	3.263	2.960	2.943	2.761	3.125	3.231	3.844	3.306	3.879	3.141	3.517	5.303	3.437	3.527	3.533	3.372	3.061	3.083	2.862	2.861	2.759	2.772	3.086	2.987	3.230	3.346	4.572	3.581	3.330	3.815	3.710	3.734	3.396	3.299	3.646	3.285	3.260	3.233	3.269	3.702	2.879	2.917	2.824	2.825	2.921	3.008	3.037	3.661	3.788	3.541	3.159	3.726	3.688	3.160	3.726	2.589	4.340	3.204	3.068	2.727	3.066	3.007	2.857	3.233	3.183	3.034	3.379	4.139	3.665	3.447	3.979	3.473	3.151	3.264	3.361	2.584	2.711	2.798	3.026	3.406	2.918	3.125	3.504	3.403	3.396	3.117	3.018	3.255	3.131	3.471	4.062	3.157	3.292	
3.784	3.020	3.602	3.360	2.958	3.283	3.526	3.365	3.252	3.298	3.130	3.102	2.763	2.949	3.074	3.018	3.835	2.717	3.366	3.489	3.690	3.659	3.236	3.390	3.292	3.179	3.417	3.288	3.332	3.122	2.969	3.124	2.938	2.843	2.488	2.930	3.086	4.159	3.197	3.022	3.345	3.773	3.681	3.687	4.154	3.491	3.266	3.256	2.985	3.215	3.305	3.198	2.863	3.086	2.729	3.232	3.018	3.012	4.710	3.123	3.552	3.282	3.900	3.745	3.699	3.328	3.305	2.907	3.150	3.055	2.773	2.882	2.879	3.686	3.186	2.859	3.685	3.710	2.987	3.355	3.736	3.493	3.800	3.763	3.787	3.642	4.340	3.212	2.861	2.910	2.600	2.909	2.649	3.169	3.061	3.453	3.371	3.059	3.387	3.020	4.090	4.173	3.235	5.075	3.765	3.647	3.575	3.113	2.586	2.524	2.989	3.076	3.260	3.184	3.946	3.014	3.149	3.272	2.977	2.879	3.536	3.826	3.012	3.080	3.415	3.406	3.151	3.229	2.788	3.284	3.133	3.263	3.079	3.449	3.130	2.911	3.021	3.450	3.231	3.197	
3.849	3.197	3.578	3.211	3.504	3.291	3.771	3.138	3.280	3.352	3.423	3.150	3.104	2.695	3.012	2.959	3.661	3.103	3.545	3.361	3.641	3.559	3.461	3.211	3.198	3.408	3.424	3.119	3.178	3.357	3.065	2.933	2.948	3.019	3.024	3.173	3.289	3.744	3.107	3.192	3.212	3.374	3.144	2.904	4.066	3.298	3.520	3.149	2.936	3.011	3.035	3.286	2.636	3.621	3.276	2.823	2.795	3.357	4.159	3.087	3.308	3.557	3.255	3.502	3.378	3.588	3.293	3.305	3.255	3.183	2.779	2.849	2.911	3.815	3.324	3.244	3.838	3.446	3.054	3.439	3.272	3.450	3.300	3.355	3.683	3.691	3.966	2.980	3.268	3.303	2.751	3.055	2.750	3.099	3.327	3.407	3.373	3.004	3.195	3.115	3.601	3.794	3.050	4.636	3.595	3.126	3.123	3.137	2.983	2.374	2.861	2.908	2.794	2.981	3.658	2.914	2.968	3.067	2.621	3.200	3.204	3.431	3.114	3.247	3.309	3.010	3.135	3.176	3.115	3.602	3.064	3.260	3.250	2.904	2.825	2.835	3.131	3.758	3.225	2.856	
3.575	2.898	3.397	2.934	3.268	2.939	3.113	3.677	3.461	3.758	3.192	3.491	3.504	3.444	3.036	2.843	3.120	2.652	3.255	4.045	2.879	2.841	3.076	3.036	3.652	3.537	3.430	3.548	3.639	3.322	3.597	3.442	3.079	3.529	2.897	2.803	3.085	3.855	3.292	3.222	2.967	3.334	3.372	3.080	3.841	3.318	3.445	3.298	3.339	3.465	3.624	3.382	3.210	3.118	2.718	2.503	2.712	3.281	4.373	2.717	3.645	3.665	3.590	3.590	3.261	3.515	3.375	3.448	3.220	3.372	3.112	3.328	3.091	3.928	3.199	3.288	3.750	3.691	3.623	3.054	3.410	3.440	3.552	3.869	3.344	3.121	4.338	2.997	2.844	2.992	2.895	3.111	3.092	2.906	3.176	3.393	3.295	2.675	3.717	3.670	3.845	3.873	3.181	4.572	3.566	3.403	2.984	2.720	2.876	2.671	3.099	3.178	3.066	2.916	3.955	3.095	3.392	3.446	3.504	3.681	3.673	2.881	3.142	3.209	3.328	2.910	3.218	3.089	3.050	3.456	3.178	3.351	3.113	3.059	3.031	2.819	3.408	3.890	3.247	3.100	
4.255	3.602	3.651	3.164	3.138	2.683	2.822	2.868	3.044	2.948	3.268	3.162	3.119	3.153	3.070	3.426	3.174	2.851	3.776	3.265	3.370	3.341	3.679	3.296	2.959	3.124	2.939	3.228	2.777	2.914	3.081	2.941	3.313	3.142	3.126	3.039	2.963	3.578	3.502	3.363	3.300	3.169	3.616	3.304	3.977	3.364	2.851	3.127	3.248	3.080	2.647	2.867	2.883	3.379	3.137	2.889	2.296	3.400	4.851	3.549	3.455	3.587	3.417	3.276	3.410	3.226	3.237	3.248	2.992	3.209	3.003	3.063	3.057	3.401	3.240	3.201	3.542	3.556	4.082	3.828	3.199	3.789	3.654	3.579	3.221	3.289	3.801	2.999	3.240	2.624	2.961	2.926	3.280	3.119	3.225	3.295	3.143	3.127	3.548	3.411	3.516	3.658	3.018	4.792	2.993	3.112	2.876	3.461	3.011	2.647	3.006	2.980	3.175	3.265	3.863	3.284	2.950	3.229	3.326	3.266	3.323	3.252	3.095	3.420	3.340	3.486	3.068	2.952	3.269	3.517	3.231	3.121	3.304	3.021	3.376	3.040	3.114	3.286	3.111	2.986	
3.158	2.557	2.961	3.167	3.241	3.059	3.136	2.903	2.932	2.960	3.330	3.120	2.776	2.863	3.350	3.426	3.371	3.063	3.438	3.326	3.385	3.317	3.221	3.187	3.382	3.279	3.155	3.167	3.139	3.009	2.949	2.900	2.779	3.034	3.024	3.476	3.196	3.674	3.448	3.258	3.464	3.269	3.455	3.486	4.016	3.531	3.172	3.340	3.231	3.460	3.047	3.176	3.381	3.461	2.727	3.044	2.857	3.343	4.660	3.318	3.272	3.268	3.354	3.693	3.724	3.177	3.316	3.347	3.441	3.556	3.275	3.421	3.011	4.106	3.200	3.505	3.633	3.663	3.364	3.445	3.243	3.267	3.308	3.300	3.684	3.225	3.775	3.324	3.162	3.296	3.347	2.986	3.157	3.011	3.681	3.716	3.929	3.206	3.711	3.183	3.565	3.733	2.935	5.087	3.339	3.602	3.221	3.498	2.983	3.050	2.996	3.177	3.066	3.198	4.071	3.128	3.504	3.555	3.516	3.362	3.596	3.126	3.109	3.255	3.317	3.334	3.449	3.290	3.512	4.015	2.994	3.027	2.918	3.231	2.910	2.836	2.847	3.755	3.042	3.468	
3.848	2.850	3.496	3.241	3.388	3.229	3.061	3.181	3.311	3.341	3.256	3.177	3.382	3.180	3.107	3.106	3.585	3.036	3.912	3.355	3.739	3.370	3.335	3.615	3.733	3.226	3.233	3.244	3.482	3.248	3.122	2.883	3.187	3.015	3.192	3.139	3.302	3.697	3.585	3.591	3.354	3.437	3.493	3.608	3.888	3.380	3.300	3.369	3.614	3.411	3.012	3.125	3.040	3.326	3.329	3.062	2.983	3.477	4.221	3.352	3.118	3.669	3.537	3.473	3.151	3.481	3.270	3.352	3.509	3.504	3.136	2.938	3.149	3.755	2.606	2.844	3.386	3.102	3.432	3.656	3.204	3.794	3.284	3.896	3.472	3.464	3.676	3.463	3.430	2.942	3.206	3.081	3.236	3.290	2.955	3.611	3.410	3.234	3.306	3.186	3.466	3.932	3.078	4.235	2.890	3.242	3.174	3.183	3.071	2.874	2.909	3.085	3.157	3.067	3.730	3.270	2.912	3.631	3.220	3.441	3.813	3.467	2.989	2.736	3.115	2.958	3.412	2.970	3.204	3.287	3.205	3.039	3.061	3.184	3.272	3.206	2.924	3.806	3.329	3.342	
3.165	2.527	3.302	3.132	3.392	3.390	3.821	3.634	3.453	3.482	3.361	3.009	3.055	3.311	3.322	3.000	3.144	2.862	3.575	3.639	2.921	2.712	2.674	2.547	3.128	3.423	3.370	3.271	3.117	3.132	2.813	2.881	2.933	3.315	3.111	2.833	2.939	3.830	3.732	3.150	3.159	2.744	2.749	2.913	3.497	2.884	2.933	2.693	2.719	2.947	2.818	2.885	3.261	3.581	3.039	2.836	2.996	3.226	4.505	3.006	3.017	3.019	3.307	3.129	3.211	2.956	2.893	2.913	3.096	2.986	3.200	3.021	3.258	3.741	2.831	2.725	4.172	3.409	3.471	3.529	3.218	3.374	2.976	3.442	2.803	2.807	3.577	3.193	2.900	2.954	3.024	3.470	3.223	3.159	3.213	3.643	4.023	3.517	3.508	3.489	3.481	3.468	3.389	4.083	2.404	3.212	2.927	3.125	3.018	2.813	2.981	3.656	3.420	3.284	3.887	3.686	3.182	3.752	3.658	3.501	3.439	3.332	3.138	2.644	2.883	2.896	3.178	3.053	2.946	3.436	3.529	3.419	3.223	3.203	2.819	3.185	3.402	3.630	3.562	3.605	
3.661	3.466	3.607	3.194	3.653	3.311	3.045	3.510	3.186	3.605	3.110	3.248	3.312	3.248	3.154	3.028	3.564	3.161	3.817	3.618	3.643	3.374	3.381	3.455	3.586	3.414	3.869	3.365	3.318	3.260	3.071	3.160	3.377	3.406	2.998	3.099	3.359	4.042	3.267	3.142	3.064	3.729	3.487	3.465	4.302	3.383	3.180	3.012	3.419	3.419	3.204	3.385	3.244	3.602	3.177	3.222	3.266	3.443	4.530	3.123	3.322	3.485	3.863	3.387	3.304	3.382	3.134	3.004	3.296	3.047	3.249	3.486	3.401	3.631	3.156	3.139	3.982	3.077	3.739	3.053	3.404	3.407	3.011	4.185	3.362	2.911	3.909	3.128	3.286	3.289	3.391	3.586	3.350	3.547	3.216	3.697	3.882	3.459	3.753	3.310	3.436	3.829	3.293	4.140	3.113	3.343	3.266	3.184	3.015	2.942	3.214	3.387	3.588	3.529	3.901	3.425	3.332	4.028	3.614	3.336	3.270	3.191	3.278	3.064	2.978	2.863	3.000	3.429	3.583	3.773	3.460	3.486	3.424	3.612	3.317	3.163	3.196	4.147	3.440	3.197	
3.662	3.453	3.686	2.853	2.699	3.034	3.250	3.230	3.145	3.411	3.198	3.298	3.534	3.532	3.226	3.431	3.475	3.406	3.629	3.632	3.164	3.599	3.015	3.068	3.305	3.501	3.108	3.470	3.168	3.277	3.117	3.339	3.127	3.822	3.591	3.181	3.197	4.433	4.198	3.484	3.239	2.876	3.397	3.348	3.957	3.419	3.443	3.366	3.377	3.381	3.231	3.352	3.435	3.793	3.782	3.368	3.011	3.808	4.647	3.546	3.314	3.050	3.320	3.459	3.661	3.714	3.252	3.315	3.127	3.169	2.904	3.118	3.234	4.023	3.287	3.168	3.716	3.379	3.824	3.901	3.276	3.643	2.907	3.798	3.375	3.492	4.117	3.187	3.203	3.064	3.184	3.199	3.177	3.531	3.729	3.724	3.775	3.641	3.543	3.452	3.475	3.633	3.519	3.939	3.348	3.105	3.384	3.269	3.119	2.848	3.468	3.196	3.050	3.526	4.190	3.355	2.775	3.227	3.435	3.011	3.390	3.501	2.716	2.822	3.062	3.304	3.434	3.249	3.937	4.078	3.317	3.301	3.265	3.275	3.147	2.839	3.048	3.434	3.102	3.025	
3.662	3.069	3.582	3.169	3.439	3.280	3.151	3.103	2.982	3.286	3.119	2.674	2.739	2.583	2.297	3.230	3.633	2.731	3.177	3.727	3.146	3.119	3.264	3.194	3.173	3.059	2.965	3.062	2.887	2.722	2.999	2.450	2.527	3.274	3.001	3.220	3.261	4.006	3.839	3.319	3.390	3.612	3.157	3.113	3.781	2.930	2.995	2.797	2.962	2.398	2.820	2.490	2.876	3.032	3.082	3.042	3.244	3.624	4.965	3.354	3.440	3.227	3.050	2.954	2.998	3.012	3.165	2.839	2.792	2.936	2.904	2.819	3.310	4.379	3.108	3.212	3.767	2.972	3.587	3.998	3.385	3.257	2.576	3.399	3.178	2.927	3.785	3.347	3.131	2.876	3.323	3.229	2.882	3.392	3.859	3.721	4.253	3.452	3.725	3.912	3.455	3.530	2.899	4.217	3.049	3.348	3.333	2.795	3.133	3.414	3.491	3.490	3.556	3.578	4.224	3.450	3.695	3.332	3.395	3.559	3.423	3.414	2.597	2.907	3.150	2.891	3.405	3.569	3.630	3.607	3.196	3.220	2.948	3.508	3.506	3.529	3.178	3.945	3.200	3.341	
3.508	3.019	3.649	3.270	2.951	3.118	3.121	3.195	3.195	2.912	2.788	2.939	3.307	3.101	2.985	3.287	3.009	2.862	3.477	3.138	3.644	3.700	3.335	3.701	3.372	3.508	3.330	3.322	3.057	2.844	3.052	3.185	2.882	3.023	3.311	3.079	2.877	3.913	3.420	3.387	3.515	3.406	3.686	3.576	4.388	3.717	3.480	3.161	3.012	3.217	3.069	3.220	3.146	3.741	3.185	3.116	3.024	3.131	4.460	3.330	3.439	3.652	3.559	3.748	3.521	3.254	2.911	3.327	3.249	3.061	3.278	3.042	3.236	4.053	3.319	3.239	4.378	3.416	3.684	3.839	3.355	4.070	3.201	3.826	3.640	3.484	3.939	3.054	3.133	3.196	2.921	3.039	3.287	3.205	3.437	3.249	3.742	3.352	3.193	3.911	3.824	3.805	3.352	4.526	3.405	3.690	3.109	2.801	2.988	3.037	3.020	2.985	3.460	3.155	3.900	3.015	3.018	3.266	3.315	3.231	3.680	3.174	3.227	3.181	3.619	3.048	3.193	3.318	3.710	3.256	2.903	2.986	2.897	3.405	3.079	3.191	2.994	3.354	3.213	3.075	
3.386	2.902	3.366	3.208	2.894	3.118	3.263	3.081	2.900	3.042	3.173	3.138	2.772	2.551	2.819	3.202	3.628	3.141	3.664	3.602	3.139	3.225	3.226	3.363	3.230	3.156	2.914	2.678	2.897	2.875	3.077	3.045	2.720	2.818	2.979	3.380	3.407	3.559	3.888	3.497	3.023	3.195	2.837	3.323	4.009	2.947	2.881	3.056	2.795	2.454	2.688	2.513	2.899	2.961	3.007	3.255	3.186	3.635	4.699	3.740	3.084	3.175	3.584	3.468	3.323	2.950	2.746	2.867	2.471	2.441	2.539	2.529	2.822	3.600	2.865	2.895	3.685	3.110	3.643	3.987	3.356	3.318	3.198	4.097	3.907	3.165	3.471	2.827	3.054	2.543	3.267	2.787	3.037	2.867	3.290	3.416	3.747	3.916	3.550	3.794	3.344	3.843	3.310	4.166	3.178	3.104	2.983	2.505	2.996	3.091	3.060	2.609	2.683	3.205	3.814	3.241	3.238	3.610	3.742	3.674	3.019	3.209	3.440	3.210	2.978	2.793	3.249	3.095	3.841	3.272	3.167	2.768	2.537	2.836	2.624	2.738	3.356	3.871	3.955	3.754	
3.369	2.755	3.314	3.263	3.325	3.407	3.488	3.417	3.190	3.050	3.247	3.003	3.426	3.439	3.203	3.414	3.444	3.208	3.601	3.543	3.321	3.069	3.477	3.259	3.350	3.120	3.281	3.158	3.154	3.316	3.614	3.360	3.278	2.991	3.410	3.551	3.770	4.051	3.521	3.171	3.199	3.753	3.361	3.186	3.749	3.180	3.355	3.413	3.194	3.194	2.998	3.042	3.309	3.652	3.519	3.529	3.414	3.491	4.574	3.159	3.542	3.642	3.392	3.497	3.311	3.049	3.102	3.379	3.245	2.883	2.976	2.888	3.509	4.107	3.584	3.284	4.036	3.455	3.757	3.601	3.212	3.560	3.055	3.552	3.515	2.948	3.764	3.012	3.112	2.969	3.174	3.085	2.979	3.252	3.248	3.846	4.055	3.735	3.587	3.583	3.757	3.899	3.574	4.167	3.267	3.065	3.154	2.886	2.879	3.285	3.132	2.692	3.013	3.043	4.098	3.501	3.196	3.651	3.864	3.326	3.288	3.387	3.361	2.927	3.120	2.966	3.689	3.532	3.959	3.751	3.290	3.358	3.294	3.109	2.868	3.203	3.219	3.671	3.521	3.892	
3.888	3.037	3.911	3.605	2.924	3.517	3.294	3.343	3.391	3.095	3.150	3.270	3.205	3.141	3.048	3.280	3.445	3.440	3.999	3.274	3.532	3.163	3.554	3.071	3.549	3.339	2.956	3.315	3.406	3.344	3.242	3.043	3.480	2.984	3.144	3.248	3.361	4.159	3.292	3.274	3.495	3.602	3.520	3.558	4.149	3.203	3.177	3.193	3.277	3.105	3.148	3.171	2.879	3.609	3.261	3.246	3.558	3.268	4.268	3.495	3.375	3.706	3.843	3.385	2.989	2.999	2.764	2.969	2.965	3.089	2.860	3.036	3.100	3.746	3.468	2.981	4.043	2.958	3.438	3.428	3.459	3.327	3.363	3.561	3.224	3.175	3.604	3.112	2.949	3.231	3.134	2.774	2.998	2.945	3.251	3.589	3.835	3.354	3.378	3.605	3.674	4.008	4.073	4.635	3.455	3.106	2.875	2.600	3.153	3.223	2.852	3.108	2.847	3.173	3.832	3.002	2.967	3.122	3.394	3.385	2.941	3.155	3.000	2.988	2.965	3.330	3.240	3.141	3.395	2.964	3.047	2.936	3.215	3.004	2.715	2.673	3.174	3.368	3.220	3.574	
3.919	3.168	3.469	3.387	3.404	2.993	2.951	2.998	3.095	3.259	2.986	3.053	3.043	3.329	3.120	3.320	3.367	3.250	3.660	3.687	3.730	3.396	3.052	3.306	3.052	3.110	2.806	3.256	3.067	3.119	2.933	3.157	3.371	3.194	3.203	3.050	3.393	4.079	3.545	3.219	3.646	3.510	3.688	3.503	3.948	3.419	2.855	3.096	2.911	2.824	2.874	3.279	3.392	3.478	3.319	3.221	3.208	3.573	4.882	3.250	3.961	3.844	4.140	3.888	3.402	3.624	3.158	3.260	2.950	3.002	3.462	3.443	3.282	4.069	3.234	3.009	3.966	3.261	3.283	3.338	3.383	3.771	3.286	4.272	3.671	3.753	4.246	2.827	3.153	3.337	3.272	3.315	3.232	3.465	3.248	3.493	4.079	3.444	3.766	3.458	4.105	3.609	3.377	4.341	3.472	3.538	3.378	2.499	3.014	3.135	3.472	3.461	3.232	3.517	4.298	3.335	3.445	3.375	3.449	3.424	3.753	3.077	3.147	2.897	3.399	3.140	3.393	3.516	3.654	3.528	3.551	3.562	3.386	3.630	3.410	3.290	3.001	3.741	3.068	3.156	
3.372	3.331	3.825	3.313	3.395	3.181	2.817	2.699	2.774	3.017	2.923	2.945	3.180	2.962	3.226	3.257	3.967	3.055	3.812	3.262	4.286	3.063	3.386	3.078	3.034	3.299	2.924	2.686	2.888	2.938	2.730	3.077	3.188	3.116	3.154	3.392	3.497	4.130	3.410	3.106	3.722	3.524	3.984	3.211	4.079	3.220	3.033	2.962	2.989	2.998	3.120	2.990	3.458	3.418	2.953	3.284	2.751	3.581	4.536	2.976	3.427	3.780	3.561	3.209	2.924	3.233	2.869	2.649	2.734	2.983	3.171	3.250	2.773	4.166	3.127	2.870	3.698	2.704	3.065	3.291	3.519	3.408	3.162	3.575	3.452	3.351	3.786	2.747	3.182	3.132	3.284	2.912	3.274	3.562	3.343	3.161	3.883	3.513	3.420	3.187	3.243	3.427	3.055	4.331	3.344	2.993	3.268	2.727	3.142	3.059	3.099	2.813	3.052	3.042	3.579	3.048	2.855	3.387	3.044	2.676	3.203	2.818	2.883	2.780	3.364	2.589	2.853	3.227	3.575	3.237	3.243	3.249	2.678	2.761	2.867	2.758	3.051	3.710	3.005	3.116	
3.385	3.384	3.802	3.280	3.653	3.146	3.234	3.187	3.166	3.337	3.234	3.267	3.135	2.944	3.275	3.006	3.618	3.011	3.505	3.858	3.621	3.202	3.343	3.479	3.311	3.339	3.182	2.964	3.077	3.205	3.202	3.312	3.410	2.866	2.823	3.421	2.881	3.742	3.711	3.067	3.644	3.578	3.761	3.370	4.230	3.378	3.618	3.473	2.985	2.778	2.915	2.825	3.122	3.660	3.110	3.139	3.234	3.338	4.786	3.399	3.648	3.237	3.510	3.797	3.387	3.275	2.976	3.311	3.278	3.089	2.961	3.127	3.445	4.034	3.074	2.951	3.822	3.389	3.614	3.722	3.597	3.758	3.192	3.503	3.114	3.141	3.751	2.883	3.196	3.374	3.286	2.908	3.312	3.352	3.427	3.831	3.886	3.447	3.799	3.541	3.694	3.515	3.455	4.222	3.035	2.997	2.895	3.204	3.232	3.263	3.129	3.023	3.173	3.123	4.332	3.372	3.333	3.451	3.714	3.706	3.936	3.297	3.511	3.360	3.304	3.355	3.123	2.899	3.527	3.349	2.711	3.040	2.991	3.570	3.323	2.765	3.601	4.075	3.480	3.161	
3.437	3.636	3.538	3.653	3.770	3.257	3.093	3.158	3.361	3.617	3.159	3.002	3.477	2.878	3.290	3.523	3.755	3.344	3.878	3.338	3.401	3.125	3.639	3.397	3.683	3.315	3.099	3.510	3.771	3.408	3.379	3.241	3.263	3.416	3.370	3.688	3.371	3.990	3.112	3.281	3.202	3.465	3.256	3.277	4.188	3.228	3.360	3.270	3.915	3.917	3.529	3.555	3.360	3.571	3.560	3.704	3.333	3.196	4.303	2.843	3.326	3.652	3.791	3.840	3.819	3.514	3.182	3.500	3.527	3.560	3.611	3.542	3.275	3.602	3.310	3.089	3.732	3.067	3.254	3.139	3.250	3.581	3.116	3.931	3.572	3.295	4.119	3.298	3.336	3.402	3.813	3.398	3.492	3.512	3.721	3.534	3.469	3.462	3.125	3.012	3.634	3.247	3.582	4.395	3.650	3.373	3.330	3.933	3.490	3.457	3.325	3.181	3.369	3.670	3.755	2.988	3.191	3.052	2.990	3.158	3.329	3.696	3.432	3.607	3.632	3.021	3.248	3.098	3.292	3.913	2.850	3.221	2.868	3.248	3.051	2.982	3.211	3.592	2.984	3.132	
3.580	3.337	3.653	3.641	3.963	3.601	3.193	2.910	3.133	2.802	2.992	3.041	3.403	2.961	2.882	3.117	3.504	3.237	3.574	3.623	4.407	3.103	3.615	3.579	3.518	3.610	2.978	3.345	3.300	2.900	3.347	3.050	3.558	3.171	3.040	3.175	3.107	4.096	3.365	3.142	3.785	3.489	3.901	3.620	4.405	3.214	3.257	3.111	3.108	3.157	3.341	2.922	2.991	3.471	3.028	3.164	3.171	3.437	4.428	3.248	3.495	3.716	3.994	3.984	3.454	3.062	3.338	3.027	3.270	2.914	3.407	3.212	3.290	3.342	2.847	3.202	3.360	3.155	3.258	3.267	3.554	3.723	3.691	4.343	3.490	3.528	3.983	3.371	3.070	3.189	2.951	3.402	3.592	3.449	4.134	3.842	3.365	3.309	3.456	3.042	3.791	4.113	3.450	4.316	3.020	3.328	3.180	3.491	3.319	3.123	3.268	3.159	3.320	3.521	3.942	3.381	3.018	3.313	3.555	3.001	3.684	3.481	3.437	3.265	3.152	3.254	3.166	2.881	3.369	3.365	2.614	2.985	2.756	3.054	2.814	3.178	3.114	3.829	2.982	3.203	
3.400	3.058	3.509	3.270	3.331	3.387	3.161	3.444	3.355	3.102	3.194	2.903	3.298	2.975	3.064	3.066	3.199	3.209	3.391	3.496	3.711	3.017	3.271	3.449	3.723	3.165	3.209	3.367	3.256	3.062	2.898	3.300	2.850	2.928	3.427	2.937	3.144	3.982	3.464	2.799	3.380	3.535	3.333	3.358	4.313	3.693	3.253	3.677	3.579	3.149	2.792	3.425	3.022	3.546	3.340	2.949	3.384	3.458	4.556	3.278	3.667	3.283	3.381	3.401	3.304	3.536	3.191	3.166	3.235	3.027	3.073	3.073	3.061	3.222	3.219	3.346	3.863	3.133	3.376	3.477	3.309	3.462	3.005	3.624	3.211	3.121	3.605	3.063	3.107	3.375	3.109	3.063	2.995	3.065	3.981	3.854	3.549	3.310	3.388	3.635	3.351	3.816	3.109	4.507	2.685	3.075	3.113	2.829	3.270	3.038	2.893	3.408	3.476	3.301	3.888	3.562	3.293	3.359	3.520	3.194	3.337	3.361	2.933	2.949	3.373	2.928	3.089	2.876	3.171	3.626	2.676	2.710	3.225	3.071	3.309	3.050	3.034	3.253	3.454	3.283	
3.441	3.149	3.643	3.637	3.357	3.772	3.476	3.355	3.191	3.426	3.271	3.096	3.105	3.123	3.070	2.961	3.456	3.059	3.628	2.964	3.918	3.038	3.322	3.309	2.906	3.428	3.181	3.162	3.134	2.883	2.908	3.043	2.864	3.114	3.156	3.438	3.406	3.898	3.172	3.250	3.168	3.368	3.410	3.490	4.115	3.196	3.221	3.090	3.134	3.223	3.142	3.464	3.318	3.358	2.860	3.442	3.403	3.700	4.421	3.365	3.260	3.165	3.235	3.743	3.612	3.007	3.004	3.284	3.322	3.211	3.268	3.368	3.238	3.166	3.129	3.227	3.700	3.322	3.295	3.577	3.101	3.588	2.804	3.344	3.232	3.169	3.644	2.982	3.091	3.259	3.313	3.222	2.972	2.990	3.616	3.361	3.259	3.740	3.574	3.674	3.746	3.395	3.200	4.362	2.854	3.041	2.998	2.902	3.011	3.109	2.904	2.930	3.392	3.446	4.287	3.911	3.688	3.764	3.353	3.581	3.549	3.574	3.090	2.594	2.870	2.924	3.084	2.325	3.339	3.436	2.630	2.674	3.095	3.449	3.675	3.378	3.739	3.626	3.567	3.620	
3.499	3.324	3.689	2.973	2.700	3.049	3.146	3.005	2.713	2.656	3.148	3.131	3.498	3.576	3.533	3.382	3.501	2.832	3.175	3.235	3.968	2.754	2.958	3.220	2.738	2.635	2.876	2.880	3.094	2.855	3.061	3.557	3.627	3.736	3.414	3.242	2.759	3.722	3.539	3.253	3.283	3.797	3.413	3.052	3.486	2.890	2.863	2.999	3.224	3.067	3.186	3.383	3.282	3.637	3.491	3.442	3.199	3.175	4.085	3.401	3.285	3.266	3.514	2.987	3.232	3.392	3.403	3.139	3.203	3.308	2.902	3.016	3.117	3.457	3.304	3.184	3.919	3.378	3.367	3.655	2.921	3.317	2.799	3.370	3.035	2.609	3.997	3.251	3.389	2.923	3.450	2.954	3.355	3.360	3.315	3.639	3.623	3.542	3.378	3.455	3.681	3.433	2.860	3.813	3.193	2.948	2.725	3.087	3.189	3.080	3.289	2.692	3.084	3.305	3.814	4.165	3.290	3.285	3.217	3.763	3.277	3.179	3.044	2.796	2.869	2.749	2.807	2.699	3.404	3.096	2.952	2.618	2.683	3.182	2.949	3.169	3.263	3.706	3.429	3.444	
2.850	2.802	3.200	2.872	3.066	2.831	3.055	3.166	2.767	3.080	3.171	2.920	3.150	2.859	3.477	3.446	3.788	3.541	4.045	3.487	3.683	2.583	2.743	2.939	3.271	2.958	3.156	3.304	2.927	3.021	3.094	3.098	3.353	3.318	3.674	3.706	3.531	4.248	3.962	3.308	3.078	3.477	3.458	3.219	4.219	3.198	3.229	3.526	3.372	3.003	2.941	3.315	3.113	3.697	3.294	3.517	3.323	3.574	4.827	3.102	3.169	3.274	3.556	3.412	3.417	3.005	3.588	3.144	2.869	3.188	3.139	2.909	2.987	3.498	3.107	3.112	3.788	3.278	3.490	3.639	3.411	2.933	3.210	4.024	3.138	2.914	4.183	2.661	3.114	2.810	3.007	3.380	3.058	3.404	3.326	3.443	3.024	3.822	3.422	3.322	3.382	3.520	3.012	4.109	3.201	3.227	2.526	3.224	3.129	3.075	3.140	2.918	3.034	3.263	4.411	4.204	3.542	3.787	3.064	3.373	3.114	3.262	2.987	2.948	2.854	3.144	3.079	2.973	3.335	2.944	2.736	2.904	3.122	3.007	3.204	3.606	3.662	3.957	3.517	3.388	
3.056	3.003	3.284	2.896	3.097	3.365	3.103	2.782	2.451	2.606	2.740	3.011	2.784	2.921	2.745	2.908	3.515	2.877	3.809	3.535	3.457	2.483	3.123	2.857	3.038	3.039	2.808	2.927	2.410	2.502	2.800	2.999	3.193	3.141	2.897	3.477	3.141	3.965	3.555	3.580	3.127	3.072	3.239	2.678	3.526	2.884	3.019	3.129	2.884	2.996	2.900	2.929	2.780	3.011	3.110	3.266	3.304	3.298	4.129	3.616	3.533	3.359	3.201	3.042	3.425	3.147	3.542	3.339	2.798	2.794	2.607	2.881	2.789	3.252	3.059	3.277	3.349	3.417	3.353	3.864	2.994	3.609	3.089	3.526	2.858	3.066	3.449	3.176	3.446	3.182	3.546	2.686	2.939	3.108	3.739	3.198	3.437	3.402	2.863	3.224	3.187	3.524	3.059	3.940	3.103	3.128	3.077	3.175	3.553	3.219	2.922	3.156	2.823	3.268	3.966	3.764	3.468	2.942	3.382	3.030	3.056	3.301	3.181	3.328	3.226	3.194	2.822	3.111	3.147	2.919	2.385	2.779	2.839	2.902	3.184	3.364	3.550	2.984	3.114	2.497	
3.214	3.248	3.513	3.270	3.269	3.274	2.960	3.087	3.110	3.416	3.313	3.688	3.536	3.163	3.268	3.248	3.569	3.468	4.441	3.463	3.664	2.788	3.253	3.137	2.897	3.112	3.347	3.230	3.096	3.193	3.601	3.653	3.591	3.277	3.366	3.408	3.328	4.645	3.744	3.589	2.853	3.362	3.181	2.759	3.456	3.186	3.112	2.893	3.291	3.461	3.352	3.529	3.551	3.511	3.137	3.508	3.598	3.902	5.105	3.429	3.325	2.958	3.117	3.308	3.257	2.476	3.057	3.184	3.384	3.454	3.408	3.510	2.983	3.560	3.492	3.349	3.668	4.098	3.371	3.765	3.080	3.046	2.842	3.385	2.267	2.689	3.549	2.938	3.195	3.323	3.250	2.931	2.993	3.326	3.421	3.386	3.530	3.668	3.351	3.521	3.606	3.369	3.303	3.508	2.845	2.980	3.182	3.131	2.923	3.088	3.180	3.120	3.053	3.293	4.082	3.762	3.388	3.368	3.523	3.356	3.409	2.853	3.368	3.169	3.032	3.147	2.957	3.676	3.927	3.126	3.012	3.186	3.174	3.128	3.287	3.288	3.229	3.290	3.349	3.072	
3.653	2.702	3.200	2.866	2.870	3.001	2.656	3.210	3.028	3.386	3.116	3.092	3.241	3.089	3.265	3.613	3.766	3.468	4.389	3.882	3.654	2.897	3.107	3.268	3.211	2.792	2.853	3.233	3.071	3.395	3.352	3.257	3.504	3.214	3.580	3.584	3.362	4.274	4.099	3.410	2.900	2.829	3.094	3.185	4.066	3.208	2.892	2.719	2.959	3.302	3.271	3.399	3.386	3.739	3.484	3.557	3.546	4.008	4.472	3.252	3.187	3.240	3.300	3.238	3.612	2.683	3.481	3.105	3.016	3.503	2.987	3.299	3.533	3.517	3.289	3.383	3.727	3.914	3.499	3.778	2.990	2.835	3.373	3.539	2.703	3.046	3.640	3.113	3.277	3.054	2.977	3.228	3.345	3.713	3.719	3.659	3.561	4.054	3.196	3.592	3.146	3.299	3.478	3.400	2.645	2.854	2.496	3.040	3.347	3.113	3.455	3.423	2.962	3.671	4.328	3.963	3.806	4.028	3.561	3.647	2.949	2.800	3.353	3.090	2.803	2.921	3.014	2.809	3.434	3.297	2.617	2.856	3.077	3.069	3.060	3.438	3.388	3.917	3.859	3.554	
3.710	3.025	3.604	3.251	3.144	3.311	3.428	3.200	3.315	2.966	3.123	3.387	3.189	3.398	3.355	3.439	3.747	3.403	4.204	3.822	3.365	3.483	3.663	3.671	3.561	3.213	3.463	3.213	3.317	3.010	3.091	2.988	3.219	3.183	3.276	3.488	3.408	4.544	3.885	3.465	3.118	3.396	3.588	3.823	4.722	3.587	3.401	3.373	3.273	3.259	3.194	2.711	3.072	3.449	3.200	3.570	3.403	3.367	4.509	3.565	3.458	3.486	3.730	3.438	3.835	3.357	4.094	3.201	3.569	3.441	3.136	2.987	2.984	3.624	3.281	3.187	3.909	3.474	3.441	4.186	3.186	3.334	3.333	3.804	3.023	3.487	3.442	3.669	3.483	3.344	3.019	2.867	3.280	3.160	3.669	3.349	3.767	3.723	3.162	3.469	3.814	3.510	3.662	3.773	3.377	3.117	3.238	2.983	3.137	2.690	2.793	3.067	3.396	3.307	4.091	3.655	3.079	3.478	3.224	3.624	3.416	2.978	2.844	2.715	3.452	2.605	3.086	3.035	3.427	2.908	2.609	2.726	2.859	2.739	2.985	3.054	3.287	3.261	3.205	3.112	
3.684	3.184	3.656	3.119	2.836	3.056	3.145	3.050	2.921	2.881	3.160	3.522	3.112	3.448	3.096	2.990	3.247	2.876	3.717	3.332	3.263	3.162	3.420	3.097	2.973	2.868	3.039	3.129	2.823	2.896	2.990	3.211	3.080	3.416	3.171	3.063	3.095	3.860	3.190	3.144	3.304	3.587	3.312	3.219	3.816	2.888	2.998	2.977	2.895	3.203	3.172	3.452	3.181	3.453	2.808	2.973	3.171	3.245	4.482	3.247	3.566	3.624	3.108	2.996	3.204	2.727	3.211	2.780	3.060	3.139	2.855	3.095	2.821	3.444	2.942	3.320	3.753	3.596	3.408	3.664	3.228	3.477	3.403	3.319	2.818	3.279	3.883	3.382	3.181	3.158	3.218	3.066	3.211	3.009	3.484	3.273	3.540	3.778	2.986	3.447	3.714	3.371	3.289	4.043	3.228	3.135	3.371	3.014	3.262	3.273	3.130	3.082	3.270	3.361	3.932	3.964	2.660	3.202	3.346	3.159	3.579	3.256	2.632	2.914	3.097	3.134	2.988	3.069	3.228	3.066	3.051	2.840	3.168	3.099	3.614	3.549	3.340	3.036	2.998	2.995	
4.032	3.073	3.642	3.785	3.482	3.206	3.464	3.255	3.906	3.440	3.280	4.109	3.919	3.888	3.512	3.798	3.622	3.269	3.854	3.767	3.540	3.664	3.674	3.657	3.452	3.624	3.397	3.643	3.641	3.603	3.921	3.784	3.688	3.878	3.671	3.200	3.522	4.303	4.141	3.986	3.516	3.569	3.909	3.487	4.392	3.239	3.498	3.521	3.702	3.612	3.755	3.518	3.653	3.774	3.694	3.797	3.821	4.040	5.181	3.743	3.624	3.398	3.716	3.543	3.929	3.366	3.749	3.326	3.369	3.856	3.158	3.518	3.452	3.725	3.638	3.663	4.128	3.879	4.156	4.059	3.173	3.749	3.611	3.815	3.003	3.200	3.726	3.254	3.318	3.447	3.402	2.970	3.813	3.588	4.016	3.877	3.803	4.002	3.904	3.719	3.741	3.745	3.823	3.955	3.126	3.182	2.915	3.339	3.106	3.254	3.231	3.412	3.240	3.909	4.637	4.053	3.727	4.070	3.661	3.612	3.708	3.769	3.244	3.287	2.987	2.993	3.210	3.112	3.500	3.540	3.178	3.241	3.228	3.535	3.489	3.664	3.566	4.229	3.488	3.716	
3.509	3.371	3.951	3.609	3.267	3.167	3.377	3.415	3.387	3.411	3.491	3.560	3.385	3.405	3.792	3.493	3.620	3.382	3.451	3.296	3.491	3.318	3.410	3.454	3.185	3.347	3.273	3.859	3.485	3.323	3.355	3.559	3.319	3.370	3.621	3.212	3.519	4.007	3.959	3.291	3.276	3.488	3.338	3.152	4.185	3.274	3.080	3.672	3.432	3.183	3.880	3.425	3.282	3.545	3.544	3.571	3.582	3.907	4.864	3.352	3.443	3.515	3.348	3.476	3.655	3.191	3.903	3.602	3.565	3.247	3.521	3.557	3.202	3.660	3.487	3.619	4.053	3.767	3.657	3.515	3.368	3.463	3.148	3.448	3.031	3.116	3.349	3.293	3.215	3.462	3.551	3.365	3.654	3.053	3.394	3.561	3.970	4.190	3.421	3.321	3.492	3.094	3.461	3.675	3.194	3.018	3.232	2.971	3.284	3.356	3.186	2.989	3.540	3.179	3.901	3.826	3.307	3.423	3.114	3.525	3.345	3.084	2.914	3.453	3.082	3.293	3.168	2.924	3.708	3.368	2.916	3.361	3.114	3.322	3.333	3.321	3.054	3.322	3.375	3.081	
3.522	3.035	3.533	3.366	3.279	3.042	3.264	3.458	3.238	3.113	3.301	2.832	2.848	3.078	2.820	2.906	3.138	3.094	3.818	3.347	3.532	3.284	3.268	3.215	3.286	3.066	3.257	3.293	3.058	2.935	3.114	3.158	3.086	3.108	2.814	3.121	3.158	3.830	3.171	3.114	3.227	2.892	3.117	3.266	4.196	3.609	3.161	3.265	3.427	3.200	2.825	2.749	2.980	3.149	3.270	3.451	3.107	3.621	4.208	3.332	2.809	3.289	3.498	3.692	3.540	2.846	3.643	3.776	3.308	2.686	2.931	2.836	2.739	3.488	3.359	3.194	3.435	3.374	3.451	3.385	3.079	3.000	3.135	3.769	2.862	3.226	3.340	3.242	2.937	2.858	3.208	3.142	2.751	2.629	3.088	3.155	3.479	3.695	3.106	3.241	3.382	3.510	2.892	3.771	3.253	2.919	3.238	3.332	3.039	3.263	2.958	3.032	2.856	2.762	3.254	3.779	2.653	3.663	3.323	3.639	3.260	2.909	3.044	3.019	3.024	2.668	2.815	3.103	3.404	2.909	2.890	3.000	2.721	2.913	2.950	2.956	3.112	3.385	3.370	3.222	
3.987	3.077	3.846	2.938	3.265	3.222	3.340	3.178	3.531	3.117	2.999	2.845	3.089	3.110	3.093	3.141	3.073	2.805	3.663	3.216	3.328	3.474	3.506	3.404	3.642	3.555	3.100	3.421	3.337	3.028	2.941	3.264	3.154	3.118	3.262	3.135	3.243	3.777	3.470	3.416	3.247	3.409	3.679	3.301	4.207	3.200	3.159	3.212	3.082	3.233	3.185	3.037	2.994	3.542	3.238	3.680	3.288	3.540	4.497	3.303	3.556	3.426	3.096	3.297	3.511	3.083	3.333	3.475	3.362	3.187	3.369	3.183	3.254	3.685	3.433	3.345	3.712	3.526	3.235	3.732	3.365	3.276	3.049	3.718	3.036	2.941	3.621	3.371	3.443	3.118	3.176	3.139	3.306	3.069	3.344	3.650	3.874	3.876	2.921	3.458	3.668	3.415	3.373	4.007	3.312	2.993	3.084	3.126	3.193	2.839	2.870	3.073	3.054	3.305	4.219	4.005	3.592	3.864	3.497	3.460	3.383	2.927	3.065	2.732	3.225	2.860	2.890	3.044	3.782	3.125	2.951	3.107	3.210	3.439	3.463	3.347	3.005	3.504	3.539	3.576	
3.509	3.126	3.572	3.464	3.406	3.580	3.585	3.430	3.659	3.315	3.630	3.498	3.610	3.719	3.722	3.731	3.850	3.034	3.885	3.146	2.702	3.340	3.285	3.058	3.244	3.417	3.388	3.366	3.608	3.415	3.592	3.422	3.470	3.868	3.672	3.532	3.070	3.913	3.407	3.167	3.373	3.188	3.291	3.188	4.072	3.712	3.203	3.420	3.454	3.486	3.640	3.329	3.145	3.452	3.413	3.228	3.176	3.101	4.535	3.567	3.285	3.197	3.325	3.340	4.103	3.368	3.636	3.575	3.310	3.330	3.485	3.172	3.115	3.554	3.181	3.186	3.469	3.311	3.581	3.682	3.471	3.839	3.275	3.585	2.876	3.265	3.911	3.483	3.572	3.431	3.263	3.144	3.285	3.250	3.233	3.381	3.569	3.536	3.135	3.659	3.781	3.830	3.375	4.177	3.573	3.155	3.172	3.183	3.034	3.352	2.942	3.365	2.985	3.074	3.910	3.568	3.239	3.353	3.385	3.188	3.580	2.983	3.213	3.004	3.500	3.299	3.293	3.133	3.550	3.415	3.014	2.945	3.252	3.071	3.308	3.182	3.254	3.203	2.828	2.819	
3.267	2.941	3.367	3.094	3.060	3.086	3.404	3.776	3.262	3.301	3.640	3.583	3.223	3.541	3.477	3.557	3.481	3.105	3.713	3.486	3.696	2.799	3.257	2.843	3.233	3.199	2.934	3.450	3.378	3.349	3.621	3.634	3.222	3.327	3.538	3.497	3.186	3.831	3.671	3.157	3.056	3.552	3.919	3.346	4.050	3.353	3.007	3.257	3.058	3.438	3.249	3.594	3.200	3.361	3.347	3.400	3.252	3.224	4.559	2.864	3.573	3.692	3.758	3.618	3.508	3.192	3.684	3.191	3.077	3.182	3.596	3.246	2.710	3.250	3.200	3.221	3.726	3.259	3.599	3.554	3.340	3.487	3.482	3.785	3.353	4.051	4.182	3.477	3.141	3.205	3.151	3.663	3.183	3.194	3.276	3.864	3.531	3.721	3.045	3.184	3.740	3.682	3.065	4.516	3.660	3.367	3.489	3.621	3.389	3.256	2.932	2.867	3.452	3.531	3.851	3.826	3.429	3.454	3.662	3.273	3.264	3.072	3.565	3.336	3.262	3.163	3.420	3.595	3.788	3.560	3.010	3.188	3.326	3.179	2.687	2.890	3.234	3.589	3.222	3.505	
2.939	2.517	3.621	3.278	3.194	3.024	2.915	3.354	3.390	3.773	3.254	3.520	3.342	3.235	3.637	3.423	3.652	3.338	3.922	3.152	3.963	2.636	3.146	3.354	3.174	3.224	3.449	3.299	3.322	3.457	3.431	3.205	3.079	3.096	3.311	3.465	3.863	4.014	3.707	3.353	2.981	3.313	3.144	3.365	4.098	3.307	3.473	3.558	3.225	3.341	3.533	3.093	3.134	3.323	3.539	3.403	3.574	3.599	4.650	3.039	3.139	3.244	3.333	3.242	3.745	3.632	3.563	3.424	3.189	3.210	3.190	3.419	3.355	3.378	3.547	3.447	3.514	3.447	3.505	3.424	2.936	3.223	3.064	3.341	2.953	3.158	4.078	3.138	2.831	3.008	3.119	2.732	3.267	3.361	3.696	3.642	3.710	3.708	2.895	3.350	3.518	3.690	2.616	3.910	3.933	3.242	3.168	3.004	3.075	3.153	2.778	2.817	2.994	3.365	3.503	3.641	3.436	3.578	3.413	3.402	3.286	3.311	3.016	2.805	3.102	3.110	3.361	3.469	3.546	3.163	2.634	2.683	2.755	2.670	2.733	3.309	3.270	3.255	3.108	3.144	
3.462	3.413	3.752	3.025	2.943	3.083	2.940	3.119	3.024	3.565	3.241	3.092	3.420	3.475	3.462	3.106	3.873	3.197	3.804	3.422	3.952	2.559	3.093	2.926	2.800	2.926	2.928	3.307	3.301	3.482	3.574	3.799	3.293	3.644	3.309	3.108	3.254	4.044	3.403	3.281	3.626	3.407	3.195	2.832	3.757	3.015	2.872	3.537	3.259	2.876	3.480	3.621	3.300	3.019	3.521	3.346	3.555	3.578	4.477	2.977	3.180	3.152	2.783	3.068	3.777	3.139	3.084	3.104	2.981	3.075	3.128	3.068	3.080	3.689	3.008	3.242	3.105	3.295	3.443	3.644	3.401	3.540	3.140	2.678	2.478	3.093	3.714	2.977	2.870	3.078	2.922	3.201	2.957	2.768	3.509	3.365	2.906	3.393	2.967	3.373	3.496	3.583	2.917	3.920	3.835	3.355	3.265	3.086	2.680	2.779	2.742	3.097	2.805	3.095	3.637	3.536	2.670	3.445	3.261	3.204	3.639	3.374	3.105	3.000	3.468	3.106	3.196	3.340	3.920	3.205	2.766	2.917	2.647	3.104	2.757	3.062	3.138	3.074	3.214	3.153	
3.351	2.935	3.537	3.384	3.108	3.231	3.036	2.998	3.076	3.332	3.255	3.306	3.461	3.224	3.461	3.452	3.807	3.080	3.950	3.000	3.688	2.573	3.133	2.961	3.085	3.024	2.856	3.167	3.471	3.380	3.359	3.325	3.257	3.581	3.654	3.272	3.375	4.079	3.403	3.133	2.908	3.106	3.266	2.742	3.798	3.723	3.349	3.475	3.529	3.454	3.316	3.324	3.093	3.677	3.532	3.668	3.480	3.843	4.595	3.397	3.150	3.255	2.853	3.065	3.932	3.613	3.460	3.581	3.433	3.177	2.877	3.444	3.000	3.993	3.535	3.354	3.402	3.813	3.758	4.099	2.813	3.240	3.124	3.015	2.711	3.211	4.054	3.557	3.317	3.233	2.928	3.168	2.933	2.765	3.624	3.574	3.395	3.682	2.903	3.614	3.390	3.923	2.928	4.338	3.801	3.107	3.276	3.225	3.105	3.104	2.988	3.079	3.100	3.302	4.172	4.051	3.001	3.155	3.293	3.372	3.401	3.280	3.073	3.213	3.376	3.125	3.272	2.933	3.709	3.371	3.110	3.135	3.551	3.417	3.018	3.259	3.414	3.581	3.188	3.013	
3.372	2.929	3.355	2.640	2.868	2.508	3.336	3.465	3.530	3.667	3.341	3.008	3.414	3.191	2.862	2.791	3.391	2.700	3.511	3.457	3.675	3.107	3.058	3.191	2.761	3.010	3.196	3.488	3.613	3.244	3.317	3.077	3.168	3.141	3.151	3.005	2.796	3.682	3.289	3.008	2.938	3.285	3.472	3.337	4.088	3.081	3.260	3.433	3.557	3.260	3.143	3.576	2.990	3.256	3.134	2.799	3.357	3.221	4.227	2.983	3.198	3.586	3.281	3.316	3.792	3.330	3.104	3.485	3.233	2.938	2.803	3.169	2.930	3.298	3.115	2.830	3.125	3.331	3.123	3.492	3.128	3.152	3.554	2.998	3.029	3.258	3.858	3.089	3.124	3.018	3.110	3.144	2.807	2.750	3.696	3.699	2.568	3.541	2.754	2.976	3.512	3.569	2.594	4.006	3.016	2.989	3.118	3.045	3.247	3.327	3.293	3.164	3.263	3.316	3.906	3.683	3.168	3.224	3.043	2.828	3.715	3.223	2.980	2.979	2.858	3.197	2.749	2.912	3.299	3.167	2.905	3.173	3.310	3.248	3.011	3.144	3.115	3.253	3.081	2.907	
3.333	2.686	3.468	3.208	3.138	2.994	2.859	3.303	3.222	3.422	2.935	3.580	3.169	3.218	3.429	3.546	3.442	3.040	3.826	3.570	3.338	3.295	3.277	3.255	3.403	2.908	3.296	3.223	3.172	3.004	3.040	3.117	3.082	3.219	3.200	3.533	3.714	4.136	3.709	3.064	3.124	3.038	3.079	3.407	4.175	3.247	3.029	2.942	3.370	3.498	3.294	3.375	3.210	3.374	3.325	3.266	3.484	3.737	4.553	3.468	3.221	3.282	3.311	3.519	3.371	3.081	3.119	2.979	3.298	3.574	3.334	3.151	3.340	3.760	3.166	3.204	2.999	3.190	3.505	3.501	2.927	3.492	3.115	2.579	2.824	3.346	3.857	3.271	2.981	3.608	3.311	3.325	2.687	2.876	3.858	4.058	3.056	3.847	2.969	3.523	3.329	3.533	2.816	3.828	3.825	3.166	2.982	3.125	3.266	3.120	2.739	3.028	3.072	3.299	4.037	3.872	2.714	3.413	3.461	3.255	3.235	3.447	3.052	2.738	3.214	3.127	3.100	2.943	3.168	3.086	2.897	3.065	2.899	3.308	3.166	3.342	3.366	3.334	3.168	3.231	
3.678	3.092	3.541	3.074	3.418	2.922	2.822	2.960	3.059	3.038	3.288	3.647	3.524	3.138	2.986	3.189	3.785	3.028	3.711	3.184	3.343	3.268	3.503	3.475	3.463	3.378	3.344	3.376	3.351	3.371	3.416	3.137	3.097	3.262	3.272	3.570	3.157	3.603	3.121	2.735	3.292	3.469	3.490	3.480	4.206	3.627	3.524	3.906	3.431	3.057	3.310	2.973	2.871	3.244	3.286	3.216	3.258	2.958	4.297	3.067	3.431	3.334	3.126	3.700	4.368	4.055	3.360	3.561	3.373	2.738	3.094	2.836	2.828	3.590	3.153	3.151	3.195	3.038	3.150	3.291	3.207	3.575	3.309	3.238	3.208	3.337	4.289	3.457	3.509	3.532	2.905	3.193	2.878	2.569	3.345	3.437	3.004	3.327	2.567	2.816	3.983	3.567	2.910	4.158	3.870	3.535	3.507	3.508	3.264	3.399	3.386	2.446	3.057	2.826	3.833	3.535	2.605	2.743	2.941	3.104	3.192	3.075	2.937	3.063	3.495	3.155	2.983	3.016	2.927	3.196	3.394	3.034	2.532	3.123	2.952	3.321	3.432	2.940	2.924	2.941	
4.227	3.421	4.040	3.543	3.578	2.891	3.067	2.965	3.451	3.466	3.235	3.499	3.422	3.628	3.325	3.179	3.680	3.311	3.696	3.091	3.646	3.404	3.232	3.742	3.281	2.942	3.275	3.180	3.122	3.277	3.167	3.205	3.292	3.714	3.645	3.324	3.065	3.904	3.408	3.045	3.653	3.723	3.497	3.442	4.287	3.487	3.364	3.324	3.207	2.963	3.110	3.219	3.291	3.409	3.567	3.444	3.128	3.467	4.425	3.296	3.593	3.631	3.780	3.768	4.128	3.391	3.312	3.081	3.159	3.425	3.204	3.215	3.114	3.340	3.067	2.901	3.106	3.322	3.290	3.500	3.157	3.585	3.847	3.266	3.309	3.126	4.078	3.459	3.031	3.211	2.915	3.142	3.012	2.599	3.297	3.536	2.794	3.202	2.879	3.117	4.039	3.967	3.136	3.897	3.723	3.164	3.072	3.330	3.313	3.328	3.112	2.842	2.898	3.150	3.663	3.555	2.364	3.172	3.046	3.145	3.722	3.474	3.342	3.021	3.171	3.143	2.968	2.775	2.774	3.042	2.814	2.612	2.750	2.710	2.791	3.142	3.309	3.030	3.001	3.041	
3.954	3.113	4.132	3.445	3.150	3.018	2.872	3.032	2.709	2.941	3.216	3.086	3.029	3.284	2.840	2.789	3.313	3.430	3.930	3.389	3.501	3.794	3.573	3.881	3.329	3.087	2.753	3.130	2.748	3.098	2.828	2.805	2.725	3.196	3.225	3.259	3.321	4.039	3.199	3.256	3.452	3.454	3.708	3.686	4.239	3.467	2.964	3.328	2.819	2.805	3.102	3.046	2.579	3.244	3.305	3.224	3.144	3.657	4.301	3.159	3.248	3.578	3.716	3.673	3.934	3.307	3.384	3.092	3.158	2.839	3.053	2.645	2.541	3.406	3.039	3.098	2.827	3.316	3.031	3.732	3.248	3.399	3.109	3.293	2.959	3.313	4.001	3.421	3.228	3.001	2.851	3.550	2.603	2.368	3.433	3.704	2.972	3.527	2.580	3.379	3.680	3.969	3.018	4.256	3.854	3.247	3.173	3.245	3.176	2.928	3.187	3.066	2.328	2.851	3.847	3.521	3.030	3.238	3.107	3.589	3.256	3.169	3.090	3.078	3.184	3.215	3.137	2.816	2.974	2.862	2.899	2.626	3.042	2.588	2.937	2.930	2.936	3.529	3.266	2.805	
3.443	3.113	3.363	3.239	2.982	3.275	2.766	3.148	3.008	3.059	3.283	2.936	2.976	3.420	3.167	3.317	3.352	3.064	3.359	3.321	3.184	3.021	3.137	2.882	2.922	2.870	2.791	2.891	3.155	3.338	3.105	3.118	3.398	3.294	3.551	3.539	3.168	3.696	3.147	3.106	3.103	3.597	3.214	3.142	3.865	3.345	2.990	2.838	2.652	2.859	3.017	3.003	2.823	3.398	3.481	3.240	3.287	3.280	3.977	3.467	3.475	3.305	3.278	3.361	3.380	3.138	2.942	2.731	2.565	2.854	3.105	2.634	3.189	3.702	3.155	2.924	3.171	3.427	3.367	3.344	3.029	3.354	3.145	3.035	2.614	2.734	3.734	3.319	3.159	2.956	3.289	3.480	2.939	3.150	3.198	3.849	3.169	3.548	2.943	3.126	3.636	3.560	2.675	3.820	3.463	2.874	3.216	3.070	3.532	3.326	3.015	3.072	2.876	2.493	3.677	3.818	2.755	3.517	3.620	3.141	3.321	3.056	3.389	2.748	3.169	2.615	3.005	2.852	2.760	3.076	2.911	2.911	2.904	2.888	2.971	2.862	3.200	3.167	3.332	3.509	
3.645	2.656	3.123	2.882	3.143	3.034	2.913	3.213	3.244	3.611	3.509	3.219	2.950	2.953	3.180	3.098	3.592	2.914	3.459	3.329	3.243	2.788	2.965	3.425	3.489	3.186	3.124	3.160	3.176	3.017	2.957	3.035	2.911	2.762	3.372	3.331	3.652	3.744	3.283	3.099	3.413	3.667	3.495	3.148	3.870	3.345	3.237	3.449	3.128	2.990	2.835	3.077	2.619	3.547	3.317	3.464	3.635	3.620	4.472	3.126	3.706	3.489	3.005	3.162	3.844	3.490	3.001	3.204	3.088	2.696	2.935	2.878	3.059	4.010	3.462	3.277	3.186	3.418	3.152	3.440	3.495	3.299	3.658	3.342	2.812	3.430	4.015	2.811	2.915	2.795	3.135	3.391	2.555	3.226	3.406	3.275	3.418	3.293	2.678	2.754	3.419	3.703	2.776	4.126	3.807	3.241	2.926	2.998	3.232	3.132	2.996	2.954	3.087	2.568	3.854	3.151	3.311	3.626	3.089	3.484	3.221	2.850	3.309	3.172	3.200	3.540	2.983	3.327	3.183	3.103	2.815	3.005	3.127	2.993	3.111	2.952	2.845	2.811	3.041	3.128	
3.706	2.874	3.410	3.130	3.259	2.891	3.011	3.304	3.158	3.224	3.670	3.449	3.370	3.443	3.102	3.115	3.441	3.140	3.730	2.988	3.410	3.477	3.249	3.440	3.342	3.416	3.088	3.318	3.510	3.393	3.230	3.664	3.257	3.272	2.989	3.329	3.427	3.806	3.454	2.872	3.436	3.609	3.517	3.322	4.323	3.547	3.470	3.778	3.448	3.539	3.324	3.088	3.490	3.343	3.181	3.172	3.392	3.442	4.746	3.200	3.509	3.561	3.653	3.859	4.090	3.580	3.242	3.271	3.539	3.412	3.558	3.230	3.490	3.882	3.146	3.589	3.538	3.723	3.139	4.099	3.405	3.645	3.640	3.299	3.322	3.106	3.858	3.513	3.328	3.298	3.675	4.217	3.157	3.383	3.994	3.976	3.751	3.512	2.907	3.370	4.056	4.244	3.518	4.518	3.933	3.171	3.249	3.228	3.488	3.571	3.655	3.117	3.518	3.116	4.176	3.758	3.629	3.673	3.343	3.663	3.676	3.322	3.981	3.321	3.557	3.058	2.868	3.212	2.863	3.136	3.197	2.857	3.121	3.225	3.386	3.485	3.058	2.937	3.199	3.669	
3.439	2.910	3.806	3.100	2.974	2.800	2.556	2.700	2.677	2.745	2.906	2.974	2.891	3.040	3.421	3.226	3.343	2.658	3.294	3.102	3.231	2.820	3.136	2.803	3.255	2.813	2.509	2.854	2.753	2.940	2.772	2.820	2.839	2.845	2.783	2.958	2.707	3.982	3.313	3.189	2.853	3.284	3.142	3.031	3.836	3.173	3.016	2.897	3.115	3.126	3.013	2.792	2.833	3.142	2.985	2.779	3.267	3.398	4.391	3.380	3.376	2.950	2.909	3.099	3.342	2.971	2.966	3.131	3.251	3.061	2.901	2.610	2.999	3.871	3.158	3.333	3.388	3.443	3.297	3.590	3.146	3.268	3.122	2.820	2.242	2.598	3.429	2.834	2.913	2.938	3.439	3.351	2.507	3.198	3.760	3.511	3.044	3.187	3.063	3.277	3.505	3.192	2.606	3.411	3.196	2.841	2.793	2.840	3.087	2.848	2.825	3.252	3.165	2.687	3.799	3.460	3.366	3.509	3.002	3.103	3.053	2.741	2.405	2.639	2.994	2.583	2.803	2.844	2.883	2.583	2.831	2.677	3.135	2.947	2.991	3.119	2.921	2.843	2.956	3.224	
3.231	3.074	3.531	2.827	3.240	2.480	2.858	2.860	2.840	3.008	2.968	3.125	3.074	3.093	3.035	2.963	3.279	2.907	3.919	3.206	3.108	2.996	3.210	3.397	3.242	2.890	3.023	2.943	3.127	3.011	3.114	3.161	3.171	2.653	2.722	3.124	3.210	3.493	3.518	3.463	2.860	3.122	3.178	3.491	4.434	3.398	2.865	3.029	3.220	3.199	3.220	2.938	2.752	3.181	3.098	2.845	3.085	3.470	4.548	3.667	3.324	3.465	3.159	3.260	3.632	3.401	2.626	3.220	3.186	2.598	3.338	2.381	2.780	3.942	2.871	3.265	3.209	3.254	3.458	3.868	2.973	3.258	3.208	2.791	2.786	2.766	3.433	2.872	3.376	3.016	3.000	3.280	2.396	3.356	3.455	3.511	3.357	3.678	3.048	3.585	3.259	3.638	2.764	3.811	3.407	2.865	3.023	2.702	2.994	3.143	3.055	3.041	2.944	2.910	3.838	3.670	3.425	3.829	3.498	3.335	3.332	3.665	3.172	2.992	3.026	3.075	2.841	3.041	2.753	2.841	2.807	2.630	2.902	3.032	3.168	3.355	2.980	3.088	3.317	3.502	
3.787	3.301	4.008	3.072	3.004	2.705	2.723	3.019	3.122	3.433	3.516	2.936	3.382	3.217	3.405	2.959	2.905	3.082	3.649	3.511	3.400	3.271	3.477	3.351	2.882	2.864	2.898	3.148	3.139	3.252	3.058	3.012	2.889	3.124	3.274	3.180	3.245	3.863	3.154	3.182	2.972	3.190	3.187	3.136	3.760	2.697	2.844	2.728	3.103	3.325	2.826	2.935	2.973	3.037	3.134	3.419	3.220	3.563	4.482	3.493	3.084	3.243	3.122	2.769	3.202	3.040	2.965	2.947	2.979	2.887	2.774	2.705	2.954	3.895	3.228	3.648	3.350	3.393	3.602	3.677	2.924	3.436	3.280	2.752	2.797	2.947	3.582	2.844	2.773	2.811	2.936	3.205	2.481	3.603	3.236	3.310	3.384	3.392	2.976	3.822	3.402	4.009	2.677	3.655	3.670	3.241	2.932	2.730	2.782	2.912	2.851	3.119	3.033	2.655	3.750	3.109	3.135	3.889	3.180	3.315	3.275	3.701	3.252	3.155	3.165	3.137	2.790	2.985	2.530	2.900	2.770	2.969	3.059	2.882	3.054	3.298	3.662	3.347	2.697	3.358	
4.079	3.222	3.905	3.515	3.265	3.629	3.235	3.378	2.985	3.105	3.470	2.989	3.286	3.335	3.188	3.490	3.655	2.911	3.594	3.524	3.769	3.503	3.637	3.501	3.428	3.042	3.153	3.435	3.015	3.040	3.003	2.783	2.640	3.346	3.683	3.738	3.245	3.834	3.550	3.078	3.308	3.100	3.634	3.452	4.164	3.264	3.230	3.222	3.422	3.102	2.948	2.755	3.290	3.645	3.689	3.401	3.418	3.343	3.814	3.370	3.418	3.554	3.513	3.545	4.188	3.543	3.243	3.300	3.048	2.605	2.911	3.117	3.219	4.147	3.452	3.538	3.232	3.416	3.278	3.583	3.246	3.520	3.884	3.366	2.918	3.246	3.643	3.232	2.985	2.855	2.656	3.031	2.503	3.302	3.502	3.389	3.230	3.341	2.848	3.515	3.226	3.843	3.358	4.047	3.735	3.212	2.537	2.715	2.815	2.812	2.698	2.359	2.879	2.758	3.792	3.290	3.394	3.644	3.192	3.111	3.559	3.660	3.312	3.070	3.411	2.883	2.418	2.900	2.714	2.619	2.434	2.785	2.744	2.870	3.070	3.364	3.325	3.225	2.941	2.914	
3.417	3.229	3.677	3.225	3.375	3.174	3.265	3.392	3.284	3.522	3.476	3.416	3.204	3.084	2.853	3.081	3.502	3.060	3.896	3.341	3.622	3.390	3.432	3.547	3.352	3.671	3.722	3.231	3.252	3.389	3.369	3.216	3.313	3.185	3.324	3.331	3.204	4.005	3.669	3.291	3.517	3.242	3.265	3.474	4.172	3.447	3.544	3.499	3.159	3.256	3.660	3.296	3.194	3.619	3.408	3.565	3.641	3.414	4.394	3.633	3.299	3.369	3.413	3.234	3.744	3.344	3.212	3.296	3.636	3.196	3.117	3.094	3.380	4.096	3.358	3.376	3.128	3.626	3.539	3.776	3.259	3.247	3.809	3.042	2.748	3.415	3.879	3.411	3.171	3.223	3.264	3.280	2.574	3.556	3.022	3.605	3.630	2.911	2.632	3.252	3.406	3.063	2.918	4.398	3.496	3.230	3.179	3.102	3.234	3.049	3.232	3.010	3.206	2.858	3.537	3.614	3.054	3.694	3.328	3.566	3.130	3.077	2.849	3.015	3.118	3.070	3.186	2.993	2.950	3.206	2.829	2.915	3.020	3.049	3.062	3.212	3.444	2.865	2.973	3.590	
3.572	2.946	2.911	2.601	2.764	2.804	3.040	3.066	2.815	3.268	2.969	3.156	3.693	3.062	3.145	3.450	3.696	3.301	4.207	3.783	3.183	3.376	2.967	3.249	2.929	2.977	2.852	3.046	3.377	3.457	3.301	3.452	3.258	3.121	3.323	3.398	3.581	4.358	3.722	3.380	3.232	3.325	3.329	3.476	3.919	3.064	2.815	3.062	3.438	3.102	3.383	3.190	3.397	3.586	3.081	3.132	3.383	3.593	4.634	3.339	3.238	3.358	3.621	3.548	3.651	3.048	3.067	3.310	3.475	3.227	3.241	3.270	3.543	4.104	3.448	3.618	3.529	3.510	3.375	4.161	3.124	3.531	3.727	2.623	2.840	2.905	3.568	3.044	3.014	3.199	3.049	3.787	2.894	3.807	3.707	3.407	3.766	3.384	3.006	3.457	3.192	2.732	3.028	4.424	3.424	2.946	3.263	3.114	2.959	3.129	3.377	3.788	3.882	3.052	4.043	3.671	3.877	3.711	3.657	3.420	3.351	2.786	2.438	3.205	3.690	2.965	2.833	3.337	3.195	3.316	3.661	3.291	3.191	3.631	3.531	3.450	3.198	2.888	3.083	3.410	
3.748	2.674	3.576	3.030	3.281	2.798	3.022	3.171	3.517	3.108	2.747	3.093	3.366	3.323	3.398	3.861	3.932	3.503	3.898	3.525	3.506	3.311	3.057	3.349	3.355	3.252	3.172	3.523	3.278	3.249	3.165	3.045	2.882	3.644	3.582	3.561	3.339	3.804	3.634	2.726	3.080	3.083	3.115	3.289	3.934	3.477	3.071	2.997	3.303	3.087	3.081	2.934	3.251	3.410	3.295	3.382	3.077	3.528	4.680	3.111	3.326	3.066	3.030	2.991	3.545	3.010	3.260	2.974	3.087	3.153	3.177	3.261	3.717	4.166	3.302	3.517	3.357	3.590	3.212	3.746	3.114	3.169	3.572	2.602	2.570	2.998	3.669	3.329	3.083	2.780	3.271	3.465	2.597	3.709	3.251	3.325	3.378	3.129	2.596	3.289	3.219	3.138	3.361	4.171	3.247	3.026	2.876	2.951	3.067	2.897	3.331	3.165	3.799	2.691	3.767	3.161	2.892	3.419	3.095	3.396	2.913	3.087	3.002	3.129	3.473	2.818	2.827	2.929	2.694	2.974	2.674	2.942	3.124	3.451	3.353	2.963	3.179	3.077	2.756	3.177	
3.770	2.844	3.823	3.343	3.273	3.303	3.020	3.209	3.258	3.452	3.467	3.569	3.197	3.319	3.510	3.573	3.812	3.013	3.471	3.029	3.761	3.251	3.634	3.510	3.289	3.155	3.420	3.385	3.371	3.013	3.422	3.541	3.634	3.334	3.613	3.602	3.554	3.877	3.507	3.063	3.348	3.598	3.537	3.575	4.442	3.412	3.566	3.618	3.810	3.060	3.484	3.508	3.481	3.482	3.807	3.859	3.455	3.145	4.483	3.309	3.915	3.602	3.519	3.409	3.786	3.627	3.308	3.096	3.457	3.351	3.768	3.533	3.740	4.370	3.505	3.670	3.211	3.803	3.421	3.418	3.615	3.335	3.926	3.077	2.983	3.065	3.962	3.253	3.107	3.552	3.071	3.648	3.056	3.814	3.276	3.488	3.326	2.998	2.901	3.528	4.307	3.271	2.440	4.285	3.125	2.941	2.895	3.246	3.084	2.897	3.922	3.425	3.438	2.893	3.725	3.602	3.068	3.411	3.229	3.315	4.035	3.215	3.009	2.878	3.191	2.762	2.855	2.693	2.647	2.821	3.179	3.261	3.207	3.527	3.014	3.239	3.661	2.987	2.679	2.780	
3.435	2.903	3.026	3.168	2.881	3.189	3.150	3.395	3.228	3.080	3.501	3.467	3.429	3.721	3.121	3.024	3.306	2.715	3.247	3.018	3.248	3.057	3.312	3.213	3.206	3.030	3.285	3.171	3.109	3.448	3.398	3.315	3.376	3.561	3.081	2.924	3.199	3.321	3.013	2.859	2.909	3.071	3.186	3.180	4.057	3.269	3.109	3.540	3.320	3.261	3.420	3.347	3.508	3.265	3.375	3.105	3.246	3.508	4.280	2.732	3.414	3.423	3.247	3.099	3.847	3.320	3.285	3.719	3.175	3.538	2.875	3.311	3.571	4.080	3.420	3.239	3.058	3.306	3.237	3.419	3.155	3.605	3.703	3.060	2.609	3.170	3.744	3.012	2.868	3.010	2.592	3.193	2.605	3.567	2.829	3.081	3.319	3.098	3.063	3.066	3.495	3.024	3.300	4.035	3.330	3.368	3.183	2.842	2.763	3.162	3.592	3.074	2.980	1.982	3.350	3.127	3.036	3.267	3.065	3.262	3.447	3.495	3.109	3.295	3.613	3.338	3.006	3.051	3.239	2.999	2.871	3.098	3.069	2.879	3.060	3.020	3.032	2.952	2.649	3.195	
3.594	2.707	3.508	3.237	3.290	3.116	3.195	3.205	2.982	2.904	3.089	3.271	3.575	4.037	3.894	3.197	3.754	3.217	3.595	3.383	3.386	3.314	3.416	3.237	3.122	3.272	3.427	3.347	3.313	2.937	3.143	3.451	3.072	3.806	3.070	3.191	3.182	4.076	3.309	3.455	3.271	3.232	3.402	3.480	4.198	3.471	3.300	3.459	3.375	3.344	3.318	3.531	3.259	3.501	3.343	3.230	3.213	3.388	4.346	3.367	3.559	3.281	3.484	3.172	3.740	3.277	2.837	3.089	3.008	3.169	3.102	2.692	2.997	3.558	3.119	3.450	3.457	3.526	3.484	3.239	3.302	2.956	3.425	3.024	2.256	2.831	3.412	2.939	2.796	2.776	2.866	3.247	2.599	2.719	2.978	3.343	2.804	3.345	2.740	3.027	3.593	2.884	2.827	3.840	3.323	2.794	2.709	2.507	2.731	2.803	3.315	3.449	3.299	2.388	4.191	3.976	3.133	3.631	3.024	3.118	2.986	3.111	3.054	2.884	3.317	3.477	2.557	2.963	2.901	2.942	2.632	2.938	3.476	3.323	2.970	3.281	3.415	3.105	3.120	3.275	
3.911	3.109	3.786	3.382	3.235	2.457	2.847	3.160	3.098	3.072	3.324	3.013	3.151	2.816	3.080	3.107	3.312	2.770	3.776	3.613	3.417	3.757	3.834	3.455	3.279	2.873	2.849	2.975	2.793	2.816	2.740	3.129	2.899	3.062	3.180	3.335	3.442	3.858	3.378	3.108	3.470	3.363	3.230	3.588	4.340	3.282	3.121	2.989	2.953	3.347	3.097	3.252	3.446	3.655	3.008	3.234	3.377	3.349	4.329	2.747	3.304	3.358	3.439	3.141	3.629	2.991	2.888	2.726	2.763	3.050	2.614	3.350	3.600	4.226	3.441	3.430	3.166	3.119	3.231	3.287	3.136	3.074	3.909	3.303	2.672	2.799	3.557	2.407	2.994	2.739	2.834	2.953	2.437	3.761	3.385	3.509	3.710	3.115	2.566	2.995	3.400	3.164	3.072	3.921	2.820	2.901	3.072	2.784	2.639	2.833	2.910	3.099	3.488	2.840	3.724	3.371	3.110	3.465	2.805	3.254	3.160	2.940	3.092	3.150	3.534	3.124	3.160	2.837	3.025	2.905	3.268	3.110	2.650	3.296	2.925	2.905	2.978	2.778	3.489	3.115	
3.778	3.101	3.563	3.407	3.517	3.233	3.069	3.053	3.295	3.084	3.328	3.358	3.422	3.007	3.007	3.156	3.429	3.023	3.668	3.320	3.438	3.373	3.445	3.537	3.402	2.998	3.033	3.108	3.274	3.058	3.165	3.376	3.325	3.270	3.274	3.185	3.322	3.975	3.880	3.408	3.401	3.133	3.393	3.716	3.930	3.716	2.974	3.202	3.029	3.084	3.247	3.099	3.021	3.481	3.366	3.229	3.660	3.605	4.460	3.363	3.416	3.172	3.288	3.458	3.621	3.479	2.690	3.299	3.288	2.872	2.981	2.899	3.193	4.269	3.668	3.550	3.348	3.511	3.226	3.740	3.085	3.334	3.538	2.793	2.806	2.645	3.307	2.873	3.036	2.983	2.845	2.900	2.495	3.434	3.306	3.255	3.365	3.376	2.876	3.392	3.362	2.847	2.750	4.063	2.872	2.682	2.936	2.840	2.903	3.313	2.999	2.954	3.165	2.695	3.393	3.875	2.707	3.335	3.547	3.087	3.555	3.194	3.028	2.922	3.333	3.228	2.692	2.729	3.236	2.817	3.347	2.847	2.892	3.202	2.810	3.188	3.117	3.043	3.117	2.855	
3.684	3.134	3.734	3.343	3.007	3.152	3.093	3.208	3.178	3.229	3.383	3.371	3.630	3.312	3.508	3.288	3.445	3.048	3.447	3.583	3.422	3.543	3.273	2.978	3.467	2.922	2.849	2.872	2.688	2.982	3.005	3.111	3.186	3.471	3.436	3.347	3.563	4.047	3.457	3.475	3.113	3.570	3.589	3.405	3.664	2.914	3.134	2.626	2.679	3.102	3.043	3.166	3.242	3.801	3.620	3.274	3.263	3.423	4.509	3.382	3.325	3.472	3.353	2.853	3.216	3.837	2.893	2.959	3.130	2.861	2.622	2.734	3.662	4.298	3.647	3.671	3.229	3.505	3.307	3.886	3.402	3.292	3.965	2.814	3.155	3.427	3.458	3.031	3.111	2.887	2.771	2.750	2.403	3.364	3.172	3.191	3.363	3.223	3.176	3.352	3.300	3.514	3.202	4.226	3.315	3.236	2.847	2.855	2.897	2.787	2.979	2.910	2.755	2.967	3.510	3.217	2.495	2.821	3.294	3.373	3.289	3.309	3.324	3.410	3.405	3.337	2.723	2.910	2.838	2.537	2.816	3.158	3.215	3.019	3.111	2.657	2.906	3.044	3.258	3.582	
3.527	2.782	3.100	3.124	3.014	2.909	2.999	2.832	3.310	3.117	2.807	3.311	3.280	3.534	3.251	3.421	3.453	2.698	3.423	2.933	3.560	3.162	2.944	3.110	3.415	2.860	3.122	3.097	3.061	2.847	3.426	3.357	3.412	3.159	3.302	3.022	3.085	3.636	3.020	2.990	3.036	3.606	3.586	3.199	4.163	3.767	3.111	3.255	3.085	3.063	3.040	3.134	3.262	3.613	3.456	3.418	3.008	3.038	4.490	3.145	3.534	3.456	3.276	3.300	3.287	3.956	2.854	3.060	3.120	3.286	3.013	3.002	3.214	3.607	3.191	3.191	3.272	3.424	3.194	3.447	3.227	3.504	3.743	2.817	3.124	3.387	3.872	3.684	3.057	3.240	3.093	2.980	3.107	3.177	3.367	3.459	3.481	3.606	3.300	3.472	3.807	3.260	3.160	4.136	3.491	3.033	3.165	3.315	3.364	3.158	2.772	3.141	3.101	3.313	4.004	3.731	2.554	2.982	3.222	3.610	3.634	3.269	3.160	2.909	3.305	3.148	3.126	3.195	3.264	3.338	2.954	3.322	3.274	3.289	3.106	3.025	3.384	3.476	3.272	3.369	
3.789	3.364	3.978	3.425	3.029	2.998	3.030	2.685	2.895	2.893	3.488	3.374	3.536	3.399	3.118	3.389	3.625	3.228	3.750	3.504	3.527	3.278	3.375	3.280	2.908	2.901	3.078	3.028	3.003	3.016	3.411	3.238	3.301	3.246	3.348	3.383	3.409	4.116	3.389	3.128	2.991	3.217	3.136	3.062	3.893	3.635	3.281	3.004	3.059	2.873	3.309	2.987	3.374	3.892	3.655	3.260	3.470	3.917	4.855	3.688	3.327	3.339	3.134	3.144	3.074	3.446	2.554	2.980	2.827	2.904	2.708	2.875	3.664	4.415	3.644	3.473	3.662	3.390	3.562	3.820	3.305	3.083	3.949	3.007	3.058	2.835	3.195	2.495	2.914	3.336	3.221	2.886	2.924	3.624	3.335	3.400	3.669	3.963	3.426	3.545	3.549	3.343	3.051	3.980	3.377	2.894	2.930	2.725	2.908	3.024	2.868	2.683	2.937	3.364	3.725	3.309	2.912	3.516	3.932	3.707	3.577	3.147	3.478	3.244	3.555	3.076	2.785	2.877	2.726	2.569	2.559	2.269	2.677	3.004	3.147	2.412	2.846	3.107	2.840	3.477	
3.225	2.933	3.441	3.349	3.292	3.391	3.390	3.172	3.093	3.611	3.165	3.054	3.297	2.913	2.666	3.095	3.277	2.778	3.390	2.990	3.187	3.447	3.531	3.362	3.760	3.349	3.519	3.279	2.890	3.145	3.215	3.283	3.103	2.760	3.030	3.108	3.436	3.797	3.016	2.739	3.166	3.273	3.417	2.981	4.013	3.516	3.671	3.256	3.178	3.011	3.184	2.865	3.916	3.629	3.010	3.185	3.512	3.378	4.376	2.897	3.635	3.236	3.320	3.148	3.185	3.450	2.523	3.006	3.000	2.579	3.016	2.978	3.817	4.191	3.345	3.377	3.549	3.409	2.929	3.590	3.617	4.121	3.782	3.299	3.036	3.134	3.658	2.915	2.991	2.929	2.904	2.893	2.950	3.217	3.068	3.511	3.258	3.913	3.124	3.175	3.843	3.262	2.933	4.231	3.458	3.037	3.040	2.895	3.234	3.072	3.073	3.205	3.250	2.870	4.029	3.407	2.785	3.557	3.564	3.693	3.579	3.283	3.092	3.329	3.579	3.395	3.120	3.390	3.348	2.782	3.034	3.100	3.041	3.198	3.442	2.923	3.267	3.233	3.012	3.875	
3.614	3.004	3.178	3.316	3.306	3.158	2.741	3.466	3.184	3.528	3.199	2.843	3.355	3.064	3.260	3.157	3.167	2.613	2.803	3.344	3.886	3.210	3.146	3.575	3.466	3.404	3.127	3.793	3.261	3.637	3.624	3.362	3.436	3.282	3.315	3.096	3.284	4.122	2.999	3.531	3.911	3.839	3.575	3.572	4.165	3.476	3.382	3.716	3.423	3.278	3.501	3.127	3.420	3.969	3.618	3.421	3.501	3.231	4.469	3.402	3.463	3.587	3.738	3.411	3.399	3.835	2.761	3.537	3.576	3.077	3.451	3.008	2.987	4.193	3.789	3.473	3.742	3.349	3.575	3.601	3.975	3.077	4.080	3.296	3.459	3.231	3.771	2.926	3.504	3.198	3.448	3.301	3.058	3.209	3.239	3.361	3.379	3.936	3.176	3.565	3.915	2.708	3.169	4.217	3.229	3.213	3.405	3.423	3.452	3.344	3.489	3.166	3.449	3.245	3.902	3.454	3.074	3.415	3.503	3.110	3.037	2.970	2.999	3.376	3.788	3.538	3.309	3.213	3.699	3.352	3.798	3.523	3.656	3.413	3.311	2.689	3.489	3.056	3.178	3.349	
3.609	3.012	3.613	3.424	3.322	3.172	2.845	3.372	3.270	3.760	3.132	3.510	2.950	3.383	3.297	3.147	3.264	3.112	3.421	3.796	3.410	3.724	3.610	3.848	3.692	3.146	3.031	3.369	3.323	3.511	3.261	3.212	3.028	2.734	3.205	3.547	3.266	3.908	2.980	3.276	3.375	3.275	3.639	3.724	4.229	3.379	2.865	3.152	3.149	3.253	3.583	2.972	3.561	3.670	2.677	3.587	3.229	3.249	4.300	3.466	3.327	3.637	3.769	3.633	3.582	3.530	2.883	2.935	2.994	3.024	2.966	3.246	3.200	4.127	3.718	3.284	3.694	3.108	3.486	3.911	3.464	3.554	3.826	3.264	3.288	2.851	3.739	3.136	3.102	3.209	2.997	3.131	3.039	3.358	2.911	3.209	3.477	3.406	3.248	3.244	3.427	2.357	2.866	4.076	3.430	3.196	3.175	3.437	3.257	3.184	2.941	3.216	2.884	2.986	3.808	3.491	2.724	2.979	3.332	3.119	2.762	2.514	2.709	2.800	3.637	3.315	3.066	3.313	2.854	3.209	3.093	2.915	3.343	3.383	3.153	3.021	3.142	2.858	2.692	2.851	
3.533	2.966	3.313	2.962	3.211	3.130	3.115	3.308	3.533	3.378	3.277	3.439	3.531	3.577	3.539	3.575	3.871	3.047	3.695	3.755	3.275	3.190	3.249	3.320	3.901	3.473	3.304	3.669	3.397	3.332	3.597	3.693	3.424	3.703	3.454	3.761	3.953	4.602	3.236	3.720	3.248	3.433	3.467	3.343	4.202	3.761	3.575	3.559	3.352	3.108	3.234	2.608	3.871	3.778	3.254	3.512	3.481	3.599	4.482	3.570	3.480	3.078	3.423	3.122	3.369	3.759	2.765	3.479	3.156	2.982	3.175	3.214	3.433	4.414	3.390	3.686	3.461	3.428	3.610	3.822	3.350	3.342	3.712	3.478	3.525	3.395	3.949	3.292	3.322	3.303	3.260	3.399	3.287	3.350	3.574	4.251	2.974	3.963	3.142	3.332	3.749	3.172	3.289	4.267	3.575	3.423	3.246	3.118	3.324	3.256	3.311	3.528	3.528	3.529	4.042	4.204	2.968	3.549	3.392	3.921	3.284	3.493	3.795	3.659	3.697	3.558	3.200	3.365	3.235	3.182	3.395	3.304	3.220	3.875	3.753	3.375	3.766	3.858	3.869	3.433	
3.444	2.856	3.766	3.579	3.509	3.432	3.095	3.260	3.475	3.188	2.953	2.925	3.249	3.194	3.407	3.361	3.850	2.821	3.599	3.459	3.437	3.668	3.460	3.319	3.528	3.385	3.047	3.181	3.268	3.255	3.380	3.236	3.284	3.356	3.298	3.386	3.584	4.401	3.343	3.468	3.190	3.351	3.456	3.682	4.217	3.858	3.464	3.238	3.144	3.126	3.435	2.913	3.469	3.621	3.288	3.521	3.523	3.646	4.552	3.384	3.532	3.928	3.606	3.655	4.072	4.140	3.111	3.447	3.320	3.087	2.992	3.219	3.239	4.062	3.303	3.370	3.297	3.772	3.919	3.532	3.385	3.570	4.363	3.802	3.382	3.240	4.033	3.288	3.749	3.068	3.072	3.102	2.881	3.252	3.346	3.613	3.592	3.481	3.028	3.497	3.522	3.498	3.379	4.544	3.604	3.351	3.399	3.423	3.358	2.984	3.355	3.101	3.293	3.233	3.941	3.725	3.206	3.176	3.478	3.341	3.069	3.377	3.446	3.223	3.933	3.530	3.242	2.930	2.883	3.365	2.992	3.087	2.931	3.226	3.104	2.552	2.781	3.208	3.177	3.519	
3.439	2.914	3.199	2.716	3.199	3.141	3.098	3.070	2.809	2.890	2.699	2.834	3.026	3.060	3.100	3.014	3.222	2.773	3.524	3.322	3.007	3.172	3.375	3.391	3.414	3.313	3.625	3.251	2.939	2.998	3.252	3.509	3.261	3.368	3.059	3.313	2.915	4.023	2.891	2.959	2.838	2.987	3.052	3.152	3.942	3.464	3.474	3.856	2.941	2.847	2.680	3.087	3.608	3.437	3.264	3.158	2.855	3.469	4.156	3.049	2.982	2.939	3.058	3.214	3.215	3.827	2.599	3.361	3.045	2.732	2.985	2.786	2.954	3.624	3.153	3.065	2.644	2.845	3.195	3.415	3.120	3.096	3.191	3.182	3.121	3.191	3.824	3.202	3.118	2.855	2.762	2.669	2.457	3.013	2.483	2.631	2.559	3.118	2.682	2.858	3.112	2.551	3.068	4.118	3.243	3.348	3.180	3.298	3.368	3.255	2.655	2.956	2.622	2.420	3.567	2.885	2.195	2.982	2.885	2.598	2.839	3.164	3.252	3.290	3.858	3.722	3.439	3.248	2.641	2.995	3.010	3.348	3.295	2.910	3.576	2.455	2.833	2.386	3.022	2.909	
3.312	2.932	3.284	2.892	2.866	3.000	2.831	3.432	3.180	3.498	2.924	2.910	3.209	3.176	3.180	3.007	3.328	2.620	3.198	2.965	3.178	3.306	2.878	3.236	3.160	3.078	3.305	3.008	3.211	3.014	3.325	3.297	2.985	3.413	3.169	3.091	3.288	3.722	3.545	3.366	2.944	3.362	3.357	3.521	3.749	3.195	3.307	3.360	2.615	3.079	2.689	2.694	3.352	3.372	3.566	3.018	3.288	3.358	4.692	3.921	3.371	3.690	3.627	3.673	3.317	3.313	2.812	3.421	3.101	3.012	3.363	2.955	3.198	3.598	3.076	2.887	2.970	3.175	3.954	3.591	3.252	3.445	3.926	3.408	3.092	2.801	3.992	2.916	3.112	2.937	3.270	3.455	2.998	3.063	3.154	3.439	2.769	3.588	2.941	3.474	3.157	3.204	3.175	4.129	3.452	3.611	3.366	3.197	3.320	3.358	3.527	3.399	3.333	3.356	4.099	3.598	2.769	3.262	3.190	3.045	3.274	3.544	3.261	3.391	3.995	3.637	3.442	3.619	3.248	3.208	3.276	3.209	3.220	3.382	3.296	2.874	3.451	3.167	3.112	2.897	
3.795	3.792	3.863	3.656	3.489	3.259	3.015	2.951	3.626	3.224	3.262	3.482	3.622	3.049	3.157	3.265	3.411	3.376	3.888	3.641	3.652	3.517	3.505	3.620	3.473	3.494	3.137	3.372	3.268	3.147	3.428	3.480	3.176	3.519	3.491	3.141	3.218	3.779	3.303	3.093	3.420	3.087	3.223	3.399	3.919	3.286	3.349	3.768	3.308	3.250	3.366	3.630	3.513	3.407	3.353	3.363	3.327	3.268	4.515	3.099	3.206	3.216	3.578	3.574	3.478	3.465	2.760	3.528	3.301	3.375	3.461	2.917	3.421	3.493	3.397	3.413	3.388	3.349	3.522	3.538	3.083	3.433	4.081	3.321	3.149	3.147	3.943	2.983	3.399	3.239	3.274	3.345	3.301	2.895	3.235	3.221	2.864	3.350	2.876	3.440	3.506	3.090	3.385	4.182	3.287	2.952	3.178	3.093	3.007	3.415	3.173	3.283	3.449	3.260	3.652	3.096	2.614	3.386	3.326	3.123	3.313	3.120	3.261	3.128	3.516	2.852	2.703	3.186	3.263	3.227	3.228	3.027	3.206	3.148	3.461	3.086	3.327	3.444	2.875	2.933	
3.509	3.010	3.732	2.977	3.392	3.286	3.269	3.160	3.294	3.239	3.372	3.111	3.068	3.275	2.892	3.099	3.128	3.116	3.245	2.780	3.723	3.288	3.470	3.591	3.522	3.656	3.288	3.244	3.156	2.814	3.365	3.214	3.737	3.035	3.270	3.035	2.988	3.762	2.884	2.977	3.538	3.573	3.478	3.605	4.065	3.620	3.334	4.095	3.204	3.204	3.431	3.090	3.415	3.509	3.059	2.951	3.071	3.003	4.061	2.999	3.798	3.566	3.500	3.654	3.415	3.569	3.000	3.733	3.242	3.169	3.015	3.040	3.395	3.900	3.070	3.509	3.415	3.127	3.345	3.512	3.488	3.806	4.064	3.747	3.466	3.487	3.933	3.360	3.237	2.953	2.989	3.243	3.240	3.418	3.178	3.388	3.383	3.358	2.844	3.061	4.080	3.375	3.796	4.918	3.566	3.560	3.288	3.106	2.918	3.016	2.689	3.093	2.995	3.189	3.708	3.208	3.187	3.662	3.321	3.183	3.277	3.173	3.390	3.454	3.975	3.423	3.376	3.180	3.007	3.305	3.005	3.493	3.587	2.878	3.422	2.844	3.677	2.997	3.176	3.345	
3.861	3.019	3.770	2.944	3.064	2.978	3.055	2.940	3.307	2.913	3.256	3.109	3.075	3.072	2.907	3.552	3.773	3.123	3.792	3.352	3.463	3.242	3.172	3.723	3.262	3.355	3.070	3.211	2.979	3.072	3.401	3.106	3.118	3.095	3.535	3.481	3.326	3.766	3.714	3.137	3.245	3.425	3.791	3.632	4.379	3.592	3.449	4.241	3.106	3.182	3.120	3.015	3.422	3.415	3.065	3.390	3.260	3.323	4.660	3.388	3.460	3.780	3.844	3.606	3.738	3.753	2.919	3.756	3.207	2.737	3.230	2.923	3.130	3.800	3.032	3.037	3.014	3.286	3.342	3.166	3.293	3.560	4.137	3.633	3.343	3.502	4.121	3.325	3.217	3.344	3.221	3.097	3.100	3.157	2.992	3.300	3.050	3.046	2.679	3.014	3.670	3.451	3.365	4.401	3.313	3.871	3.713	3.247	3.424	3.502	3.353	3.494	3.087	2.775	3.822	3.003	3.080	3.502	3.167	2.932	3.553	3.400	3.466	3.255	3.982	3.525	3.666	3.761	3.415	3.765	3.598	3.262	2.906	3.334	3.661	3.106	3.171	3.193	2.727	3.485	
4.016	3.210	4.016	3.265	3.558	3.065	3.301	2.956	3.229	3.572	3.664	3.934	3.325	3.301	3.716	3.441	3.778	3.087	3.402	3.187	3.287	3.465	3.294	3.467	3.347	3.564	2.946	3.191	3.369	3.163	3.801	3.298	3.671	3.344	3.810	3.181	3.475	3.751	3.250	3.140	3.280	3.725	3.651	3.227	3.925	3.255	3.148	3.577	3.403	3.148	3.408	3.287	3.326	3.794	3.324	3.248	3.550	3.158	4.600	3.502	3.672	3.255	3.200	3.066	3.195	3.497	2.673	3.558	4.202	3.413	3.301	3.523	3.420	3.998	2.798	3.472	3.213	3.426	3.397	3.641	3.706	3.266	3.710	3.404	3.428	3.153	3.569	3.356	3.427	3.718	3.104	3.040	3.226	3.204	3.253	3.636	3.270	3.259	2.733	3.830	4.372	2.866	3.245	4.277	3.198	3.082	2.685	3.255	3.425	3.100	3.269	3.573	2.865	3.225	4.023	3.434	3.583	3.671	3.620	3.031	3.626	3.286	3.081	3.161	3.473	2.678	2.867	2.851	3.361	2.968	3.244	3.454	3.565	3.185	3.609	3.173	3.628	3.555	3.174	3.433	
3.389	2.963	3.340	3.091	3.199	3.272	3.179	3.011	3.159	2.935	3.739	3.878	2.990	3.312	3.084	3.148	3.468	2.807	3.316	3.019	3.226	3.326	3.219	2.960	3.233	3.534	3.476	3.617	2.897	3.463	3.406	3.348	3.011	2.891	3.435	3.228	3.563	3.675	3.326	3.099	3.032	3.259	3.011	3.029	3.746	3.152	3.404	3.677	3.212	2.510	3.081	2.827	3.247	3.623	3.086	3.557	3.619	3.633	4.750	2.973	3.000	2.900	3.161	2.876	3.166	3.248	2.781	3.284	3.564	3.158	3.603	3.372	3.127	3.815	3.477	3.417	3.468	3.642	3.289	3.468	3.178	3.519	3.966	3.585	3.448	3.565	3.782	3.142	3.543	3.946	3.606	3.730	3.640	3.462	3.277	3.770	3.347	3.246	2.905	3.519	3.712	2.773	3.210	3.985	3.234	3.236	3.286	3.103	3.234	3.490	3.507	3.419	3.837	3.739	4.265	3.405	3.320	3.919	3.435	3.349	3.400	3.206	2.888	2.984	3.373	2.817	3.292	3.410	3.436	3.186	3.325	3.569	3.286	3.619	3.720	3.145	3.545	3.459	2.592	2.968	
3.361	3.150	3.427	3.044	3.199	2.839	2.627	2.655	3.347	2.840	3.192	3.418	3.238	3.216	2.997	3.309	3.898	2.889	3.394	3.070	2.943	3.001	3.099	3.173	3.048	2.736	2.924	2.953	3.261	3.497	3.282	3.058	2.972	3.105	3.094	3.561	3.373	4.030	3.291	2.868	3.596	3.035	2.977	3.194	3.692	2.930	2.904	3.319	2.889	2.361	2.873	3.567	3.057	3.398	3.292	3.319	3.117	3.416	4.767	3.101	3.623	3.309	3.452	3.265	3.048	2.749	2.852	3.080	3.501	3.557	3.052	3.206	3.243	4.105	3.407	3.185	3.489	3.537	3.391	3.788	3.442	3.418	3.840	3.193	3.262	3.145	4.072	3.261	3.321	3.454	3.268	2.966	2.838	2.925	3.259	3.700	3.231	3.152	3.023	3.698	3.543	2.625	3.486	4.203	3.299	3.282	3.268	3.072	3.172	3.433	3.421	3.142	3.329	3.123	3.893	3.573	3.449	3.822	3.289	3.440	3.244	3.347	3.244	3.245	3.837	2.852	3.187	3.527	3.295	3.402	3.058	3.262	3.041	3.092	3.512	3.150	3.540	3.148	2.954	3.231	
3.338	3.143	3.721	3.277	3.215	2.473	2.687	2.891	2.987	2.729	3.843	3.237	3.730	3.331	3.117	3.135	3.253	2.677	3.321	3.156	3.094	3.446	3.468	3.298	2.975	3.082	2.981	3.068	3.457	3.529	3.227	3.268	3.161	3.076	2.979	3.019	3.024	4.085	3.534	3.284	3.065	2.874	2.942	3.249	4.168	3.124	3.437	3.548	3.029	2.895	2.876	2.971	3.244	3.427	3.096	2.908	3.041	3.380	4.960	3.146	3.193	3.235	3.140	3.140	2.922	3.177	2.729	3.029	3.584	2.968	3.275	3.053	3.402	4.079	3.023	3.301	3.318	3.571	3.626	3.323	2.935	3.626	3.773	3.293	2.800	3.056	3.633	3.098	2.965	3.535	3.138	3.050	3.090	3.206	3.534	3.843	3.492	3.369	2.823	3.380	3.528	3.246	3.400	4.288	3.527	3.456	3.097	3.269	3.010	3.492	2.977	3.254	3.398	3.566	3.854	3.575	3.402	3.889	3.083	3.149	3.426	3.683	3.547	3.397	3.844	3.206	3.191	2.995	3.528	3.033	2.969	3.362	3.154	3.156	3.124	3.004	3.545	3.790	3.164	3.345	
3.491	2.973	3.706	3.554	3.243	3.200	2.785	2.713	2.946	2.926	3.762	3.371	3.045	3.490	3.281	3.113	3.710	3.125	3.912	3.291	3.470	3.130	3.391	3.113	3.185	3.263	2.921	3.099	2.921	3.360	3.347	3.518	3.700	3.319	3.215	3.430	3.523	4.243	3.706	3.317	3.521	3.511	3.500	3.083	3.394	3.098	3.146	3.578	2.912	2.606	3.159	3.103	3.455	3.968	3.435	3.231	3.663	4.138	4.867	3.392	3.766	3.587	3.345	2.937	3.016	2.941	2.492	3.051	3.605	2.986	3.154	2.986	3.255	4.310	3.461	3.277	3.623	3.800	3.673	3.602	3.622	3.429	4.011	3.425	3.095	2.743	3.548	2.888	3.037	3.101	3.417	3.389	3.311	3.165	3.367	3.751	3.193	3.728	3.181	3.555	3.851	2.755	3.141	3.899	3.266	2.918	2.911	2.859	3.151	3.285	3.253	3.153	3.382	3.349	3.942	3.453	3.570	3.397	3.534	3.349	3.563	2.957	3.041	2.887	3.436	3.229	2.825	2.843	3.127	2.868	3.088	2.951	3.253	3.616	3.676	3.280	3.508	3.417	2.883	3.502	
3.260	3.199	3.998	3.707	3.660	3.196	3.053	3.216	3.244	2.934	3.327	3.134	3.450	3.158	3.240	2.821	3.740	3.215	3.948	3.168	3.448	3.583	3.776	3.641	3.504	3.263	3.421	3.554	3.083	3.131	3.204	3.229	3.445	3.450	3.330	3.759	3.268	4.194	3.669	3.126	3.210	3.235	3.405	3.675	4.278	3.384	3.074	3.622	3.048	2.570	2.803	2.959	3.171	3.698	3.553	3.334	3.349	3.512	4.450	3.220	3.471	3.465	3.326	3.392	3.141	3.201	2.513	3.359	3.635	3.310	3.030	3.268	3.347	4.113	3.488	3.437	3.390	2.902	3.578	3.682	3.680	3.221	3.732	3.059	2.928	3.593	3.706	3.044	3.217	3.478	3.377	3.228	3.260	3.202	3.470	3.424	3.126	3.237	3.007	3.100	3.958	2.790	3.218	4.072	3.278	3.049	2.946	3.067	3.607	3.297	3.482	3.336	3.213	3.305	4.183	2.994	3.194	3.698	3.199	3.229	3.416	2.916	3.218	3.147	3.401	3.242	3.157	3.059	3.244	3.013	3.358	3.130	3.613	3.271	3.584	2.951	3.241	3.049	2.815	3.264	
3.938	3.298	3.598	2.890	3.324	3.203	3.315	2.648	3.206	3.018	3.336	2.850	3.471	2.984	2.609	3.098	3.382	2.905	3.515	3.475	3.470	3.531	3.067	3.442	3.317	3.385	3.345	3.913	3.343	3.138	3.144	3.394	3.400	3.276	3.247	3.291	3.256	3.736	3.599	3.357	3.267	3.376	3.678	3.841	3.980	3.337	3.365	3.713	4.272	3.308	3.116	3.580	3.900	3.593	3.338	2.981	3.524	3.737	4.467	3.480	3.910	3.609	3.675	3.719	3.324	3.859	3.353	3.827	3.964	3.776	3.542	3.545	3.186	4.175	3.298	3.741	3.709	3.473	3.210	3.522	3.238	3.570	4.009	3.447	3.504	3.427	3.935	3.786	3.841	3.529	3.610	3.273	3.540	3.278	3.339	3.585	3.291	3.178	2.899	3.202	3.933	2.947	3.564	4.382	3.454	3.472	3.105	3.649	3.657	3.633	3.188	3.287	3.421	3.434	4.316	3.506	3.352	3.656	3.198	3.171	3.605	3.235	3.414	3.388	3.944	3.018	3.186	3.026	3.395	3.410	3.436	3.565	3.134	3.225	4.155	3.137	3.338	3.432	2.890	3.146	
3.897	3.605	4.097	3.692	3.488	3.408	3.503	3.312	3.657	3.270	3.467	3.355	3.571	3.382	3.138	3.228	3.544	3.174	3.894	3.600	3.758	3.476	3.989	3.348	3.623	3.553	3.356	3.991	2.808	3.292	3.414	3.323	3.175	3.208	3.350	3.166	3.206	3.982	3.407	3.414	3.876	3.562	3.315	3.269	4.116	3.528	3.546	3.698	3.755	2.885	3.273	3.307	3.342	3.810	3.322	3.487	3.212	3.366	4.417	3.370	3.421	3.550	3.581	3.486	3.485	3.454	3.092	3.451	4.022	3.751	3.533	3.803	3.578	4.028	3.408	3.376	3.346	2.978	3.253	3.684	3.394	3.447	4.072	3.672	3.374	3.429	3.934	3.749	3.463	3.945	3.899	3.360	3.497	3.237	3.327	3.698	3.435	3.139	2.991	3.343	3.974	2.946	3.463	4.123	3.787	3.789	3.323	3.451	3.546	3.615	3.446	3.082	2.855	3.165	4.168	3.706	3.334	3.763	3.194	3.340	3.350	3.001	2.959	3.243	4.316	3.411	3.343	3.342	3.568	3.509	3.321	3.175	3.135	3.190	3.677	3.300	3.820	3.447	2.999	3.502	
3.752	3.026	3.672	3.457	3.203	3.333	3.109	3.349	3.259	3.144	3.498	3.340	2.891	3.507	3.062	3.155	3.452	2.995	3.452	3.035	3.777	3.193	3.266	3.331	3.634	3.579	3.602	3.928	3.107	3.131	3.316	3.448	3.356	2.983	3.036	3.266	2.940	3.542	2.936	2.961	3.231	4.031	3.570	3.190	4.332	3.954	3.708	3.329	3.722	2.610	3.089	2.964	3.132	3.066	3.091	2.802	3.153	3.190	4.235	2.883	3.757	3.692	3.694	3.021	3.056	3.302	2.768	3.373	3.530	3.110	2.825	2.974	2.884	3.348	2.915	2.872	3.185	3.149	3.029	3.459	3.408	3.490	4.163	3.270	3.022	3.129	3.862	3.373	3.081	3.027	2.808	2.879	2.875	2.859	2.834	3.251	2.929	2.681	2.590	3.195	3.785	3.326	3.341	3.893	2.986	3.095	3.242	3.004	2.783	2.857	3.034	2.875	3.097	2.930	3.633	2.854	3.255	3.769	3.171	3.278	3.391	2.891	2.584	2.998	3.131	3.135	3.026	3.093	2.730	2.942	3.179	2.882	2.953	3.132	3.434	2.513	3.081	3.263	2.671	3.419	
3.407	2.760	3.763	3.360	3.232	3.140	3.192	3.360	3.547	3.182	3.258	3.253	3.026	3.086	2.981	2.997	3.356	3.052	3.492	3.268	3.312	3.142	3.488	2.987	3.216	2.921	3.341	3.625	2.616	3.099	3.218	3.056	3.211	3.167	3.274	3.394	3.420	4.295	3.707	3.232	3.238	3.167	3.247	2.867	3.643	2.933	3.292	3.350	3.085	2.561	3.015	2.840	3.051	3.639	3.583	3.271	3.413	3.701	4.878	3.098	2.863	3.471	3.544	3.107	2.817	3.125	2.637	3.466	3.105	2.993	2.694	3.063	2.965	4.226	3.440	3.812	3.739	3.472	3.308	3.009	3.330	3.412	3.736	2.946	2.953	2.687	3.665	3.100	2.811	2.735	2.918	2.908	3.448	3.156	3.238	3.759	3.731	3.224	2.803	3.073	3.283	2.406	3.062	3.843	3.205	2.820	2.697	3.133	3.123	3.189	3.105	2.999	3.623	3.235	4.337	3.131	3.547	3.205	3.287	2.892	3.051	2.832	2.893	2.941	3.299	3.000	2.777	3.033	2.858	2.828	2.935	2.972	3.390	3.411	3.762	3.058	3.646	3.431	2.881	3.336	
3.405	3.155	3.542	3.330	3.408	2.920	3.098	2.910	2.967	2.708	3.338	3.280	3.229	3.213	2.901	2.920	3.262	3.272	3.947	3.362	3.187	3.302	3.752	3.243	3.141	2.740	3.136	3.654	3.040	2.933	3.026	2.863	3.054	3.317	2.974	3.016	2.935	3.978	3.523	3.204	3.211	3.390	3.169	3.132	3.588	3.076	3.317	2.931	3.131	3.303	3.122	2.908	3.177	3.705	3.555	3.141	3.358	3.396	4.629	3.384	3.684	3.271	3.353	3.010	3.127	3.502	3.138	3.566	3.334	3.134	3.132	2.795	3.267	3.989	3.209	3.352	3.386	3.404	3.436	3.974	3.279	3.497	3.477	3.184	3.265	2.960	3.894	3.301	3.042	3.066	3.292	3.352	2.960	3.129	3.215	3.506	3.045	3.662	3.188	3.555	3.971	2.829	3.036	3.826	2.906	2.978	2.951	3.399	3.336	3.357	3.270	2.976	3.106	3.110	3.826	3.043	3.141	3.661	3.660	3.359	3.548	3.250	2.687	2.501	3.707	2.929	2.915	2.748	2.790	3.086	3.102	2.480	2.846	3.453	3.793	3.206	3.443	2.973	2.800	3.252	
3.628	3.300	3.859	2.954	3.687	2.768	3.074	3.077	2.784	3.173	3.160	2.780	2.788	2.817	2.899	3.157	3.166	2.998	4.149	3.556	3.229	3.024	3.308	3.060	3.375	3.463	3.449	3.382	2.894	2.630	2.703	2.849	3.174	2.892	3.043	3.363	3.369	4.248	3.695	3.527	3.106	3.307	3.217	3.528	4.128	3.196	3.208	3.432	2.770	2.799	2.578	2.609	3.047	3.587	2.993	3.075	3.435	3.909	4.643	3.645	3.265	3.381	3.202	2.782	2.538	3.159	2.865	2.955	2.885	2.667	3.040	2.990	3.107	3.704	3.305	3.383	3.532	3.801	3.546	3.732	3.190	3.491	3.107	2.801	2.690	2.426	3.120	2.608	2.545	2.841	2.575	2.870	3.266	3.274	3.316	3.485	3.579	3.302	3.066	3.383	3.412	2.564	2.807	3.730	2.738	2.949	2.762	2.797	2.845	2.960	3.027	2.919	2.838	3.453	4.084	3.254	3.080	3.840	3.405	3.598	3.127	2.866	2.745	3.096	3.355	2.858	2.712	2.802	2.883	2.751	2.999	2.897	3.000	3.059	3.239	2.756	3.619	3.525	3.088	3.716	
3.029	2.282	3.185	2.713	3.024	3.059	3.487	3.639	3.434	3.632	3.572	3.202	2.812	3.491	3.448	3.677	3.366	3.251	4.129	3.475	2.691	2.670	2.826	2.859	3.631	2.958	3.488	3.625	3.135	3.479	2.849	3.266	2.867	3.267	3.353	3.382	3.014	4.110	3.439	3.295	3.237	3.447	3.084	2.901	3.679	3.390	3.336	3.121	3.370	3.389	3.637	3.359	3.426	3.867	3.031	2.964	3.086	3.403	4.624	3.533	3.068	4.015	3.160	3.382	3.311	3.452	3.273	3.073	3.292	3.613	3.704	3.570	3.323	4.063	3.234	3.189	3.320	3.444	3.896	3.627	3.539	3.537	3.293	2.908	3.107	3.524	4.321	3.571	3.245	3.309	3.403	3.178	3.124	3.647	3.288	3.194	3.418	3.272	2.897	3.574	3.457	2.825	3.249	4.385	3.780	3.593	3.173	3.242	3.375	3.119	3.427	2.870	3.078	3.037	3.487	3.035	3.371	3.765	3.189	3.236	3.392	3.148	3.297	3.563	4.143	3.318	3.247	3.266	3.244	3.468	3.286	3.070	3.494	2.922	3.635	2.892	3.433	3.029	3.287	3.233	
3.104	2.672	3.742	2.996	3.260	3.029	2.721	3.079	3.080	3.359	3.452	2.964	2.959	2.661	2.686	2.921	3.424	2.804	3.434	3.084	3.083	2.771	2.955	2.635	3.370	2.952	2.938	3.021	3.017	2.872	2.731	2.579	2.887	2.994	3.155	3.060	2.830	3.636	3.236	3.004	3.568	3.381	3.320	2.716	3.404	2.794	3.013	2.826	3.275	2.813	3.097	3.055	3.039	3.544	2.992	2.872	2.874	3.139	4.175	3.146	2.892	3.624	3.135	2.939	2.949	2.951	3.227	3.332	3.161	3.032	3.191	3.028	3.112	3.678	2.227	2.729	2.854	3.013	3.043	3.387	3.285	3.448	3.550	3.069	3.142	3.135	3.770	3.260	3.493	3.262	2.751	2.785	3.022	3.090	2.821	3.332	2.656	3.220	2.902	2.966	3.309	2.817	3.233	4.059	3.171	2.696	3.031	3.038	2.920	2.786	2.580	2.498	2.717	2.916	3.586	2.713	3.080	3.382	3.048	3.264	3.524	3.332	2.913	3.305	3.970	2.934	2.953	2.883	2.523	2.797	2.489	2.585	2.895	2.487	2.941	2.277	3.035	2.861	2.606	3.008	
3.787	3.414	4.028	3.179	3.361	3.023	3.252	2.976	2.853	3.346	3.344	3.158	2.993	3.088	2.389	2.768	3.552	3.055	3.529	3.416	3.557	3.102	3.468	2.949	3.559	3.273	3.281	2.724	3.137	2.530	2.633	2.442	2.959	2.764	2.892	2.906	2.982	3.754	3.575	3.014	3.493	3.658	3.477	3.586	3.689	3.042	3.454	2.976	3.203	3.049	3.071	2.963	2.901	3.204	3.028	3.172	3.060	3.383	4.399	3.506	2.876	3.492	3.321	3.209	3.130	3.312	3.279	3.009	3.210	3.002	3.068	2.633	2.707	3.652	2.933	2.812	3.168	3.203	3.363	3.522	2.787	3.221	3.365	3.076	3.392	3.419	3.750	3.429	3.260	2.844	3.053	2.946	2.988	3.032	3.055	3.061	3.181	2.870	2.796	3.110	3.629	2.773	3.550	4.110	3.245	3.163	3.092	2.990	3.272	3.307	3.362	3.034	3.142	3.001	3.680	2.832	2.677	3.755	3.213	3.263	2.850	2.823	2.858	3.526	3.347	2.836	3.416	2.961	2.800	3.146	2.992	2.857	2.941	3.045	3.293	2.591	3.222	2.882	2.409	3.244	
3.636	3.527	3.611	2.785	3.120	3.060	3.144	3.329	2.774	3.312	4.061	3.667	3.277	2.949	2.997	3.061	3.886	3.071	3.449	3.315	3.538	3.603	3.619	3.004	3.375	3.097	2.899	3.022	2.987	3.019	2.719	3.274	3.426	3.294	3.397	3.150	3.480	3.918	3.320	2.806	3.019	3.555	3.600	3.173	3.631	3.189	3.139	3.094	2.999	2.935	2.930	2.681	3.252	3.500	3.016	3.029	2.977	3.031	3.993	3.108	3.113	4.086	3.686	3.388	3.359	3.137	3.128	3.127	2.997	2.921	3.290	2.956	3.102	3.935	3.089	3.207	3.240	2.896	3.199	3.671	3.195	3.765	3.412	2.934	3.114	3.420	3.884	3.417	3.098	3.230	3.301	3.172	3.202	3.229	3.243	3.624	3.199	3.452	3.037	2.964	3.343	3.006	3.859	4.299	3.911	3.166	3.094	3.140	2.958	3.557	3.566	3.053	3.532	3.040	4.092	3.386	3.422	3.461	3.136	3.111	3.170	2.830	2.759	3.458	3.729	3.399	2.930	2.966	3.261	3.100	3.366	3.002	2.824	3.201	3.436	3.076	3.165	3.210	2.429	3.118	
3.942	3.146	3.686	3.464	3.680	3.670	3.647	3.211	2.856	2.984	3.743	3.388	3.144	3.239	3.256	3.233	3.411	2.589	3.013	3.346	3.637	3.536	3.443	3.374	3.577	3.222	3.253	2.815	3.111	3.362	2.608	2.970	2.880	2.728	3.028	2.715	3.036	3.617	2.994	3.099	3.799	3.570	3.471	3.130	3.641	3.324	3.177	3.070	2.964	3.084	3.024	3.165	3.235	3.246	3.037	2.834	3.101	3.129	4.061	2.985	3.146	3.760	3.658	3.004	3.049	2.971	3.343	3.036	3.026	3.069	3.088	3.293	3.013	3.916	2.897	3.268	3.061	3.211	2.945	3.555	3.601	3.582	3.293	3.283	3.188	2.881	3.781	2.979	3.209	3.010	3.129	3.116	3.379	3.092	3.516	3.296	3.149	3.250	2.638	3.270	3.397	2.896	2.977	3.835	3.205	3.048	2.937	2.881	2.952	2.898	2.693	3.011	3.095	3.231	4.236	3.411	2.902	3.352	3.255	2.828	3.032	2.649	2.843	3.113	3.416	3.009	2.715	3.221	3.447	3.128	3.064	3.147	2.933	3.354	3.650	3.220	3.812	3.078	3.215	3.682	
3.497	3.202	3.460	3.133	3.257	3.222	2.832	3.051	2.909	3.153	3.526	3.169	3.249	3.197	3.065	2.947	3.506	3.026	3.458	2.885	3.658	3.398	3.076	2.820	3.629	3.203	2.919	2.728	3.134	2.891	2.774	2.959	3.178	3.208	3.198	3.284	2.873	3.943	3.003	2.798	3.280	3.315	3.404	3.538	4.044	3.378	3.056	3.409	3.319	2.871	3.096	3.042	3.061	3.366	2.785	3.074	2.958	3.354	4.180	3.171	3.198	3.758	3.634	3.300	3.420	3.492	3.029	3.139	3.447	3.028	2.660	2.866	3.221	3.730	3.121	2.972	2.548	3.141	3.250	3.558	3.015	3.748	4.141	3.289	3.306	3.385	4.135	3.441	3.323	3.796	3.463	3.119	3.093	3.013	3.245	3.223	2.980	3.077	2.670	3.737	3.766	2.863	3.504	4.444	3.801	3.246	3.393	3.610	3.312	3.597	3.238	3.013	2.959	3.250	3.719	3.004	2.812	2.704	3.627	3.177	3.576	3.600	3.133	3.362	3.998	3.389	3.236	3.435	3.269	3.597	3.375	3.072	3.048	2.950	3.510	2.560	3.227	2.753	2.580	3.617	
4.476	3.772	4.193	3.235	3.829	3.126	2.876	3.644	3.256	3.306	3.808	3.220	3.223	3.006	3.219	3.523	3.694	3.224	3.664	3.117	4.228	3.662	3.610	3.100	3.727	3.345	3.339	3.389	3.542	2.928	2.946	3.171	3.295	3.406	3.497	3.377	3.280	3.851	2.886	2.960	3.501	3.510	3.897	4.009	4.242	3.718	3.658	3.636	3.502	3.588	3.258	3.290	3.105	3.592	3.359	3.543	3.647	3.664	4.042	3.668	3.406	3.820	3.530	3.535	3.135	3.374	3.305	3.398	3.549	3.400	3.373	3.548	3.276	4.269	3.016	3.424	3.306	3.661	3.207	3.224	3.619	3.826	4.170	3.594	3.535	3.459	4.402	3.601	3.191	3.445	3.723	3.374	3.468	3.285	3.409	3.630	3.275	3.333	3.080	3.375	3.870	3.185	3.950	4.434	3.775	3.495	3.460	3.418	3.376	3.271	3.441	3.523	3.389	3.482	3.912	3.237	3.134	3.081	3.431	2.862	3.815	3.185	3.456	3.796	4.288	3.479	3.404	3.247	3.336	3.834	3.712	3.661	3.460	3.451	3.393	3.274	4.033	3.029	2.873	3.652	
3.388	2.978	3.535	3.418	3.686	3.402	3.233	3.456	3.234	3.477	3.707	3.346	3.130	3.356	3.482	3.558	3.529	3.023	3.298	3.042	3.196	3.035	2.971	3.427	3.565	3.138	3.380	3.355	3.330	3.278	2.476	3.114	3.645	3.240	3.222	3.466	3.637	3.822	3.031	3.212	2.849	3.296	3.112	3.306	4.216	3.623	3.332	3.493	3.399	3.205	3.528	3.060	3.422	3.960	3.398	3.575	3.769	3.375	4.287	3.495	3.224	3.270	3.268	3.370	3.650	3.815	3.580	3.842	3.158	3.142	3.310	3.325	3.478	4.029	3.736	3.663	3.501	3.590	3.997	3.065	3.070	2.959	3.613	3.295	3.540	3.480	3.781	3.243	3.442	3.450	3.362	3.451	3.574	3.394	3.404	3.403	3.442	3.404	3.880	3.652	3.904	2.764	3.189	4.203	3.510	2.885	2.929	3.158	3.272	3.116	3.161	3.271	2.960	3.267	3.999	3.145	3.414	3.283	3.483	3.390	2.954	2.949	3.351	3.321	3.773	3.078	3.452	3.218	3.126	2.839	3.073	3.286	3.212	3.513	3.354	2.623	3.382	3.164	3.113	3.610	
3.443	2.540	3.032	3.252	3.324	3.255	3.015	3.157	2.951	3.299	3.475	3.718	3.020	3.230	3.199	3.640	3.760	3.169	3.523	3.531	3.318	3.609	3.147	3.396	2.929	3.060	3.082	3.172	3.332	3.105	3.038	3.153	3.149	3.244	3.157	3.576	3.499	4.464	3.325	3.096	3.155	3.098	3.320	3.440	4.064	2.973	3.190	3.076	3.187	3.503	3.270	3.496	3.244	3.457	3.176	3.125	3.116	3.778	3.748	3.135	3.055	3.408	3.682	3.304	3.214	3.077	3.164	3.446	3.381	3.378	3.448	3.416	3.398	3.918	3.520	3.187	3.571	3.290	3.631	2.772	2.752	3.053	3.385	3.250	3.041	2.928	3.543	3.199	3.035	2.899	2.981	3.562	3.309	3.578	3.548	3.862	3.371	3.314	3.391	3.328	3.006	2.816	2.979	3.659	3.174	2.842	3.090	3.175	2.793	3.058	3.043	3.456	3.566	3.583	4.085	3.490	3.361	3.551	3.344	3.507	2.767	3.261	2.780	2.761	3.404	2.446	2.765	3.474	3.161	2.936	2.904	3.668	3.185	3.593	3.556	2.979	3.485	3.288	3.095	3.763	
3.540	2.992	3.080	3.302	3.547	3.413	3.174	3.128	3.138	3.031	3.063	2.917	3.167	3.164	3.323	3.398	3.688	2.850	3.521	3.606	3.373	3.173	2.943	3.299	3.645	3.828	3.141	3.057	2.921	2.955	2.396	2.753	3.170	3.194	3.174	3.229	3.016	3.820	3.196	3.098	3.028	3.358	3.312	3.381	4.355	3.428	3.422	3.303	2.989	2.931	3.015	2.831	3.018	3.196	2.968	3.384	3.629	3.418	4.168	2.599	3.331	3.422	3.564	3.900	3.337	3.373	3.234	3.227	2.804	3.161	3.280	3.239	2.935	3.720	3.021	3.093	3.318	3.303	3.666	2.945	3.107	3.301	3.142	4.233	3.337	3.429	4.304	3.209	2.802	3.160	3.108	2.860	2.939	3.251	2.886	3.036	3.391	3.564	3.944	3.185	3.306	3.520	3.644	4.144	3.352	3.259	3.334	3.111	3.211	3.305	3.124	3.251	3.004	2.861	3.854	3.052	3.299	3.308	3.359	3.491	3.495	3.301	3.147	3.570	3.818	3.083	3.294	3.119	2.850	2.976	3.189	2.700	3.734	3.114	3.608	2.988	3.178	3.162	3.055	3.418	
3.595	3.220	3.375	3.603	3.146	2.921	3.276	2.934	2.845	3.050	3.403	3.252	3.643	3.153	2.934	2.811	3.078	2.541	3.144	3.381	3.629	2.994	3.002	3.136	3.118	3.122	3.181	3.123	3.279	2.931	2.729	3.138	3.397	3.169	3.065	3.078	2.803	3.934	3.278	2.764	3.623	3.451	3.687	3.156	4.051	3.036	2.788	2.972	3.093	3.330	3.124	3.337	3.486	3.308	2.869	2.852	2.779	3.106	3.822	2.877	3.329	2.987	3.498	3.072	2.801	3.099	3.071	3.134	3.751	3.601	3.126	3.382	3.091	3.819	2.929	3.154	2.826	2.953	3.476	3.410	3.177	3.309	3.291	3.708	2.870	3.648	3.667	3.246	3.287	3.813	3.038	3.024	2.994	3.175	3.328	3.584	3.355	3.169	2.992	3.314	3.559	3.080	3.264	3.983	2.997	3.704	3.482	3.325	3.659	3.197	3.372	3.293	3.160	2.872	3.523	3.286	3.136	3.168	3.367	3.288	3.474	3.367	3.332	3.122	4.057	2.983	3.197	3.329	3.251	3.300	3.366	3.107	3.227	3.124	3.644	2.812	3.137	3.368	2.764	3.619	
3.193	2.087	2.825	3.600	3.089	3.000	3.352	3.473	3.006	3.314	3.872	3.480	3.214	3.250	2.843	2.789	3.382	3.086	3.660	3.300	3.203	3.029	2.949	3.103	3.179	3.646	3.339	3.340	3.286	3.224	2.870	2.894	3.022	3.321	3.239	3.531	2.981	4.358	3.392	3.799	2.950	3.511	3.150	3.112	4.066	3.201	3.488	3.037	2.962	3.045	2.838	3.076	3.006	3.309	2.755	3.318	3.237	3.092	4.078	3.381	3.612	3.260	3.657	3.793	3.397	3.252	3.087	2.997	2.707	2.731	3.203	2.971	2.941	3.656	3.009	2.936	3.032	3.276	3.650	3.081	3.178	3.099	3.291	3.479	2.997	3.731	3.593	3.170	2.938	3.062	3.234	3.468	3.105	2.656	3.016	3.046	2.715	3.187	3.573	3.679	3.470	3.124	3.085	3.798	2.840	2.943	3.220	3.310	3.095	3.343	3.363	3.372	3.130	2.889	3.926	3.100	2.773	3.273	3.303	3.424	2.989	3.046	3.128	3.293	3.523	3.168	3.346	3.315	3.097	2.888	3.116	3.415	3.584	3.156	3.584	2.969	3.403	2.737	2.896	3.623	
3.132	2.996	2.820	3.662	3.400	3.139	3.488	3.432	3.118	3.501	3.664	3.254	2.877	3.402	3.235	2.962	3.450	3.602	3.648	3.446	3.412	2.686	3.191	2.889	3.349	3.309	3.286	3.301	3.373	3.165	2.512	3.022	3.432	3.136	3.678	3.603	3.157	4.125	3.603	3.432	3.012	3.443	3.352	3.239	3.940	3.317	3.588	3.532	3.520	3.392	3.362	3.549	3.452	3.418	3.854	3.931	3.843	3.792	4.101	3.325	3.356	3.489	3.316	3.219	3.534	3.483	3.579	3.695	3.815	3.778	3.548	3.573	3.251	4.083	3.583	3.175	3.605	3.655	4.065	3.433	3.281	3.550	3.622	3.960	3.018	3.931	4.057	3.557	3.611	3.481	3.531	3.303	3.527	3.378	3.401	3.477	3.494	3.499	3.381	3.593	3.299	3.302	2.907	3.983	3.214	3.309	3.437	3.505	3.342	3.445	3.371	2.934	3.043	3.186	3.552	3.165	3.415	3.543	3.539	3.336	3.399	2.884	2.929	3.222	3.807	2.976	3.280	3.135	2.518	3.118	2.992	3.064	2.860	3.233	3.387	2.992	3.249	3.267	2.774	3.596	
4.253	3.265	2.874	3.860	3.780	3.447	3.147	3.289	2.925	3.506	3.822	3.215	3.139	2.966	3.320	3.102	3.513	3.228	3.548	3.124	3.503	3.219	3.074	3.326	3.193	3.335	3.378	3.082	3.356	3.070	2.568	2.885	2.681	2.824	3.242	2.952	2.967	3.680	3.446	3.134	3.541	3.368	3.191	3.007	3.813	3.221	3.359	3.233	3.401	3.301	3.375	3.163	2.947	3.097	2.636	3.147	2.987	3.277	3.997	3.246	3.949	3.579	3.370	3.258	3.094	3.249	3.423	3.359	3.313	3.222	2.989	3.140	2.950	3.585	3.150	3.174	3.053	3.281	3.556	3.242	3.830	3.306	3.701	3.841	2.831	3.563	3.858	3.649	3.897	3.390	3.500	3.255	2.965	2.961	2.945	3.402	3.076	3.011	3.484	3.554	3.944	3.285	3.299	3.918	2.895	3.408	3.136	3.382	3.580	3.355	2.905	3.002	2.937	3.283	3.788	3.479	3.224	3.348	3.382	3.598	3.205	2.862	2.950	2.919	3.303	2.843	2.946	3.195	2.807	2.898	3.055	2.881	3.095	3.265	3.554	3.300	3.779	2.997	3.237	3.902	
3.754	3.656	3.193	3.081	4.271	3.350	3.153	3.323	3.102	3.373	3.651	3.506	3.133	3.272	3.059	3.138	3.563	3.153	3.737	3.528	3.276	2.997	3.587	3.050	3.648	3.462	3.196	3.462	3.616	3.072	3.042	2.969	2.911	3.093	3.350	3.353	3.310	4.050	3.701	3.461	3.198	2.775	3.250	3.151	4.080	3.311	3.462	3.565	3.711	3.436	3.408	3.295	3.333	3.658	3.409	3.549	3.737	3.515	4.380	3.364	3.296	3.179	3.229	3.126	3.304	3.298	3.119	3.264	3.053	3.253	3.111	3.193	3.279	4.079	3.566	3.633	3.400	3.634	4.037	2.958	3.234	3.201	3.348	3.608	3.172	2.984	3.395	3.313	3.285	3.333	2.704	3.083	2.971	3.164	3.212	3.592	3.499	3.298	3.570	3.829	3.568	3.277	3.876	3.836	3.215	3.370	3.134	2.901	3.077	2.938	2.572	2.858	3.287	3.135	3.750	3.372	3.113	3.606	3.455	3.174	3.321	3.527	3.364	3.731	4.183	3.361	3.210	2.836	3.003	3.040	3.139	2.992	3.124	3.139	3.240	2.849	3.725	3.208	3.151	3.628	
3.503	2.930	3.385	3.208	3.735	3.197	2.839	2.931	2.960	3.354	3.665	3.592	3.437	3.323	3.121	3.116	3.226	3.243	3.728	3.698	3.220	2.483	3.336	3.152	3.543	3.297	3.027	3.122	3.256	3.247	3.122	3.153	3.374	3.329	3.544	3.198	3.428	4.081	3.750	3.387	2.890	3.631	3.588	3.300	3.934	3.146	3.211	3.048	3.464	3.074	3.135	3.011	3.231	3.530	3.327	3.356	2.990	3.622	4.384	3.394	3.499	3.454	3.307	3.527	3.164	3.401	3.352	3.357	3.325	3.411	3.128	3.131	3.400	4.177	3.223	3.327	3.176	3.532	4.383	3.462	3.525	3.449	3.784	4.117	3.383	3.195	3.991	3.197	3.459	3.497	3.342	3.052	3.147	3.286	3.336	3.222	3.432	3.482	3.741	3.358	3.872	3.676	3.388	3.867	2.994	3.112	3.277	3.211	3.362	3.582	3.435	3.036	3.379	3.091	3.691	3.054	3.232	3.211	3.451	3.436	3.833	3.573	3.506	3.276	3.944	2.989	2.967	3.034	2.750	3.064	3.026	2.515	3.305	3.224	3.573	3.075	3.600	3.169	2.862	3.802	
3.950	3.439	2.894	2.839	3.622	2.757	2.571	3.028	3.062	3.307	3.372	3.235	2.907	2.842	2.874	3.596	3.434	3.271	4.046	3.679	3.416	2.661	2.734	3.203	2.815	3.011	3.101	3.049	2.820	2.875	2.788	2.913	2.892	2.859	3.196	3.418	3.673	4.325	3.835	3.410	3.478	3.241	3.385	3.133	3.703	3.077	2.807	3.196	3.266	3.066	2.934	2.502	2.596	2.971	2.886	3.342	3.334	3.572	4.411	3.371	3.398	3.469	3.508	3.474	2.951	3.183	3.199	3.360	3.197	3.089	3.140	3.001	2.815	3.725	3.171	3.023	2.977	3.423	3.905	2.968	3.310	3.426	3.657	3.913	3.040	3.551	4.278	3.347	3.215	3.374	3.082	2.943	3.042	2.739	2.927	3.034	2.912	3.109	3.766	3.551	4.055	3.269	3.600	3.855	3.572	3.752	3.419	3.241	3.523	2.916	3.048	2.485	3.467	2.850	3.722	3.315	2.978	2.971	3.139	3.777	3.401	3.526	3.346	3.215	3.881	3.032	3.422	3.328	3.140	3.201	2.879	2.829	3.095	3.096	3.295	3.256	3.580	3.015	2.793	3.366	
3.275	3.087	3.351	3.272	3.463	2.699	3.225	2.977	2.928	2.976	3.221	2.774	3.020	3.132	3.510	3.162	3.458	3.162	3.697	3.453	3.238	3.325	3.047	3.821	3.231	3.070	3.169	2.943	2.861	2.602	2.583	2.801	3.263	3.130	3.371	3.374	2.980	3.957	3.657	3.186	2.938	3.021	3.231	2.981	4.053	3.292	3.672	3.320	3.330	2.911	3.080	3.351	3.166	3.342	3.274	3.625	3.021	3.307	4.253	3.393	3.637	3.235	3.595	3.560	3.087	3.448	3.344	3.441	3.138	3.524	3.324	3.730	3.399	4.190	3.081	3.158	3.829	3.668	4.024	3.314	3.073	3.335	3.746	3.855	3.109	3.298	3.282	3.225	3.174	3.189	3.465	3.296	3.369	3.306	2.814	4.035	3.360	3.658	3.719	3.697	3.542	3.103	3.198	3.702	3.176	3.251	2.830	2.841	3.113	3.176	3.049	2.694	3.501	2.925	3.962	3.160	3.483	3.644	3.525	3.171	3.203	2.863	2.817	2.952	3.819	2.990	2.896	2.982	2.730	3.207	3.165	3.341	3.114	3.471	3.685	3.109	3.559	3.307	3.302	4.077	
3.405	2.915	2.907	2.975	3.504	2.899	3.140	2.940	3.244	3.337	3.416	3.270	3.107	3.380	3.335	3.358	3.846	3.181	3.777	3.766	3.084	2.674	2.886	3.586	3.360	3.000	3.432	3.045	3.286	3.258	2.725	3.123	3.241	3.416	3.486	3.540	3.499	4.576	3.304	3.529	3.391	3.457	3.167	3.349	4.455	3.508	3.080	3.348	3.102	2.900	3.277	3.175	3.240	3.705	3.647	3.354	3.613	3.503	4.067	3.652	3.182	3.017	3.381	3.703	3.459	3.533	3.207	3.174	3.404	3.090	3.295	3.445	3.305	3.780	3.099	2.938	3.481	3.097	3.622	3.510	3.424	3.468	3.652	3.919	3.276	2.975	3.865	3.489	3.209	3.375	3.333	3.470	3.320	2.921	3.220	3.903	3.056	3.778	3.124	3.304	3.704	3.305	3.214	3.757	3.377	3.369	2.938	3.550	3.251	3.544	3.299	3.238	3.487	3.179	3.937	3.050	3.158	3.626	3.332	3.643	3.874	3.455	3.255	3.133	3.784	3.157	3.106	3.225	3.211	3.167	3.414	3.377	3.244	3.176	3.136	2.943	3.456	3.660	3.069	4.197	
3.277	2.899	2.991	3.086	3.601	3.212	2.745	3.180	3.015	3.194	3.404	2.606	2.783	3.201	3.126	3.258	3.613	2.796	3.688	3.733	3.296	2.627	3.094	3.433	3.449	3.409	2.964	3.045	3.389	2.968	2.232	2.791	2.932	2.960	3.064	2.969	3.300	4.188	2.787	3.243	3.186	2.909	3.252	3.168	3.958	3.057	3.098	3.207	3.260	2.746	3.331	3.026	3.215	3.439	3.105	3.209	3.178	3.505	3.646	3.695	3.260	3.084	3.820	3.083	3.451	2.929	3.490	3.287	3.231	3.098	3.169	2.947	3.216	3.528	3.189	3.203	3.182	3.059	3.629	3.322	3.409	3.200	3.309	3.569	3.350	3.182	4.031	3.405	3.530	3.581	3.244	3.218	2.688	2.849	3.116	3.500	3.370	3.115	3.316	3.508	3.589	3.277	3.344	3.552	3.433	3.468	3.632	3.373	3.364	3.338	3.232	3.121	3.093	3.198	3.823	3.399	2.850	3.483	3.232	3.527	3.360	3.209	2.862	3.581	4.031	3.037	3.164	3.385	3.129	3.167	3.287	3.334	3.305	3.442	3.424	3.178	3.409	3.191	3.047	3.801	
3.568	3.034	3.181	3.076	3.418	3.125	3.211	2.650	2.751	3.004	3.378	3.256	3.100	3.059	3.060	3.338	3.404	2.965	3.720	3.388	3.168	2.527	3.068	3.086	3.497	3.500	3.209	3.243	3.274	2.960	2.292	3.159	3.049	3.243	3.374	3.148	3.143	3.992	3.271	3.136	3.068	3.143	3.404	3.279	4.204	3.287	3.159	2.953	3.152	3.147	3.060	3.158	3.003	3.320	3.301	3.047	3.000	3.140	3.735	3.090	3.240	3.115	3.437	3.038	3.038	3.096	3.079	3.336	3.297	3.050	2.905	3.154	3.098	3.844	3.046	3.331	2.738	3.219	3.618	3.031	2.764	3.389	3.458	3.292	2.805	3.078	3.474	3.064	2.984	3.031	3.157	3.207	2.955	3.171	3.299	3.202	3.140	3.040	2.876	3.251	3.508	2.641	2.782	3.024	2.904	2.719	2.505	2.851	2.859	3.056	3.062	3.068	3.025	3.258	3.717	3.008	3.077	3.304	3.284	3.207	3.223	2.856	2.622	2.872	3.273	2.913	3.235	2.934	2.841	3.059	2.914	2.798	2.972	3.202	3.533	2.518	3.153	2.964	2.863	3.640	
3.895	3.316	2.929	3.267	3.826	3.304	3.440	3.079	3.140	3.476	3.666	3.360	2.937	2.930	2.904	3.472	3.504	3.011	4.069	3.420	3.096	2.753	2.953	3.560	3.478	3.337	2.939	3.177	3.321	3.187	2.627	2.867	3.405	3.179	3.556	3.709	3.837	4.172	3.535	3.083	3.356	2.953	3.393	3.373	4.093	3.280	3.278	2.992	3.242	3.340	3.171	3.443	3.452	3.658	3.243	3.397	3.719	3.712	4.258	3.150	3.581	3.051	4.039	3.386	3.405	3.482	3.360	3.465	3.538	3.320	3.399	3.332	3.270	3.789	3.093	3.227	3.469	3.666	3.633	3.365	3.561	3.459	3.892	3.901	3.384	3.468	4.036	3.274	3.335	3.396	3.179	3.359	3.673	3.245	3.394	3.533	3.243	3.649	3.483	3.685	3.497	3.174	3.805	4.444	3.404	3.325	3.006	3.230	3.216	3.233	3.167	3.273	3.063	3.392	4.039	3.607	3.303	3.320	3.709	3.253	3.381	3.434	2.979	3.270	4.027	3.188	3.270	3.085	3.210	3.102	3.076	3.114	3.067	3.459	3.517	3.235	3.531	3.404	3.232	3.798	
3.377	2.833	2.831	2.941	3.720	3.079	3.155	3.199	2.698	3.221	3.688	3.480	3.195	3.186	2.836	3.264	3.273	3.092	4.149	3.550	3.131	2.604	3.042	3.034	2.911	3.074	2.826	2.706	3.229	3.224	2.885	2.769	3.452	3.093	3.310	3.364	3.669	4.280	4.110	3.560	3.496	3.538	3.254	3.244	3.843	2.888	3.112	2.927	3.069	3.229	3.146	3.284	2.944	3.598	3.157	3.191	3.594	3.940	4.453	3.314	3.579	3.619	3.455	3.251	3.220	3.287	3.320	3.384	3.295	3.330	3.067	3.349	2.934	4.289	3.578	3.370	3.839	3.526	4.144	3.805	3.453	3.340	3.546	3.703	3.367	3.362	3.651	2.928	3.401	3.311	3.369	3.429	3.107	3.085	3.406	3.757	3.332	3.438	3.606	3.814	3.673	3.037	2.958	3.575	2.907	3.213	3.072	3.187	3.518	3.367	3.288	3.648	3.373	3.448	4.048	3.409	3.390	3.497	3.408	3.539	3.608	3.022	2.750	2.729	3.629	3.140	3.040	3.520	3.244	3.055	3.229	3.127	3.643	3.394	3.648	3.036	3.807	3.424	3.133	4.198	
3.777	3.262	3.417	2.772	3.494	3.121	3.127	3.442	3.088	3.563	3.651	3.299	3.040	3.630	3.589	3.589	3.802	3.186	3.179	3.041	3.326	2.358	2.957	2.962	3.193	3.490	3.269	2.846	2.659	2.942	2.802	2.991	3.161	3.438	3.533	3.306	2.996	4.279	3.524	3.321	3.312	3.289	3.206	2.989	3.597	2.726	2.982	2.943	2.903	2.863	2.414	3.138	2.825	3.316	3.338	3.236	3.544	3.223	4.222	3.375	3.041	2.640	3.270	3.034	2.749	2.590	2.902	2.923	2.813	2.767	3.039	2.962	3.165	4.298	3.040	3.182	3.420	3.473	4.007	3.410	3.209	3.233	3.502	3.211	2.870	3.031	3.459	3.355	3.007	2.810	2.802	3.194	3.300	3.372	3.399	3.336	3.249	3.503	3.643	3.816	3.687	3.296	3.066	3.659	2.802	3.407	3.174	3.074	2.860	2.854	2.763	2.871	3.081	3.273	4.072	3.178	3.424	3.385	3.593	3.268	3.173	2.908	2.818	2.907	3.388	3.560	3.191	3.047	2.584	2.821	2.590	2.873	3.226	3.061	3.960	2.966	3.395	3.013	2.803	3.443	
3.323	3.303	3.023	3.347	3.632	3.392	3.369	3.488	3.207	3.524	3.687	3.398	3.144	3.438	3.384	2.879	2.945	2.754	3.235	2.845	3.107	2.510	2.934	3.193	3.338	3.213	3.475	3.401	3.049	2.863	2.609	3.070	3.286	3.243	3.142	2.903	3.155	3.622	2.941	2.930	3.102	2.808	3.352	3.377	3.990	2.934	3.091	3.017	3.126	3.122	2.961	3.362	3.187	3.349	3.064	2.890	3.053	2.673	4.130	3.124	3.385	3.290	3.343	2.966	3.059	3.417	3.058	3.285	3.261	2.856	2.887	2.954	3.519	3.824	2.905	3.243	3.581	3.166	3.430	3.565	2.772	3.548	3.723	3.653	3.157	3.145	3.730	3.183	3.238	3.264	3.436	3.622	3.372	3.546	3.886	3.498	3.691	3.372	3.653	3.406	3.293	3.005	3.289	3.752	3.367	3.216	3.309	3.274	2.908	3.432	3.260	3.475	3.569	3.236	4.072	3.145	3.186	3.461	3.477	3.372	3.158	3.174	3.042	3.502	3.854	3.281	2.939	3.001	3.070	3.075	3.529	3.485	3.441	3.507	3.749	3.105	3.265	3.095	2.895	3.722	
3.076	3.314	3.217	3.195	3.529	3.307	3.004	3.011	3.206	3.024	3.127	3.076	3.021	2.985	2.962	3.096	3.709	3.355	3.547	3.909	3.153	2.819	3.386	3.508	3.531	3.316	3.220	3.119	2.977	2.500	2.359	2.494	2.751	2.676	3.121	3.531	3.117	3.764	3.570	3.403	2.761	3.105	3.127	3.126	4.323	3.817	3.382	3.162	2.884	2.774	2.783	3.105	2.764	2.962	2.708	2.757	3.339	3.468	4.149	3.280	3.172	2.815	3.480	3.372	3.237	2.872	3.337	2.853	2.597	2.782	2.813	2.755	3.049	3.689	3.190	3.242	3.316	3.263	3.990	3.065	2.813	3.328	3.538	3.605	3.372	3.333	3.853	3.094	2.944	2.657	2.838	2.833	3.050	3.142	3.422	3.655	3.253	3.316	3.407	3.439	3.392	3.209	3.372	3.826	3.412	3.444	3.410	2.887	2.874	2.597	3.189	3.441	3.332	3.047	3.975	3.007	3.105	3.430	3.444	3.539	2.678	3.004	3.317	3.347	3.721	3.495	3.338	3.263	2.767	2.773	3.156	3.262	3.241	3.340	3.368	3.130	3.180	3.104	2.681	3.719	
3.081	2.491	2.886	3.172	3.349	2.913	3.090	3.418	2.994	3.553	3.778	3.415	3.219	2.984	3.262	3.120	3.287	3.012	3.818	3.029	2.840	2.143	3.050	2.806	3.006	3.258	3.262	3.026	3.312	2.953	2.469	3.115	3.206	3.012	3.104	2.652	2.957	3.548	3.300	3.255	3.150	2.575	2.647	2.616	3.888	3.377	3.243	3.332	3.469	3.208	3.327	3.162	3.014	3.313	2.965	3.279	3.122	3.278	4.405	2.878	2.607	2.906	3.092	3.272	3.090	3.387	3.518	3.625	3.259	3.397	3.478	3.386	3.043	3.974	3.193	3.430	2.950	3.211	3.767	3.134	2.786	3.210	3.299	3.422	3.366	3.573	4.171	3.294	3.523	3.456	3.396	3.265	3.667	3.125	3.520	3.364	3.169	3.330	3.532	3.309	3.472	3.004	3.294	3.823	3.478	3.469	3.412	3.227	3.350	3.390	3.337	3.056	3.577	3.515	4.052	2.940	3.046	3.232	3.602	3.220	3.018	2.958	3.039	3.056	3.568	3.386	3.801	3.236	3.283	3.238	3.410	3.285	3.432	3.557	3.442	2.969	3.307	3.128	2.961	3.303	
3.205	3.279	3.580	3.442	3.530	3.206	3.062	2.859	2.494	3.403	3.288	3.119	2.919	2.773	3.048	3.015	3.098	2.578	3.296	3.330	3.116	2.749	3.657	3.620	3.273	3.331	2.952	2.852	3.059	2.710	2.696	2.797	2.856	3.080	2.918	3.351	2.719	3.852	3.480	3.238	3.093	3.161	3.388	3.572	4.366	3.493	3.502	3.159	3.030	3.278	2.879	3.186	2.708	2.855	2.743	2.815	3.304	3.228	4.542	2.953	3.448	3.436	3.425	3.902	3.439	3.352	3.158	3.384	3.397	3.538	3.689	3.228	3.104	3.627	3.005	2.969	3.050	3.052	3.739	3.208	3.449	3.499	2.942	3.718	3.471	3.157	3.816	3.562	3.455	3.400	3.272	3.310	3.506	3.461	3.451	3.668	3.351	3.099	3.816	3.561	3.953	3.085	3.217	4.128	3.139	3.273	3.220	3.409	3.190	3.224	3.440	3.415	3.609	3.505	3.995	2.989	3.156	3.589	3.478	3.452	3.259	3.150	2.891	3.223	3.376	2.964	2.977	2.778	3.202	3.157	3.019	3.347	3.782	3.519	4.364	3.234	3.341	3.140	2.540	3.537	
3.501	3.039	3.608	3.830	4.008	3.368	3.106	3.278	3.299	3.225	3.713	3.464	3.063	3.018	3.242	3.227	3.386	2.869	3.755	3.533	3.640	3.098	3.933	3.756	3.850	3.508	3.202	3.364	3.424	3.168	2.821	3.290	3.406	3.313	3.170	2.743	3.427	3.952	3.498	3.292	3.601	3.493	3.977	3.475	4.096	3.469	3.611	3.235	3.356	3.401	3.505	3.530	3.315	3.878	3.505	3.106	3.435	3.308	4.043	3.311	3.363	3.349	3.526	3.653	3.450	3.753	3.575	3.459	3.514	3.571	3.757	3.137	3.211	3.899	3.213	3.253	3.227	3.229	3.873	3.369	3.606	3.503	3.337	4.403	3.678	3.492	4.309	3.493	3.171	3.310	3.382	3.359	3.064	3.178	3.329	3.693	3.362	3.539	3.169	3.148	3.737	3.519	3.553	3.879	3.523	3.715	3.391	3.458	3.580	3.311	3.333	3.445	3.488	3.376	4.013	3.136	3.361	3.727	3.244	3.566	3.418	3.392	3.502	3.180	3.939	3.557	3.403	3.354	3.123	3.268	3.260	2.779	3.674	3.280	3.555	2.939	3.547	3.381	3.149	3.709	
3.553	2.961	2.728	3.073	3.872	3.115	3.312	3.310	2.772	2.979	3.297	3.177	3.183	3.420	3.327	3.392	3.633	3.278	3.801	3.437	3.313	2.700	3.057	3.158	3.666	3.628	3.167	3.033	3.386	2.979	2.780	3.008	2.834	3.266	3.178	3.575	3.499	4.047	3.777	3.389	3.121	3.121	3.276	2.838	4.150	3.371	3.119	3.352	3.574	3.083	3.089	3.003	2.968	3.344	3.371	3.410	3.791	3.757	4.170	3.572	3.130	3.333	3.241	3.241	3.373	3.212	3.403	3.442	3.360	3.243	3.508	3.120	3.495	3.971	3.430	3.521	3.162	3.841	3.843	3.177	3.490	3.385	3.376	3.418	3.529	3.232	3.680	3.654	3.518	3.171	3.488	3.337	3.309	3.489	3.556	3.634	3.219	3.487	3.362	3.571	3.672	3.580	3.026	3.923	3.473	3.542	3.491	3.472	3.200	3.842	3.731	3.479	3.500	3.262	4.020	3.677	3.257	3.704	3.760	3.576	3.176	3.312	3.144	3.092	3.758	3.400	3.536	3.743	3.318	3.672	3.765	3.525	3.649	2.970	3.637	3.129	3.705	3.503	3.143	4.009	
3.684	3.040	3.128	3.073	3.510	3.138	3.147	3.286	3.179	3.501	3.665	3.103	2.868	3.393	3.232	3.273	3.751	3.489	3.827	3.457	2.949	2.865	2.962	3.158	3.219	3.388	3.227	3.253	3.429	3.264	2.662	2.886	3.121	3.027	3.287	3.353	3.550	3.850	3.446	2.986	3.237	3.225	3.055	3.199	4.121	3.414	3.011	3.345	3.374	3.209	3.379	3.453	3.247	3.444	3.378	3.451	3.312	3.229	3.859	3.339	3.139	3.315	3.563	3.334	3.294	3.239	3.682	3.330	3.393	3.217	3.071	3.232	3.176	3.590	3.277	3.340	3.686	3.303	3.727	2.996	2.894	3.150	3.069	3.391	2.987	3.096	3.714	3.250	3.681	3.232	3.057	3.590	3.342	3.182	3.228	3.827	3.398	3.399	3.605	3.225	3.393	3.422	3.183	3.743	3.359	3.182	3.356	3.167	3.502	2.832	3.167	3.033	2.877	3.599	3.961	3.346	3.714	3.722	3.255	3.136	3.226	3.269	3.408	3.156	3.444	2.859	2.927	3.206	2.661	2.925	3.275	3.032	2.850	3.166	3.765	3.117	3.441	3.832	3.064	3.915	
3.556	2.591	3.061	3.178	3.860	3.567	3.164	3.278	2.856	2.952	3.107	3.166	3.057	2.947	2.962	2.962	3.750	2.889	3.887	3.419	3.235	2.597	3.245	3.082	3.641	3.235	3.206	2.994	3.248	3.150	2.650	2.977	3.107	3.295	3.259	3.429	3.197	3.532	3.341	3.171	2.836	3.132	3.284	3.476	3.994	3.256	3.284	3.470	3.450	3.252	3.515	3.421	3.019	3.435	2.946	3.491	3.216	3.743	4.291	3.145	3.174	3.589	3.465	3.687	3.029	2.967	3.112	3.401	3.339	3.208	3.309	3.282	3.039	3.803	3.038	3.048	2.835	3.443	3.719	2.891	3.132	3.091	3.034	3.312	3.791	3.138	4.333	3.134	3.206	3.192	3.160	3.386	3.364	3.428	2.802	3.637	3.374	3.423	3.005	3.085	3.481	2.894	3.050	3.606	3.475	3.409	3.214	3.315	3.267	3.194	3.477	3.229	3.363	3.222	4.210	3.355	3.326	3.090	3.108	3.010	3.066	3.087	2.541	2.966	3.579	3.132	3.397	2.991	2.966	3.333	3.367	3.230	3.668	3.562	3.461	3.140	3.365	3.267	2.835	3.445	
3.589	3.047	2.979	3.279	3.631	3.260	3.068	3.240	2.841	3.166	3.627	3.237	3.258	3.253	3.214	3.621	3.904	3.016	4.083	3.266	3.107	2.835	3.613	3.319	3.501	3.374	3.128	3.197	3.405	3.054	2.517	2.887	2.798	3.117	3.789	3.785	3.734	4.152	3.621	3.013	3.120	3.413	3.289	3.153	4.257	3.346	3.371	3.232	3.127	3.155	2.817	3.179	2.855	3.594	3.434	3.737	3.658	3.529	4.008	3.031	3.310	3.504	3.490	3.988	3.321	3.213	3.568	3.532	3.125	3.304	3.281	3.174	2.877	4.455	3.675	3.551	3.473	3.688	3.873	3.229	3.651	3.189	3.651	3.448	3.540	3.670	3.876	3.125	3.220	3.242	3.111	3.243	3.144	3.127	3.262	3.082	3.368	3.455	3.352	3.179	3.676	3.447	3.917	4.213	3.442	3.381	3.071	3.172	3.149	3.113	3.381	3.230	3.243	2.673	3.602	3.071	3.304	3.779	3.475	3.230	3.496	3.528	3.324	3.523	3.951	3.543	2.767	3.298	3.263	3.033	3.484	3.415	3.555	3.122	3.369	2.570	3.166	3.285	2.866	3.693	
3.768	3.127	3.118	2.689	3.698	3.109	3.341	3.217	3.076	3.238	3.434	3.394	3.174	2.945	3.045	3.088	3.397	2.802	4.138	3.445	3.205	2.758	3.424	3.230	3.548	3.384	3.207	3.306	3.149	2.725	2.602	3.126	3.419	3.428	3.043	2.838	2.971	3.938	3.301	3.268	3.240	3.229	3.016	3.494	4.157	3.601	3.376	3.432	3.412	3.314	3.107	3.503	3.230	3.658	3.163	3.156	3.154	3.347	4.012	3.498	3.108	2.940	3.467	3.838	2.600	3.063	2.917	3.221	3.215	3.282	3.606	3.467	3.421	3.990	3.271	3.044	3.569	3.579	3.845	3.537	3.488	3.155	3.095	3.401	3.565	3.323	3.938	3.436	3.365	3.533	3.171	3.452	3.480	3.105	3.331	3.555	3.115	3.049	3.526	3.411	3.170	3.068	3.424	3.445	3.268	3.373	3.421	3.250	3.366	3.269	3.129	3.247	3.342	3.431	3.845	3.286	3.329	3.381	3.306	3.417	2.995	3.509	3.346	3.316	3.853	3.307	2.829	3.164	3.238	3.304	3.084	3.123	3.196	3.279	3.579	3.195	3.472	3.285	2.716	3.598	
3.250	3.141	2.937	3.183	3.782	3.280	3.394	3.140	3.131	3.566	3.658	3.350	2.948	3.138	3.199	3.183	3.933	3.286	3.645	3.647	3.127	2.828	3.209	3.544	3.086	3.161	3.195	2.851	2.714	2.865	2.424	2.831	3.042	2.943	3.223	3.490	3.536	3.948	3.566	3.709	3.071	2.777	2.970	3.278	4.259	3.400	3.087	3.046	3.030	3.287	2.858	3.520	3.656	3.447	3.377	3.457	3.671	3.651	4.106	3.924	3.267	3.253	3.100	3.839	2.948	3.111	3.526	3.424	3.310	3.198	3.261	3.374	3.576	4.015	3.345	3.166	3.156	3.442	4.059	3.290	2.806	3.662	3.446	3.681	3.615	3.673	3.869	3.795	3.248	2.970	3.346	3.465	3.348	3.344	3.288	3.892	3.392	3.722	3.455	3.802	3.240	3.507	3.428	4.356	3.366	3.152	3.312	3.256	3.334	3.011	3.663	3.372	3.347	3.508	4.207	3.458	3.538	3.514	3.490	3.551	3.447	3.457	3.231	3.266	3.838	3.113	3.370	3.271	3.063	3.045	3.203	3.480	2.912	3.569	3.127	3.289	3.825	3.310	2.924	3.911	
3.963	3.303	3.335	3.301	3.949	3.223	3.537	3.334	3.262	3.382	3.506	3.644	3.463	3.368	3.078	3.420	3.590	2.816	3.320	3.046	3.478	2.986	3.191	3.360	3.644	3.488	2.967	3.444	3.163	3.017	2.875	3.232	3.449	3.253	3.229	3.323	2.805	4.037	3.012	3.287	3.220	3.205	3.332	3.489	4.096	3.360	3.333	3.092	3.053	3.183	3.294	3.306	3.479	3.776	3.267	2.989	3.358	3.590	4.033	3.050	3.453	3.430	3.608	3.851	3.039	3.337	3.072	2.921	3.248	2.934	3.028	3.444	3.461	4.350	3.284	3.111	3.235	3.297	3.403	2.967	3.360	3.848	3.768	3.441	3.812	3.673	3.890	3.035	3.068	3.042	3.164	3.047	3.217	3.203	3.407	3.543	3.121	3.337	3.302	3.691	3.889	3.306	3.542	4.418	3.192	3.325	3.407	3.146	3.089	2.975	2.622	3.158	2.998	2.963	3.753	3.155	3.354	3.228	3.167	3.305	3.377	3.357	3.278	2.755	3.810	2.884	3.048	3.387	3.072	3.127	2.759	3.175	3.311	3.233	3.176	2.893	3.720	3.235	3.393	3.599	
3.359	3.009	3.099	3.284	3.823	3.201	3.162	3.377	3.039	3.324	3.356	3.347	3.100	3.101	3.633	3.058	3.712	3.325	3.561	3.181	3.328	2.700	3.489	3.501	3.330	3.250	3.364	2.977	3.128	3.036	2.965	3.093	3.048	2.938	3.555	3.126	2.819	4.208	3.444	2.853	3.732	3.321	3.585	3.410	4.264	3.325	3.151	3.164	2.988	3.197	3.280	3.218	3.123	3.458	2.863	3.003	3.382	3.157	3.951	3.457	3.562	3.348	3.563	3.702	2.895	3.496	3.635	3.048	2.973	3.324	3.251	3.489	3.448	3.582	2.855	3.172	3.219	3.425	3.827	3.392	3.787	3.348	3.464	3.622	3.824	3.530	4.061	3.485	3.175	3.168	3.072	3.478	3.137	3.255	2.996	3.381	3.115	3.200	3.398	3.529	3.803	3.254	3.341	3.833	3.675	3.607	3.425	3.235	2.903	3.229	3.254	3.097	3.164	2.960	3.436	3.500	3.150	3.136	3.316	3.147	3.093	3.322	3.201	3.445	4.017	3.436	3.409	3.322	3.503	3.239	3.698	3.371	3.408	3.057	3.110	2.802	3.456	3.098	2.851	3.606	
3.654	3.184	3.501	3.030	3.845	2.938	3.190	3.205	3.114	3.027	3.477	3.184	3.004	3.430	3.097	3.055	3.490	3.405	2.902	3.238	3.248	3.028	3.311	3.563	3.266	3.293	3.076	3.054	3.116	3.116	2.393	3.176	2.962	3.183	2.919	3.207	2.848	4.306	3.625	3.291	3.407	3.292	3.376	3.538	4.041	3.550	3.338	3.081	3.385	3.408	3.042	2.773	2.718	3.271	2.885	3.018	3.054	3.315	4.063	3.202	3.426	3.219	3.481	3.759	2.933	3.191	3.372	3.160	3.461	3.415	3.140	3.348	2.906	3.506	3.200	3.194	2.883	3.103	3.913	3.097	3.432	3.490	3.404	3.443	3.840	3.658	3.815	3.574	3.587	3.326	3.405	3.414	3.401	2.913	3.025	3.606	3.318	3.347	3.525	3.303	3.499	3.506	3.463	3.951	3.306	3.064	2.952	3.080	3.412	3.396	3.443	3.430	2.760	3.015	4.119	3.002	2.847	3.360	3.089	3.159	3.354	3.295	3.399	2.892	3.398	2.943	3.013	3.362	3.698	3.245	3.423	3.835	3.027	3.210	3.564	3.167	3.240	2.927	3.105	3.981	
3.625	3.422	3.718	3.337	3.911	3.175	3.439	3.199	3.319	3.344	3.847	3.318	3.455	3.279	3.489	3.493	3.678	3.682	3.410	3.161	3.158	2.930	3.763	3.444	3.505	3.688	3.427	2.993	3.067	3.503	3.349	3.525	3.228	3.599	3.351	3.162	3.261	4.376	3.175	2.927	3.305	3.043	3.113	3.240	4.217	3.578	3.435	3.463	3.026	3.232	3.582	3.365	3.009	3.456	3.662	3.276	3.545	3.370	3.771	2.955	3.529	3.299	3.189	3.600	3.087	3.644	3.118	2.870	3.328	3.053	3.369	3.453	3.378	4.345	3.318	3.349	3.484	3.535	3.620	3.028	3.347	3.051	3.187	3.283	3.703	3.294	4.125	3.614	3.454	3.382	3.278	3.685	3.413	3.443	3.646	3.921	3.385	3.560	3.350	3.399	3.619	3.431	3.426	3.752	3.277	3.486	3.407	3.580	3.519	3.397	3.394	3.303	3.384	3.684	4.448	3.435	3.403	3.404	3.317	3.185	3.192	3.102	3.181	3.241	3.757	2.877	3.083	2.975	3.286	3.530	3.406	3.491	3.278	3.898	3.648	3.465	4.132	3.409	3.279	3.492	
3.277	3.195	3.236	3.445	3.896	3.256	2.789	2.926	3.046	3.154	3.344	3.347	2.875	3.483	3.427	3.409	3.666	3.378	3.563	3.205	2.830	2.881	2.836	3.133	3.372	3.182	3.100	3.206	3.197	2.983	2.438	2.726	2.838	3.191	3.406	3.195	3.037	4.079	3.553	3.141	3.165	3.110	3.144	3.160	4.036	3.133	3.289	3.334	3.094	2.965	3.007	3.216	2.829	3.481	2.991	3.300	3.284	3.659	4.005	2.817	3.763	3.228	3.729	3.644	2.867	2.923	2.865	3.039	3.076	3.159	3.145	3.346	3.135	3.947	2.949	3.445	3.660	3.321	3.670	3.079	3.364	3.097	2.852	3.311	3.442	3.043	3.424	2.986	2.671	2.893	2.911	2.977	3.241	3.026	3.079	3.364	3.403	3.505	3.782	3.480	3.961	3.156	3.305	3.738	3.425	3.221	2.732	2.663	2.868	2.692	2.771	3.061	3.080	3.065	3.980	3.189	3.238	3.297	3.504	3.331	3.481	3.033	2.990	3.108	3.573	3.164	2.444	2.869	2.756	3.015	2.433	2.852	2.896	2.781	3.299	3.258	3.796	3.298	2.996	3.496	
3.588	3.268	3.251	3.180	3.987	3.156	3.336	3.161	2.926	3.385	3.604	3.184	3.197	3.331	3.301	3.267	3.627	3.495	3.196	3.373	2.819	2.878	3.751	3.212	3.691	3.475	3.175	3.355	3.361	2.847	2.745	3.082	3.470	3.193	2.984	3.543	2.909	4.502	3.551	3.405	3.372	3.147	3.501	2.907	4.201	3.600	3.152	3.511	3.315	3.435	3.101	3.620	3.354	3.690	3.444	3.329	3.270	3.409	4.115	2.971	3.095	3.417	3.329	3.968	2.988	3.433	3.534	2.958	3.321	3.317	3.356	3.820	3.396	3.754	3.155	3.470	3.247	3.458	3.587	3.212	2.816	3.056	2.623	3.389	2.976	2.948	3.834	3.256	3.011	3.267	3.093	3.263	3.504	3.501	3.316	3.543	3.365	3.485	3.634	3.338	3.285	3.184	3.433	3.881	3.275	3.318	2.953	3.373	3.263	3.108	2.802	2.718	2.931	3.316	3.988	3.515	3.391	3.524	3.516	3.420	2.735	3.373	3.450	3.370	3.626	2.854	3.008	2.843	2.808	3.115	3.017	2.619	2.994	3.139	3.820	3.282	3.546	3.415	3.467	3.741	
3.723	3.296	3.273	3.235	3.892	2.793	3.226	3.479	2.839	3.724	3.426	3.436	3.062	3.028	3.230	3.267	3.669	3.689	3.798	3.514	3.229	2.972	3.517	3.091	3.657	3.489	3.346	3.447	3.566	3.296	3.176	3.414	3.555	3.177	3.647	3.400	3.141	4.492	3.607	3.240	3.439	3.381	3.361	3.110	4.139	3.201	3.433	3.739	3.191	3.272	3.315	3.096	3.066	3.705	3.727	3.326	3.381	3.613	4.091	2.930	3.382	3.607	3.804	3.506	3.021	3.261	3.130	3.104	2.877	3.273	2.822	2.962	2.975	3.793	3.455	3.264	3.307	3.721	3.910	2.970	3.170	3.573	3.335	3.849	3.477	3.247	4.038	2.944	2.790	3.101	3.267	3.018	2.661	3.116	3.313	3.628	3.570	3.519	3.637	3.599	3.880	3.602	3.510	4.148	3.457	3.119	3.457	3.419	3.186	3.453	3.457	3.353	3.291	3.380	3.865	3.222	3.089	3.497	3.075	3.176	3.589	3.472	3.329	3.502	3.748	2.834	3.007	3.236	3.036	3.559	3.148	3.109	3.276	3.331	3.252	3.236	3.624	3.200	2.805	3.428	
3.690	3.305	3.183	3.005	3.606	2.985	3.046	3.524	2.562	3.347	3.175	3.114	3.071	3.268	2.983	3.327	3.599	2.952	3.551	3.256	2.898	3.449	3.151	3.574	3.696	2.999	3.322	3.043	2.909	2.863	3.122	3.058	3.313	3.150	3.080	3.592	3.461	3.904	3.227	3.101	3.296	3.299	3.207	3.170	4.161	3.324	3.032	2.959	2.898	2.732	3.042	2.836	3.292	3.737	3.262	3.063	3.265	3.365	3.632	3.217	3.189	3.459	3.866	3.475	2.738	2.795	2.937	2.935	2.973	2.624	2.685	2.733	3.070	3.861	3.478	3.048	2.970	3.185	3.342	3.053	3.023	3.057	3.206	3.711	3.499	3.483	3.880	3.196	2.863	2.612	2.931	2.875	3.019	2.625	2.675	3.018	3.018	2.617	3.008	3.206	3.729	3.400	3.480	4.530	3.837	3.397	3.200	2.985	2.813	2.950	2.877	2.634	2.788	3.046	3.722	2.925	2.897	3.107	2.808	3.201	3.051	3.220	3.051	3.291	3.951	3.368	3.258	3.247	2.837	2.923	2.762	2.987	2.895	2.995	3.445	2.712	3.100	2.977	2.867	3.244	
3.389	3.041	2.923	2.949	3.593	2.996	2.881	3.269	3.239	3.895	3.291	3.536	3.044	3.404	3.534	3.543	4.101	3.493	3.605	3.254	2.786	3.069	3.470	3.790	3.654	3.109	3.159	3.196	2.895	2.961	3.099	3.007	3.157	3.058	3.468	3.619	3.468	3.579	2.814	2.750	2.784	3.212	3.339	3.369	4.198	2.968	3.062	2.746	2.945	2.879	2.990	3.154	3.218	3.412	3.468	3.780	3.302	3.430	3.727	2.757	2.966	3.355	4.067	3.692	3.101	2.873	2.995	2.958	3.077	3.010	2.825	2.971	3.103	4.137	3.258	3.349	3.465	3.199	3.163	2.893	3.049	3.099	2.981	3.259	3.439	3.441	4.242	3.720	3.103	3.372	3.244	3.251	3.313	3.193	3.482	3.576	3.203	3.551	2.960	3.120	3.434	3.193	3.254	4.271	3.197	3.376	3.250	3.634	3.563	3.127	3.413	3.562	3.003	3.072	3.885	2.779	3.395	3.640	3.324	3.312	2.941	2.980	3.208	3.216	3.877	3.228	3.518	3.386	3.597	3.448	3.227	3.752	3.580	3.612	3.568	2.717	3.148	3.465	3.072	3.929	
3.919	3.280	3.381	3.424	3.689	3.527	3.529	3.642	2.752	3.858	3.202	2.894	3.295	3.086	3.071	3.212	3.809	2.583	3.381	3.396	3.059	3.308	3.270	3.204	3.523	3.745	3.302	3.366	2.851	3.011	2.940	2.989	3.007	3.189	3.081	3.317	3.168	3.623	3.334	3.495	3.563	3.100	3.520	3.381	4.151	3.019	3.308	3.302	3.332	2.932	2.808	2.842	2.861	3.589	3.371	3.178	3.142	3.173	4.205	3.458	3.520	3.016	3.732	3.378	3.043	3.117	2.848	2.809	2.933	2.961	3.124	2.993	3.035	3.659	3.461	3.386	3.413	3.460	3.657	3.308	3.332	3.188	2.988	3.473	3.837	3.625	3.977	3.009	2.819	2.860	3.503	3.248	3.199	3.201	3.335	3.890	3.150	3.549	3.467	3.478	3.577	3.498	3.746	4.167	3.577	3.219	3.232	3.532	3.271	3.337	3.238	3.535	3.383	3.147	4.179	3.280	3.532	3.209	3.211	3.344	3.412	3.424	3.083	3.288	4.159	3.225	3.058	2.842	3.272	3.230	3.500	3.727	3.864	3.477	3.655	3.128	3.420	3.430	2.758	3.573	
3.854	3.187	3.231	3.258	3.844	3.202	3.580	3.168	2.744	3.612	3.455	3.419	3.093	3.343	2.927	2.791	3.351	3.459	3.683	3.538	3.184	3.310	3.449	3.163	3.586	3.497	3.124	2.935	3.328	2.912	3.224	3.040	3.181	3.417	3.475	3.235	3.450	4.179	3.412	3.463	3.690	3.395	3.553	3.503	4.274	3.490	3.612	3.408	3.657	3.571	3.117	3.250	3.117	3.602	3.207	3.210	3.077	3.321	4.193	3.882	3.708	3.293	3.949	3.633	3.370	3.455	2.761	3.685	3.415	3.425	2.787	3.370	2.957	3.933	3.325	3.056	3.311	3.110	3.958	3.564	3.799	3.355	3.450	3.755	3.931	3.168	3.737	3.050	3.158	2.917	3.042	2.972	2.853	3.008	3.293	3.118	2.974	3.234	3.305	3.584	4.071	3.553	3.581	4.554	3.484	3.542	3.118	2.840	3.035	3.021	3.031	3.047	2.904	3.013	3.644	3.038	3.131	3.318	3.303	3.514	3.364	3.635	3.386	3.297	3.584	3.009	3.124	2.926	2.550	2.620	2.607	2.669	2.920	2.812	3.223	2.641	3.155	3.505	2.623	3.502	
3.376	3.303	3.526	3.581	3.774	3.228	3.726	3.579	3.031	3.938	3.574	3.199	3.120	3.362	3.419	3.137	3.156	2.525	3.078	3.747	3.000	3.314	3.503	3.194	3.883	3.562	3.088	3.283	3.499	3.315	3.385	3.130	3.578	3.333	2.733	2.563	3.073	4.086	3.081	3.704	3.221	3.113	3.248	3.496	3.934	3.539	3.506	3.324	3.439	3.266	2.886	3.316	3.363	3.755	3.144	2.785	3.224	3.308	4.281	3.122	3.285	3.223	3.931	3.586	3.468	3.221	2.958	2.884	3.228	3.038	3.324	3.198	3.501	4.149	3.178	2.965	3.080	3.403	3.873	2.979	3.423	3.119	2.864	3.443	3.781	3.607	3.839	3.158	3.188	3.052	3.179	3.153	3.385	2.984	2.874	3.605	3.219	2.985	3.479	3.463	3.335	3.013	3.465	3.946	3.240	2.996	3.138	2.932	3.090	3.320	3.258	3.141	3.493	3.422	3.886	3.206	3.004	3.586	3.360	3.229	3.053	3.177	2.710	3.297	3.076	3.103	3.016	2.894	3.454	3.000	2.983	2.973	3.106	3.146	3.505	2.921	3.465	3.544	2.792	3.802	
3.922	3.434	3.043	3.332	4.074	3.275	3.082	3.248	2.863	3.515	3.181	3.436	3.163	3.044	3.103	3.531	3.577	3.051	4.023	3.529	2.944	3.109	3.252	3.297	3.389	3.491	3.314	3.244	3.111	3.226	3.301	3.389	3.071	3.278	3.308	3.554	3.164	4.221	3.894	3.529	3.764	3.283	3.186	3.297	4.072	3.319	3.291	3.340	3.261	3.245	3.060	2.906	2.971	3.335	3.064	3.356	3.487	3.499	4.184	3.636	3.527	3.247	3.672	3.483	2.947	3.151	2.603	2.822	2.719	3.081	3.228	3.010	3.069	4.183	3.210	3.234	3.105	3.222	4.272	3.277	3.581	3.443	2.846	3.382	3.516	3.270	3.672	2.987	2.572	3.087	2.977	3.087	3.253	3.453	3.658	3.365	3.346	3.054	3.456	3.639	3.771	3.005	3.410	4.164	3.736	3.255	3.202	2.992	3.103	2.936	3.020	2.989	2.846	3.195	3.845	2.953	3.199	3.191	3.159	3.078	3.510	3.186	3.123	3.273	3.954	2.985	2.764	3.134	2.943	3.018	3.236	2.680	3.145	3.408	3.626	2.705	3.360	2.753	2.631	3.410	
3.758	3.153	3.008	3.366	3.804	3.178	3.196	3.746	2.888	3.946	3.239	3.206	3.167	2.981	3.085	3.321	3.333	3.062	3.696	3.139	2.999	3.304	3.067	3.354	3.316	3.408	2.997	3.244	3.171	2.952	3.039	3.164	3.252	3.038	3.366	3.554	3.220	3.524	3.349	3.092	3.353	3.477	3.310	3.328	3.959	3.242	3.116	3.209	3.267	2.810	2.940	2.727	2.779	2.950	3.294	2.914	3.014	2.850	4.113	3.410	3.378	3.469	3.528	3.577	3.570	3.427	2.789	3.440	3.257	2.675	2.972	3.063	2.766	3.528	2.500	2.905	3.029	3.288	3.711	3.295	3.298	3.699	3.568	3.869	3.649	3.422	3.911	3.018	2.995	3.173	3.135	3.200	2.721	2.708	2.683	3.358	2.812	3.095	3.532	3.362	3.559	3.791	3.602	4.370	3.509	3.649	3.352	3.046	3.008	3.225	3.421	3.015	2.739	2.854	3.525	3.033	2.655	3.249	3.365	3.223	3.331	3.537	3.417	3.481	4.168	3.678	3.567	3.187	2.971	2.940	2.992	3.020	2.989	3.053	3.313	3.126	3.350	3.092	2.576	3.435	
3.505	3.214	3.092	3.603	3.762	3.117	3.072	3.287	3.243	3.746	3.514	3.324	3.331	3.351	3.297	3.110	3.698	3.138	3.417	3.478	2.973	2.935	3.578	3.388	3.490	3.109	2.943	3.637	3.766	3.332	3.720	3.555	3.501	3.248	3.521	3.170	3.300	4.390	3.762	3.266	3.568	3.366	3.329	3.539	4.015	3.270	3.344	3.425	3.461	3.630	3.435	3.596	3.629	3.749	3.396	3.228	3.382	3.583	3.838	3.283	3.262	3.342	3.236	3.567	3.728	3.590	3.144	3.454	3.221	3.290	3.249	3.198	3.277	3.756	3.142	3.158	3.492	3.725	3.878	3.163	3.095	3.255	3.301	4.022	3.471	3.282	4.485	3.523	3.410	3.498	3.405	3.528	3.350	3.147	3.131	3.522	3.194	3.338	3.454	3.071	3.504	3.447	3.266	4.218	3.542	3.369	3.751	3.434	3.696	3.357	3.156	3.161	2.705	2.909	3.640	3.310	3.545	3.710	3.224	3.256	3.083	3.517	3.316	3.336	4.188	3.732	3.517	3.651	3.137	3.570	2.969	3.413	3.633	3.243	3.703	3.181	3.877	3.317	3.195	4.063	
3.653	3.768	3.235	3.493	3.816	3.147	3.355	3.275	2.505	3.827	3.307	2.683	3.190	2.949	3.260	3.275	3.586	3.135	3.450	2.638	2.768	3.480	3.521	3.312	3.522	3.123	3.295	3.199	2.809	3.069	2.765	3.149	3.217	3.168	3.392	3.128	3.139	3.508	3.142	3.136	3.244	2.841	3.257	3.173	3.799	3.400	3.272	3.168	2.999	2.803	3.096	2.882	3.216	3.867	3.264	3.398	3.283	3.036	3.809	3.181	3.198	3.149	3.418	3.522	2.984	3.039	2.575	2.952	2.822	2.936	2.936	3.186	3.241	4.452	3.566	3.590	3.028	3.461	3.288	3.019	3.075	2.986	3.251	3.622	3.376	3.315	3.682	2.769	3.025	2.656	2.799	3.031	3.548	3.357	3.278	3.266	3.645	3.200	2.960	3.261	3.405	2.869	3.192	3.872	3.283	2.917	3.141	2.981	2.864	2.876	2.922	3.208	3.214	3.671	3.762	3.118	3.054	3.121	3.107	3.178	3.073	3.256	3.273	3.219	3.705	2.988	3.160	2.855	2.828	2.960	3.240	3.304	3.494	3.234	3.600	3.009	3.552	2.830	2.865	3.510	
3.048	3.439	3.371	3.204	3.886	3.056	3.182	2.967	2.583	3.656	3.394	3.323	3.172	3.016	3.303	3.046	3.151	3.126	3.610	3.268	2.661	3.063	3.510	3.381	3.260	3.495	3.155	3.290	2.986	3.038	3.159	2.569	2.854	3.062	3.166	3.229	2.983	3.544	3.159	3.228	3.211	3.148	3.168	2.955	3.929	2.983	3.093	3.397	2.861	3.065	2.923	3.092	2.895	3.406	3.138	3.476	3.021	3.056	4.032	3.112	3.131	3.292	3.130	3.391	3.171	3.338	2.416	3.336	3.057	3.345	3.323	3.285	3.078	4.276	3.001	3.155	3.290	3.131	3.874	2.879	3.445	3.232	3.352	3.447	3.326	2.876	3.879	2.699	3.048	3.201	3.132	3.244	3.560	3.272	2.938	3.185	3.050	3.425	3.187	3.346	3.189	3.548	3.318	4.005	3.142	3.278	3.249	3.027	3.184	2.755	2.983	2.914	2.835	3.216	3.584	2.624	2.784	3.260	2.887	3.170	3.034	3.082	3.295	3.207	3.675	2.987	2.820	3.169	3.123	3.298	3.400	3.248	3.398	3.253	3.514	2.975	3.612	2.974	2.608	3.062	
3.489	3.710	3.222	3.140	3.708	3.180	3.308	3.815	2.945	3.642	3.496	3.002	3.036	3.139	3.278	3.206	3.383	3.034	3.522	3.047	3.110	3.295	3.492	3.059	3.297	3.355	3.528	2.943	3.321	2.865	3.100	3.184	3.210	3.352	3.245	3.359	3.041	3.905	3.654	2.980	3.044	3.461	2.931	2.904	4.028	3.291	3.294	3.369	3.198	3.328	3.260	3.053	3.070	3.297	3.188	3.099	3.547	3.348	4.202	3.261	3.437	3.204	3.096	3.192	3.440	3.501	2.760	3.164	3.189	2.904	3.392	3.150	2.883	3.649	3.124	3.349	3.596	3.496	3.788	3.264	2.916	3.396	3.373	3.514	3.175	3.174	3.564	3.378	2.902	2.916	3.120	3.156	3.021	3.172	3.111	3.696	3.049	3.337	3.577	3.695	3.558	3.489	2.955	4.222	3.456	3.449	3.221	3.169	3.167	3.247	3.219	3.200	3.262	3.550	4.125	3.333	3.178	3.471	3.548	3.788	3.129	3.073	3.240	2.850	3.314	3.339	2.903	2.612	2.798	3.258	3.112	3.367	3.506	3.461	3.829	2.692	3.616	3.200	3.306	3.880	
3.692	4.151	3.837	3.413	3.961	2.858	2.900	3.256	2.693	3.734	3.102	2.749	2.938	3.493	3.419	3.149	3.715	3.287	4.146	3.485	2.765	3.322	3.457	3.469	3.313	3.306	2.843	2.873	2.883	3.107	3.227	2.980	3.504	3.308	3.368	3.713	3.778	4.138	3.555	3.296	3.379	3.404	2.907	3.250	4.258	3.149	3.444	3.113	3.079	3.065	3.187	3.136	3.130	3.442	3.234	3.645	3.499	3.592	3.885	3.477	3.404	3.185	2.971	3.177	3.785	3.435	2.687	2.969	3.193	3.033	3.298	3.188	3.437	4.443	3.578	3.639	3.381	3.694	3.878	3.443	3.822	3.461	3.316	3.195	2.966	3.038	3.967	3.122	3.110	3.317	3.610	3.217	3.519	3.459	3.333	3.218	3.301	3.246	3.585	3.225	4.112	3.072	3.548	4.095	3.162	3.444	3.343	3.126	3.433	3.640	3.389	3.171	3.061	2.965	3.882	3.371	3.020	3.443	3.331	3.320	3.656	3.397	2.863	2.968	3.564	3.386	2.842	3.104	3.415	2.946	3.147	3.242	3.199	3.382	3.238	2.871	3.322	3.398	3.017	3.350	
3.587	3.250	3.092	2.820	3.633	2.846	3.039	3.197	2.562	3.177	3.112	2.860	3.089	3.128	2.858	3.319	4.023	3.008	3.409	3.033	2.938	3.092	3.012	3.422	3.461	2.993	2.822	3.021	2.980	3.046	2.921	2.708	3.036	3.116	3.172	3.707	3.602	3.784	3.168	2.904	3.606	3.274	3.100	3.177	4.518	3.116	3.181	2.926	3.072	3.331	2.836	3.108	3.245	3.487	3.314	3.119	3.120	3.347	3.816	3.441	3.446	3.190	3.067	3.507	3.505	3.711	2.533	3.160	2.890	3.179	2.836	3.403	3.043	4.062	2.954	2.860	3.032	3.437	3.692	3.015	3.368	3.139	3.286	3.727	3.178	3.135	4.006	3.154	2.700	2.853	2.673	2.879	3.167	3.261	3.277	3.318	3.223	3.041	3.502	3.468	3.695	3.125	3.724	4.177	3.521	3.394	3.231	3.061	2.856	2.958	3.140	3.296	3.035	2.906	3.898	2.793	3.033	2.918	2.915	2.888	3.644	3.292	3.410	3.133	3.810	3.306	3.160	3.561	3.734	3.354	3.205	3.341	3.358	3.002	3.375	2.693	3.205	2.751	2.269	3.316	
3.627	3.091	3.413	3.436	3.693	2.846	3.021	3.297	2.426	3.047	3.203	2.952	2.975	3.030	2.933	3.120	3.411	3.253	4.216	3.515	2.897	3.339	3.625	2.939	3.254	2.941	2.752	2.761	2.909	2.914	2.675	3.094	2.939	3.042	3.207	3.256	3.287	4.260	3.639	3.374	3.040	3.034	3.250	3.237	3.736	3.180	2.947	3.024	3.047	2.990	3.180	3.090	2.890	3.258	2.894	3.116	3.523	3.291	4.404	3.162	3.267	3.265	3.256	3.335	3.421	3.286	2.905	2.895	3.074	2.954	3.175	3.183	2.944	3.762	3.030	3.370	3.284	3.466	3.841	3.531	3.495	2.799	3.144	3.612	3.090	2.918	3.861	2.850	2.842	3.044	2.751	2.441	2.840	2.885	2.805	3.573	3.293	3.287	3.623	3.649	3.435	2.969	3.406	4.005	3.565	3.406	3.608	3.242	2.960	2.995	3.333	3.394	2.847	3.160	4.170	3.844	3.361	3.380	3.523	3.536	3.034	3.011	2.737	2.849	3.773	3.217	3.356	3.448	2.806	3.822	3.306	3.015	3.317	3.380	3.757	3.635	4.056	2.988	3.073	3.760	
3.497	3.061	3.204	3.348	3.542	3.147	2.921	3.123	2.555	3.400	3.296	3.211	3.301	3.424	3.204	2.970	3.433	3.027	3.897	3.163	2.974	3.108	3.470	3.241	3.397	3.190	2.837	2.998	3.133	2.703	3.417	3.086	3.152	3.160	3.146	2.835	3.413	4.124	3.644	3.097	3.050	3.362	3.146	3.204	3.970	3.077	3.277	3.333	3.194	3.009	3.178	3.342	3.510	3.615	3.268	3.599	3.759	3.659	3.996	3.107	3.625	3.229	2.927	3.564	3.413	3.448	3.262	2.815	2.896	3.091	3.107	3.238	3.307	4.202	3.776	3.540	3.298	3.403	3.562	3.307	3.413	3.382	3.302	3.501	3.028	2.832	3.235	2.911	3.027	3.012	3.268	3.025	3.081	3.372	3.158	3.776	3.312	3.227	3.151	3.251	3.628	3.183	3.323	4.055	3.255	3.254	2.948	3.026	3.299	2.730	2.791	2.929	2.937	3.297	3.922	3.056	3.461	3.163	3.304	3.087	3.463	2.961	2.930	3.374	3.681	2.731	3.125	3.443	2.942	3.124	2.740	2.988	3.100	3.238	3.249	3.194	3.114	3.280	2.635	3.203	
3.517	3.352	3.632	3.775	4.252	3.443	3.053	3.367	2.733	3.364	3.204	3.029	2.800	3.047	3.455	3.316	3.679	3.134	3.801	3.266	2.725	3.240	3.619	3.832	3.515	3.320	3.030	3.210	3.057	2.857	2.595	2.752	3.375	3.098	3.097	3.469	3.357	4.090	3.417	3.033	3.051	2.747	3.330	3.127	4.192	3.740	3.007	2.989	3.080	2.890	3.070	2.906	3.308	3.559	3.169	3.339	3.456	3.493	4.198	3.538	2.884	3.236	3.414	3.469	3.639	3.105	3.099	2.940	3.272	3.384	3.439	2.871	3.119	4.041	3.214	3.405	3.367	3.393	3.692	3.808	3.482	3.275	3.166	3.529	3.208	3.162	3.886	2.990	3.765	3.412	3.276	3.479	3.235	3.229	3.250	3.443	3.304	3.541	3.654	3.391	3.791	3.350	3.337	3.977	3.345	3.360	3.219	2.774	3.077	3.406	3.410	3.621	3.664	3.231	3.860	3.013	3.629	3.569	3.575	3.362	3.126	3.354	2.898	3.101	3.643	3.030	3.281	3.225	3.236	3.185	3.288	3.418	3.526	3.446	3.721	2.841	3.442	3.336	2.776	4.132	
3.829	3.296	2.778	2.808	3.629	2.782	3.013	2.877	2.751	3.486	3.249	3.493	3.532	3.101	3.654	3.401	3.739	3.028	3.518	3.456	2.657	2.932	3.105	3.182	3.248	3.174	3.205	3.246	3.318	3.398	3.263	3.487	3.241	3.149	3.224	3.310	3.227	3.915	3.777	3.381	2.741	2.887	3.031	2.851	4.022	3.328	3.316	3.095	3.316	3.377	3.669	3.215	3.171	3.508	3.241	3.319	3.462	3.665	4.153	3.470	2.886	2.739	2.615	2.861	3.282	2.890	2.649	2.428	3.205	3.093	3.225	3.207	3.408	4.328	3.227	3.183	3.050	3.435	3.739	3.316	2.667	3.051	2.889	3.479	3.308	3.249	3.823	2.633	2.779	2.998	3.504	3.595	3.314	3.240	3.175	3.177	3.552	3.339	3.604	3.632	3.239	3.127	3.331	4.138	3.077	3.661	3.368	3.474	3.130	3.236	3.124	3.580	3.736	3.611	4.291	3.284	3.044	3.850	3.523	3.569	2.893	3.301	3.121	3.037	3.829	3.081	3.193	3.247	3.730	3.445	3.510	3.286	3.924	3.619	4.156	3.548	4.046	3.385	3.064	4.226	
3.447	3.425	3.457	3.187	3.716	3.196	2.864	3.092	2.254	3.250	3.406	3.381	3.087	3.141	3.406	3.612	4.002	3.096	4.100	3.360	2.596	3.145	3.426	3.050	3.258	3.401	3.032	3.271	3.174	2.847	2.982	2.827	3.447	3.276	3.400	3.590	3.449	3.783	3.890	3.188	2.957	2.823	3.169	3.037	3.617	3.252	3.262	3.266	3.345	3.452	3.009	3.674	3.381	3.999	3.168	3.529	3.485	3.622	4.365	3.382	3.288	3.095	3.118	2.998	3.555	3.204	3.086	2.850	3.196	3.364	3.311	3.537	3.739	4.634	3.750	3.377	3.866	3.908	3.670	3.382	2.943	3.531	3.162	3.216	3.250	3.475	3.761	3.068	2.917	3.182	3.152	3.082	3.040	3.182	3.438	3.505	3.896	3.565	3.557	3.518	3.313	3.590	3.071	4.260	3.350	2.813	3.015	3.533	3.198	3.482	3.008	3.215	3.050	3.238	3.803	3.332	3.637	3.853	3.833	3.441	3.462	3.436	3.357	2.882	3.204	2.905	2.706	2.914	3.240	3.232	3.397	3.033	3.336	2.868	3.190	2.735	3.607	3.296	3.178	3.860	
3.299	2.799	2.814	3.319	3.905	2.886	3.198	3.197	2.752	3.876	3.175	3.051	2.925	2.970	2.960	2.707	3.365	2.478	3.869	3.032	2.616	2.913	3.008	3.187	3.413	3.201	3.258	2.834	3.211	3.385	3.261	3.129	3.095	3.372	3.072	3.131	2.965	4.187	3.675	3.729	3.286	3.152	3.166	2.940	3.770	3.238	3.133	3.119	3.044	3.357	3.330	3.473	3.241	3.167	3.278	3.373	3.336	3.426	4.235	3.169	3.130	3.286	3.404	3.330	3.903	3.239	3.158	2.746	3.183	3.193	3.461	3.552	3.171	4.088	3.423	2.966	3.436	3.186	3.347	2.963	3.385	3.289	3.360	3.145	3.535	3.008	3.646	3.366	3.069	3.079	3.166	3.450	3.431	3.448	3.267	3.816	3.377	3.177	3.364	3.261	3.362	3.564	3.493	4.335	3.794	3.761	3.596	3.437	3.309	3.424	3.486	3.314	2.902	3.542	4.043	3.525	3.237	3.127	3.265	3.379	3.178	3.105	3.431	3.138	4.156	3.449	3.192	3.418	2.928	3.010	3.624	3.229	3.504	3.240	3.649	3.151	4.013	3.426	3.161	4.022	
4.330	3.528	3.095	3.353	4.199	3.441	3.256	3.038	2.552	3.544	3.584	3.352	3.350	2.969	2.909	3.320	3.658	2.968	3.113	3.210	3.018	3.198	3.604	3.486	3.484	3.715	3.201	3.509	3.347	3.213	3.120	3.264	3.083	3.101	3.197	3.028	2.874	4.083	3.303	3.523	3.467	2.969	3.253	3.366	4.431	3.399	3.388	3.220	3.299	3.554	3.092	3.170	3.384	3.072	2.784	2.964	2.872	3.212	4.550	3.041	3.372	3.312	3.309	3.544	3.880	3.624	3.469	2.780	3.170	3.181	3.219	3.217	3.052	4.078	3.405	3.168	3.211	3.404	4.081	3.510	3.591	3.153	3.030	3.481	3.520	3.144	3.837	3.042	3.435	3.247	3.043	3.176	3.256	3.481	3.233	3.812	3.064	3.387	3.410	3.668	3.572	3.461	3.503	4.285	3.282	3.176	3.230	2.900	3.266	3.042	3.266	2.990	3.301	3.430	4.010	3.397	3.157	3.401	3.427	3.148	3.291	3.716	3.402	3.171	3.546	3.246	3.240	3.048	2.788	3.161	2.668	2.785	3.490	3.284	3.657	3.284	3.490	3.133	2.905	3.577	
2.834	3.058	3.421	3.202	3.951	3.370	3.256	2.993	2.620	3.289	3.425	3.324	3.381	2.917	3.083	3.322	3.503	2.978	3.967	3.336	2.956	3.349	3.416	3.065	3.454	2.977	3.083	3.069	3.342	2.966	3.209	3.095	3.158	3.175	3.304	3.337	2.995	4.091	3.470	3.126	3.168	2.616	3.072	3.361	4.171	3.778	3.434	3.412	3.711	3.274	3.205	3.230	3.237	3.657	3.136	3.091	3.249	3.661	4.125	3.073	2.902	2.598	3.108	3.469	3.959	3.646	3.346	3.105	3.196	3.232	3.704	3.540	3.428	4.300	3.397	3.491	3.814	3.654	3.962	3.192	3.137	3.218	3.237	3.148	3.067	3.566	4.279	3.378	3.448	3.576	3.619	3.473	3.500	3.696	3.558	3.630	3.805	3.676	3.755	3.866	3.327	3.428	3.333	4.167	3.624	3.533	3.644	3.680	3.591	3.813	3.721	3.961	3.733	3.761	4.116	3.333	3.631	3.885	3.734	3.418	2.876	3.202	2.865	3.490	3.789	3.168	3.168	3.610	3.461	3.337	3.661	3.802	3.734	3.495	3.482	3.135	3.491	3.201	3.024	3.670	
3.328	3.154	3.023	3.676	3.862	3.242	3.144	3.136	2.340	3.699	2.699	2.808	2.676	3.191	2.964	3.377	3.519	2.805	3.559	3.319	3.073	3.413	3.415	3.274	3.995	3.531	3.548	2.772	2.758	2.615	2.604	2.704	2.660	3.023	3.445	3.426	3.058	3.818	3.402	3.114	3.255	2.865	3.207	3.739	4.263	3.488	3.137	2.974	2.830	2.517	2.954	2.554	2.512	2.879	3.195	3.063	3.054	3.149	3.933	3.076	3.503	3.256	3.097	3.420	3.968	3.340	3.271	2.898	2.485	2.927	3.287	3.256	2.757	3.614	3.220	3.215	3.286	3.100	3.841	3.322	3.415	3.679	3.360	3.385	3.485	3.273	3.838	3.277	2.947	2.991	2.969	2.546	2.724	3.217	2.756	3.288	3.111	3.253	3.140	3.145	3.631	3.434	3.071	4.584	3.232	2.853	2.858	2.713	2.660	3.027	2.901	2.881	3.026	2.988	3.566	3.157	3.280	3.094	3.323	3.113	3.602	3.307	2.854	3.307	3.692	2.909	2.952	2.864	2.936	3.285	2.913	2.972	2.633	3.015	3.080	3.176	3.422	3.061	2.825	3.909	
3.515	3.308	3.447	3.139	3.768	2.642	2.951	3.275	2.648	3.547	3.266	2.773	3.014	2.912	3.032	3.131	3.735	3.140	3.924	3.445	3.210	3.461	3.789	3.400	3.583	3.204	3.045	3.018	2.938	2.792	3.131	2.650	2.805	2.828	2.883	3.350	3.330	4.298	3.647	3.207	3.780	3.221	3.294	3.116	4.210	3.375	3.219	2.914	2.784	3.085	2.893	3.161	2.808	3.483	3.216	3.192	3.681	3.759	4.145	3.281	3.269	3.287	3.525	3.526	3.629	3.206	3.459	2.997	2.985	3.284	3.251	2.979	3.028	4.138	3.343	3.239	3.142	3.477	3.649	3.234	3.219	3.711	3.145	3.215	3.243	3.435	4.147	3.607	3.380	3.009	3.512	3.360	3.367	3.292	3.686	3.306	3.484	3.086	2.962	3.149	3.459	3.407	3.461	3.922	3.448	3.024	3.232	3.512	3.561	3.508	3.568	3.316	3.365	3.390	4.020	3.473	3.280	3.354	3.289	3.336	3.229	3.245	3.256	3.565	3.621	2.917	2.961	3.152	3.101	3.475	3.419	3.698	3.657	3.547	3.949	3.189	3.829	3.334	2.883	3.490	
3.329	3.134	3.205	3.391	4.114	3.174	3.228	3.323	2.979	3.540	3.596	3.179	3.691	3.396	3.184	3.531	3.027	2.693	3.402	3.587	3.436	3.483	3.618	3.501	3.603	3.234	3.203	3.380	3.253	3.287	3.166	3.606	3.563	3.325	2.873	3.474	3.219	3.879	3.237	3.410	3.365	3.071	3.415	3.532	3.805	3.357	3.576	3.077	2.933	3.363	3.089	3.459	3.319	3.740	3.263	3.470	3.634	3.671	4.117	3.222	3.539	3.533	3.655	3.684	3.983	3.567	3.353	3.047	3.178	3.488	3.407	2.917	3.480	4.330	3.403	3.394	3.680	3.631	3.930	3.062	3.620	3.704	3.634	3.582	3.537	3.868	4.171	3.655	3.340	3.669	3.499	3.112	3.185	3.665	3.333	3.537	3.704	3.422	3.560	3.611	4.047	3.328	3.407	4.145	3.880	3.378	3.468	3.390	3.372	3.785	3.350	3.359	3.325	3.249	4.015	3.127	3.369	3.756	3.551	3.433	3.577	3.535	3.399	3.454	4.217	3.534	2.965	3.281	3.108	3.411	3.214	3.188	3.569	3.204	3.850	3.171	3.313	3.386	3.315	3.910	
3.249	3.157	3.179	3.272	3.687	3.087	3.294	2.900	2.669	3.199	2.820	3.270	3.269	3.271	3.437	3.209	3.627	3.065	3.791	3.377	3.198	3.346	3.588	3.346	3.448	2.580	3.260	3.060	3.320	2.899	3.350	3.011	3.509	3.341	3.452	3.345	3.132	3.969	3.482	3.757	3.517	3.004	3.609	3.412	3.648	3.093	2.824	3.301	3.522	3.122	3.182	3.408	3.476	3.771	3.532	3.283	3.317	3.599	3.862	3.149	3.307	2.840	3.420	3.741	3.695	3.367	3.781	2.800	3.123	3.181	2.662	3.290	3.291	3.849	3.326	3.375	3.434	3.417	3.606	3.259	3.379	3.288	3.039	3.307	3.412	3.636	4.058	3.265	3.536	3.411	2.934	3.298	2.916	3.057	2.929	3.684	3.059	3.026	3.188	3.368	4.122	2.892	3.070	3.970	3.596	3.635	3.479	3.433	3.240	3.487	3.282	3.253	3.703	3.243	4.095	3.483	3.301	3.586	3.407	3.449	3.397	2.975	2.942	2.992	3.899	3.418	3.178	3.330	3.108	3.625	3.163	2.966	3.366	3.375	3.597	3.037	3.234	3.476	3.098	3.737	
3.183	3.259	3.548	3.354	3.795	2.937	3.002	3.143	2.609	3.552	2.768	3.027	3.046	3.272	2.813	3.091	3.183	3.061	3.454	3.106	3.210	3.388	3.370	3.258	3.383	3.448	2.908	3.207	3.403	3.109	2.983	3.243	3.311	3.402	3.469	3.422	2.990	3.637	3.470	3.327	3.553	2.747	3.135	3.397	3.888	3.130	3.028	3.125	3.526	3.334	3.612	3.571	3.425	3.716	3.453	3.549	3.121	3.231	4.134	3.569	3.625	2.862	3.259	3.349	3.911	3.321	3.317	3.149	3.720	3.771	3.609	3.397	3.557	3.987	3.244	3.239	3.462	3.442	3.847	3.497	3.351	3.186	3.274	3.431	3.285	3.411	3.765	3.430	3.581	3.500	3.519	3.567	3.297	3.318	3.372	3.666	3.351	3.427	3.719	3.371	3.212	3.179	3.459	4.180	3.186	3.322	3.227	3.329	3.396	3.534	3.553	3.500	3.568	3.378	4.400	3.334	3.143	3.338	3.386	3.670	3.172	2.722	3.137	3.149	3.775	3.211	3.113	3.213	3.334	3.296	2.985	3.091	2.901	3.472	3.826	3.172	3.611	3.402	3.181	4.074	
3.114	3.366	3.055	3.308	4.108	3.510	3.395	3.085	2.492	3.656	3.399	3.205	3.229	3.014	3.527	3.228	3.479	2.966	3.727	3.568	3.054	3.485	3.749	3.457	3.523	3.934	3.406	3.182	2.957	2.938	2.876	3.158	3.531	3.185	3.048	3.230	3.292	4.202	3.542	3.506	3.278	2.626	3.002	3.486	3.738	3.348	3.405	3.168	3.012	2.718	3.061	3.280	3.486	3.452	3.446	3.190	3.380	3.292	4.042	3.811	3.534	2.983	2.991	3.309	3.836	3.481	2.833	2.875	3.097	3.456	3.465	3.463	3.258	3.709	3.471	3.435	3.479	3.313	4.061	3.646	3.635	3.468	3.117	3.487	3.373	3.383	4.240	3.284	2.880	3.142	3.230	3.166	3.134	2.859	3.274	3.226	3.118	3.487	3.731	3.718	3.994	3.272	3.323	4.536	3.094	3.328	3.481	3.468	3.097	3.434	3.267	3.618	3.386	3.231	3.954	3.235	3.106	3.578	3.570	3.303	3.189	3.455	3.385	3.320	3.623	3.117	2.948	3.293	3.226	3.253	3.442	3.382	3.556	3.292	3.470	3.095	3.653	3.306	2.989	3.657	
3.323	2.892	2.924	2.938	3.747	3.686	3.041	2.889	2.292	3.141	2.748	2.841	3.115	3.155	3.079	3.273	3.791	2.968	3.519	3.602	2.929	3.123	3.177	2.996	3.154	3.391	2.991	2.878	3.121	3.096	2.976	3.268	3.314	3.264	3.184	3.443	3.378	4.451	3.055	3.258	3.503	2.910	3.124	2.938	4.147	3.112	3.053	3.117	3.413	3.401	3.647	3.314	3.330	3.510	3.232	3.052	3.298	3.421	4.233	3.188	3.333	3.461	3.493	3.745	3.994	3.606	3.499	3.267	3.615	3.331	3.398	3.312	3.311	3.903	2.959	3.585	3.431	3.354	3.772	2.970	3.515	3.174	3.324	3.418	3.472	3.759	4.254	3.506	3.423	3.497	3.214	2.946	3.328	3.195	3.254	3.208	3.714	3.429	3.497	3.608	3.402	3.580	3.881	4.306	3.600	3.322	3.534	3.529	3.354	3.482	3.019	3.148	3.168	3.163	3.679	3.116	2.918	3.121	3.183	3.045	3.173	2.972	2.975	3.176	4.070	3.082	3.487	3.701	3.327	3.772	3.680	2.929	2.873	2.940	3.121	2.443	3.237	3.069	2.897	3.798	
3.442	3.117	2.990	3.280	3.849	3.131	3.559	3.401	2.478	3.616	2.834	2.851	2.995	2.824	3.010	3.049	3.392	2.695	3.304	3.143	3.264	3.383	3.468	3.346	3.566	3.351	3.053	3.116	3.135	2.994	2.776	2.845	2.629	2.817	3.299	3.367	3.302	3.945	3.501	2.880	3.696	2.901	3.700	3.575	4.232	3.440	3.404	3.078	3.165	3.059	3.135	3.209	2.992	3.343	3.029	3.165	3.206	3.247	3.997	3.395	3.643	3.298	3.349	3.540	3.452	3.521	3.376	2.779	3.114	3.089	2.975	3.088	3.160	3.771	3.151	3.143	3.419	2.956	3.592	3.303	3.416	3.154	3.337	3.321	3.393	3.456	3.371	2.829	3.010	2.847	3.174	3.308	3.539	3.552	3.188	3.460	3.274	3.314	3.512	3.074	3.387	3.113	3.594	4.217	3.144	3.243	2.902	3.066	2.825	2.882	3.230	3.462	3.149	3.296	4.165	3.340	3.525	3.568	3.409	3.060	3.276	3.235	3.240	2.893	3.491	2.958	2.974	3.113	3.395	2.588	3.036	3.014	3.842	3.691	4.132	3.095	3.647	3.196	2.984	3.796	
3.537	3.294	3.345	3.566	4.009	3.265	2.963	3.200	2.473	3.687	3.459	3.241	3.236	3.335	3.326	3.105	3.670	2.665	3.670	3.373	3.340	3.589	3.591	3.471	3.746	3.621	3.413	2.867	3.181	3.165	2.769	3.065	3.015	3.400	3.317	3.476	3.365	3.677	3.080	3.076	3.824	3.145	3.397	3.708	4.293	3.439	3.294	2.993	3.440	3.285	3.032	2.875	3.258	3.553	3.285	3.142	3.257	2.877	3.887	3.516	3.682	3.171	3.201	3.505	3.645	3.486	3.021	2.890	2.923	3.228	3.004	3.058	3.285	3.664	3.242	3.181	2.907	3.228	4.026	3.338	3.514	3.038	3.113	3.238	3.226	3.186	3.648	3.295	3.051	2.941	2.798	2.810	2.657	2.909	3.126	3.289	3.176	3.067	3.203	3.588	3.532	3.411	3.197	3.953	3.255	2.995	3.090	3.280	3.186	3.233	2.902	2.985	3.095	3.109	3.707	3.152	3.027	3.346	3.183	3.056	3.910	3.710	2.912	3.095	3.553	2.523	2.880	2.954	2.834	3.337	3.200	2.756	3.123	3.172	3.611	3.154	3.593	3.177	2.973	3.566	
3.524	3.263	3.528	3.548	3.980	2.907	3.051	3.238	2.586	3.688	3.181	3.231	3.129	3.158	2.993	3.350	3.420	3.070	3.667	3.354	3.244	3.699	3.785	3.810	3.793	3.835	3.743	3.053	3.026	3.211	3.014	2.886	3.096	3.273	3.050	3.284	3.214	4.034	3.644	3.703	3.336	2.636	3.095	3.418	4.137	3.687	3.525	3.206	2.571	3.170	2.901	3.334	3.078	3.525	3.116	3.114	2.850	3.026	3.833	2.878	3.715	3.503	3.320	3.226	3.411	3.178	2.854	2.353	2.916	3.238	3.482	3.037	2.899	4.005	3.404	3.492	3.019	3.064	3.881	3.077	3.615	2.980	3.178	2.870	3.076	3.214	3.720	3.063	2.845	3.397	3.411	3.314	3.548	3.327	3.561	3.419	3.603	3.125	3.049	3.187	3.711	3.104	3.001	3.751	3.329	2.982	3.183	3.035	2.563	2.791	3.326	2.985	3.595	3.405	3.838	3.066	2.948	3.005	3.217	2.927	3.440	3.177	3.152	3.292	3.784	2.844	2.912	3.004	2.788	3.258	3.190	2.999	3.414	3.130	3.373	2.738	3.585	3.296	3.200	3.855	
3.026	3.048	3.227	2.915	3.554	2.825	2.780	3.058	2.887	3.439	3.358	3.159	3.314	3.132	3.248	3.270	2.670	2.869	3.490	3.279	2.889	3.049	3.114	2.992	3.018	2.862	3.040	2.995	2.548	2.673	3.057	2.951	3.078	3.423	2.871	3.010	2.531	3.698	3.489	3.021	3.682	2.809	2.975	2.837	3.741	3.036	3.097	2.808	2.519	2.809	2.702	2.816	3.115	3.114	3.005	2.675	3.082	3.576	3.629	3.093	3.284	3.247	3.377	3.079	3.284	3.039	3.254	2.584	2.603	2.916	2.726	2.980	2.860	3.788	2.715	3.056	3.146	3.172	3.656	2.851	3.607	2.941	2.938	3.129	2.858	3.247	3.747	3.298	3.104	2.689	2.899	3.200	2.952	2.972	3.348	3.516	3.211	3.069	3.009	3.194	3.602	3.144	3.155	3.572	3.401	3.428	3.281	2.918	2.996	3.185	3.004	3.274	3.061	3.179	4.193	3.413	3.158	3.068	2.734	3.182	2.989	2.500	2.829	2.751	3.547	2.758	3.249	3.036	2.911	3.081	2.961	2.968	2.987	3.208	3.117	2.705	3.546	3.057	2.812	3.879	
3.187	3.469	2.866	3.197	3.962	3.446	2.895	3.034	2.532	3.735	3.304	3.573	3.291	3.189	3.305	3.015	3.784	3.284	3.773	3.007	3.359	3.273	3.282	3.436	3.549	3.220	2.815	2.613	2.840	2.802	2.930	2.823	2.893	2.743	3.219	3.213	3.457	3.984	3.473	2.801	3.148	2.511	3.107	3.023	4.182	3.511	2.889	3.081	3.122	3.191	2.904	2.997	2.900	3.490	3.023	2.993	3.264	3.503	3.810	3.061	3.283	3.253	3.366	3.341	3.536	3.365	2.919	2.899	2.863	2.882	3.077	2.660	2.788	3.869	3.091	3.500	2.942	3.237	3.510	3.141	3.260	3.055	3.343	3.470	3.060	2.915	3.588	2.998	3.103	3.041	3.186	3.199	2.784	2.918	2.796	3.099	3.308	2.875	3.023	3.176	3.270	3.175	3.142	4.007	3.120	3.164	2.765	2.775	2.846	3.048	2.828	3.112	3.279	3.152	3.719	2.987	2.641	3.009	3.170	3.062	3.108	3.063	3.248	3.144	3.635	2.776	3.220	3.003	2.855	3.149	3.228	3.202	3.356	3.080	3.334	2.859	3.088	2.927	2.571	3.378	
3.676	3.310	3.297	3.087	3.921	3.393	3.437	3.693	2.734	3.586	2.800	2.969	3.014	2.841	2.678	3.027	3.039	2.640	3.507	3.737	3.380	3.264	3.316	3.453	3.480	3.465	3.016	3.293	3.071	3.154	2.818	3.262	3.146	3.033	3.402	3.145	2.981	3.769	3.325	3.650	3.959	2.851	3.279	3.311	3.948	3.285	3.699	3.275	3.254	3.183	2.972	2.961	2.940	3.495	3.440	3.185	3.336	3.270	3.844	3.138	3.174	3.082	3.405	3.306	3.575	3.611	2.981	2.863	3.025	3.257	3.208	3.143	3.092	3.861	3.386	3.382	3.536	3.704	3.828	3.431	3.713	3.567	3.374	3.139	3.122	3.339	4.185	3.436	3.101	3.408	3.304	3.505	3.399	2.956	3.419	3.569	3.106	3.119	3.251	3.240	3.479	3.444	3.747	4.425	3.693	3.609	3.061	2.771	3.417	3.120	3.399	3.331	3.238	3.446	4.081	3.509	3.138	3.408	3.212	3.158	3.222	3.782	3.670	3.434	4.101	3.584	3.005	3.124	3.321	3.187	3.264	3.503	3.314	3.402	3.479	3.214	3.746	3.098	3.317	3.540	
3.373	3.298	3.401	3.219	3.788	3.202	3.252	3.619	3.186	3.359	3.239	2.948	3.194	2.846	3.373	3.201	3.457	2.425	3.440	3.350	3.023	3.068	3.476	3.602	3.566	3.050	2.801	3.274	3.162	3.417	3.238	2.931	3.007	2.860	3.384	3.050	3.192	3.651	3.494	3.294	3.249	2.976	3.091	3.336	4.427	3.278	2.869	2.962	3.294	3.391	3.318	3.232	2.858	3.162	2.972	2.774	3.275	3.424	3.578	2.965	3.023	3.169	3.416	3.572	3.630	3.520	3.065	2.660	3.309	3.317	3.181	2.941	2.921	3.589	2.824	3.127	3.032	2.926	3.763	2.660	3.261	3.289	3.342	3.198	3.359	3.282	4.052	3.210	3.111	3.099	3.382	3.180	3.060	3.005	3.558	3.537	3.266	2.840	3.199	3.192	3.724	3.293	3.186	4.183	3.444	3.369	3.142	3.244	3.355	3.334	3.174	3.070	3.390	3.279	3.708	3.066	2.830	3.362	2.948	3.057	3.338	3.166	2.951	3.317	3.917	3.614	3.293	3.051	3.056	2.999	2.937	3.517	3.373	3.062	3.448	2.924	4.033	3.041	3.050	3.589	
4.188	4.067	3.350	3.111	3.664	3.154	3.363	3.540	2.749	3.304	3.009	2.931	3.265	3.230	3.601	3.407	3.959	3.053	3.848	3.710	3.418	3.496	3.489	3.493	3.469	3.166	2.479	2.723	2.880	3.186	3.349	3.470	3.322	3.401	3.714	3.609	3.655	4.555	3.477	3.156	3.935	3.207	3.661	3.257	4.064	3.419	2.939	2.764	2.818	3.097	3.602	3.506	3.212	3.428	3.430	3.912	3.842	3.785	4.048	3.605	3.349	3.284	3.252	3.688	3.492	2.846	2.768	2.542	3.071	3.092	3.180	2.814	3.235	3.961	3.271	3.432	3.713	3.775	3.811	3.147	3.506	3.559	3.150	3.339	3.151	3.061	3.936	3.039	3.365	2.992	3.244	3.204	2.837	3.168	2.786	3.788	3.500	3.476	3.484	3.425	3.595	3.238	3.242	4.438	3.448	3.163	3.288	3.180	3.350	3.312	3.108	3.311	2.933	3.027	3.897	3.501	3.584	3.393	3.562	3.144	3.492	3.176	3.088	3.042	3.956	3.147	3.008	2.944	3.248	2.915	3.452	2.952	3.306	3.102	3.595	2.868	3.782	3.496	3.032	3.751	
3.585	3.438	3.431	3.413	3.610	3.220	3.519	3.401	3.213	3.818	2.994	2.893	3.061	3.314	2.921	3.162	3.848	3.306	3.632	3.031	3.564	3.641	3.524	3.603	3.410	3.345	2.978	3.253	3.242	3.345	2.675	2.962	2.967	3.195	3.238	3.537	3.620	3.869	3.240	2.904	3.486	3.241	3.585	3.715	4.358	3.347	3.192	3.308	3.075	3.040	3.012	3.079	3.106	3.600	3.378	3.448	3.684	3.521	4.293	3.198	3.388	3.302	3.250	3.437	3.950	3.549	3.320	2.925	3.022	3.044	3.186	3.443	3.183	3.862	3.512	3.253	3.242	3.443	4.029	3.192	3.434	3.700	3.549	3.309	3.398	3.392	4.014	3.039	2.952	3.277	3.588	3.219	3.117	2.873	2.821	3.712	2.704	3.201	3.880	3.684	3.664	3.581	3.478	4.317	3.467	3.124	3.255	3.196	3.109	2.957	3.095	3.235	3.134	3.260	3.809	3.113	3.024	3.282	3.243	2.959	3.387	3.362	3.311	3.109	4.045	3.191	3.035	3.182	3.158	3.021	3.002	3.252	3.433	3.050	3.453	2.981	3.413	3.200	3.100	3.858	
3.276	3.010	2.912	3.092	3.778	3.167	3.284	3.665	2.976	3.316	3.246	2.933	3.016	3.012	3.063	2.928	3.636	2.926	3.683	3.334	2.979	3.177	3.507	3.248	3.508	3.463	3.014	2.927	3.107	3.015	3.192	2.916	3.093	2.847	2.791	3.574	2.926	4.066	3.692	3.148	3.328	2.990	3.381	3.325	4.005	3.291	3.476	3.017	3.086	2.973	2.826	3.135	3.278	3.212	2.968	2.942	2.944	3.313	4.233	3.344	3.070	2.996	2.833	3.166	3.832	3.095	2.978	2.813	3.080	3.552	3.500	3.581	3.151	3.929	2.965	3.231	3.814	3.111	3.916	2.850	3.458	3.059	3.094	2.865	2.816	2.747	3.810	3.026	3.171	3.022	3.089	3.462	3.469	3.207	3.526	3.741	3.107	3.282	3.345	3.502	3.757	2.833	3.082	3.606	2.943	2.661	3.018	3.100	3.048	3.223	3.259	3.276	3.371	3.480	3.977	3.287	3.718	3.367	3.365	3.282	2.917	2.788	2.989	2.966	3.447	3.031	2.961	3.125	2.690	2.988	3.127	2.736	3.599	3.587	3.727	2.910	3.442	3.483	3.192	3.642	
2.968	2.988	3.186	3.743	3.764	3.242	3.400	3.415	3.313	3.422	3.170	2.876	3.084	2.720	2.862	2.784	3.188	2.822	3.777	3.316	3.035	3.074	3.502	3.347	3.552	3.066	2.598	3.071	3.143	3.278	3.248	3.144	2.969	3.211	2.888	2.866	3.208	3.775	3.481	3.219	3.403	2.901	2.981	3.204	4.074	3.083	3.011	3.258	3.131	3.283	3.487	3.242	3.227	3.290	2.946	3.094	2.609	3.233	4.025	3.103	3.371	3.439	3.092	2.956	3.417	3.091	3.016	2.932	3.113	3.317	3.269	3.331	3.217	3.752	2.961	2.943	3.085	3.117	3.617	3.036	3.386	3.038	3.067	2.992	3.394	3.012	3.647	3.063	3.116	2.957	3.220	2.886	2.755	3.289	2.852	3.366	2.653	2.849	3.129	3.581	3.961	2.965	3.053	3.964	2.950	2.890	2.973	3.323	3.179	3.215	2.691	3.073	2.775	2.591	3.541	2.883	2.840	3.107	3.370	3.311	3.324	3.237	2.695	3.077	3.315	2.791	2.744	3.266	3.167	2.952	3.132	3.299	3.297	3.128	3.160	2.739	3.174	2.631	2.842	3.340	
3.502	2.994	3.081	3.035	3.611	2.766	3.019	3.568	2.831	2.605	2.989	3.085	3.229	3.040	3.232	3.028	3.673	2.910	3.798	3.282	2.961	3.183	3.361	3.122	3.413	2.939	2.828	3.133	3.174	3.004	2.911	2.975	3.233	3.423	3.215	2.959	2.803	3.326	3.230	3.075	3.325	2.592	3.230	3.464	4.146	3.518	3.174	3.315	3.246	3.279	3.385	3.182	3.123	3.196	2.912	2.913	3.156	3.121	3.717	3.155	2.939	2.849	3.082	3.853	3.784	3.502	3.019	3.227	3.409	2.941	3.039	3.087	3.223	3.728	2.794	2.611	2.729	2.937	3.611	3.379	2.671	3.175	3.320	3.357	3.054	3.140	3.699	3.291	3.064	3.251	3.135	3.387	3.202	3.508	3.041	3.030	2.929	2.706	3.038	3.472	3.337	3.299	3.774	4.017	3.402	3.376	2.883	3.050	3.146	3.396	3.208	3.337	3.283	2.930	3.563	2.542	3.036	3.181	3.209	3.260	3.300	3.094	3.068	3.338	3.860	2.853	3.006	2.880	2.937	3.050	3.290	2.923	3.253	3.249	3.138	2.289	3.117	2.804	2.796	3.404	
2.997	2.915	3.134	3.610	3.947	3.303	3.637	3.624	2.986	3.012	2.960	3.247	3.269	3.240	3.227	2.989	3.267	2.813	3.694	3.993	3.166	3.221	3.393	3.534	3.479	3.444	2.681	3.098	3.182	2.693	3.255	3.037	3.103	3.095	2.680	2.988	2.875	4.187	3.589	3.827	3.368	2.550	3.514	3.325	4.566	3.370	3.341	3.519	3.545	3.618	3.176	3.455	3.209	3.401	2.920	3.018	3.154	3.137	4.144	3.538	3.234	3.364	3.288	3.544	3.890	3.490	3.231	3.267	3.312	3.086	3.373	3.401	3.607	4.483	3.216	3.226	3.586	3.149	4.184	3.373	3.502	3.511	3.731	3.571	3.698	3.126	3.940	3.419	3.180	3.311	3.199	3.151	3.325	3.137	3.107	3.482	3.493	3.399	3.574	3.659	3.721	3.298	3.307	4.186	3.136	3.432	3.091	2.981	3.193	3.041	3.355	2.991	3.021	3.182	3.937	3.218	3.333	3.301	3.258	3.353	3.018	3.052	3.244	3.105	3.708	3.043	3.162	2.853	2.974	2.949	3.113	3.177	3.093	3.198	3.337	2.761	3.764	3.598	3.196	3.781	
3.352	3.318	2.675	3.093	3.629	2.731	2.993	2.964	2.827	3.172	3.286	3.108	3.032	3.030	3.162	3.079	3.229	2.998	3.500	2.975	2.978	2.950	2.972	3.217	3.320	2.937	2.644	2.987	2.927	2.877	2.978	3.189	3.312	3.245	3.273	3.237	3.138	3.995	3.340	3.055	3.537	2.805	3.299	3.054	4.159	3.619	2.805	3.064	2.874	2.931	2.896	2.705	3.152	3.385	3.202	3.405	3.655	3.497	4.287	3.064	3.350	3.173	2.850	3.316	3.866	2.982	3.101	2.561	3.179	3.214	3.442	3.238	2.871	3.516	3.186	3.153	2.992	3.268	3.757	3.432	3.593	3.132	3.325	2.914	3.005	3.193	3.179	2.837	3.068	3.235	3.039	3.130	3.474	3.396	3.167	3.327	3.160	3.352	3.652	3.451	3.699	3.284	3.095	4.141	2.991	3.063	3.276	3.041	2.961	2.892	2.802	3.486	3.122	3.092	3.872	3.226	3.336	3.671	3.557	3.466	2.948	3.433	3.525	3.075	3.589	2.769	3.141	3.214	2.981	3.069	3.328	3.195	3.090	3.441	3.345	3.109	3.832	3.183	3.475	4.243	
3.540	3.107	2.311	2.619	3.570	3.179	3.275	3.386	2.818	2.996	2.549	2.670	2.826	3.005	3.312	3.038	3.300	2.784	3.895	3.571	2.952	2.715	2.860	2.853	3.039	3.159	2.612	2.799	3.016	2.955	2.568	2.716	2.618	3.047	3.264	3.144	3.651	3.861	3.491	3.370	3.351	2.777	3.035	3.039	4.157	3.087	2.788	2.800	3.135	3.135	3.191	3.069	3.311	3.259	2.997	3.449	3.273	3.183	3.709	3.453	3.462	3.102	3.079	3.076	3.380	3.122	2.877	2.604	2.880	3.040	3.104	2.939	2.814	3.644	3.195	3.074	2.983	3.032	3.873	3.064	3.199	3.342	3.411	2.919	3.004	3.252	4.002	3.632	2.959	3.271	3.195	3.006	2.932	2.669	2.920	3.146	3.221	3.205	3.352	3.128	3.544	3.236	3.379	4.197	3.487	3.355	2.974	3.143	3.535	3.031	2.656	3.227	3.114	2.948	3.863	3.085	3.036	3.003	3.111	2.945	3.324	3.259	3.404	3.021	3.625	3.197	3.136	3.095	3.298	3.102	2.955	3.550	3.382	3.248	3.549	3.004	3.580	3.038	3.000	3.596	
3.501	3.358	3.628	3.435	4.153	3.460	3.374	3.194	3.370	3.397	3.471	3.556	3.063	3.382	2.926	2.872	3.203	2.889	3.316	3.198	3.096	3.480	3.765	3.455	3.682	3.438	2.686	3.438	3.307	3.095	3.107	3.092	3.201	3.097	2.649	3.239	3.134	3.646	3.384	3.176	3.581	2.824	3.352	3.306	4.294	3.514	3.219	3.285	2.849	3.097	3.112	3.157	3.208	3.071	3.007	2.861	2.953	3.230	4.213	3.187	2.934	3.082	3.569	3.896	3.792	3.811	3.831	3.273	2.875	2.965	2.731	2.834	3.201	3.763	2.765	3.276	3.381	3.476	3.886	3.279	3.024	3.267	3.426	3.593	3.576	3.618	4.389	3.601	3.107	2.769	3.113	3.097	2.854	3.191	3.058	3.729	3.458	3.462	3.655	3.511	3.561	3.591	3.650	4.559	3.649	3.293	2.977	3.208	2.996	3.122	3.525	3.609	3.595	3.396	4.275	3.596	3.003	3.476	3.715	3.710	3.320	3.324	3.935	3.191	3.839	3.275	2.968	3.084	3.543	3.288	3.622	3.399	3.580	3.831	3.820	3.151	3.825	3.355	3.247	4.124	
2.909	3.108	2.687	2.897	3.446	3.310	3.427	3.439	2.993	3.308	3.316	2.914	3.060	2.987	3.167	3.264	3.366	3.471	3.611	3.022	2.755	2.912	3.188	2.948	3.181	3.489	2.688	2.921	3.219	3.045	2.950	3.378	3.121	3.049	3.255	3.359	3.266	3.988	3.264	3.320	3.288	2.978	3.268	3.274	4.061	3.130	2.973	3.305	2.763	3.096	3.489	3.336	2.907	3.768	3.337	3.177	3.163	3.162	3.526	3.426	3.158	2.953	3.067	3.074	3.184	3.355	3.512	3.155	3.169	2.911	3.158	3.249	3.070	4.180	3.405	3.045	3.421	2.817	3.870	3.223	2.986	3.319	3.346	2.791	3.113	3.584	4.092	3.504	3.236	3.535	3.311	3.426	3.391	3.281	3.210	3.617	3.140	3.290	3.249	3.118	3.394	3.589	3.450	4.318	3.605	3.301	3.232	3.253	3.210	3.230	3.359	3.347	3.418	3.237	3.689	3.344	3.352	3.343	3.246	2.974	3.316	3.417	3.524	3.342	3.774	3.267	3.404	2.927	3.026	3.136	3.308	3.156	3.611	3.658	3.548	3.168	3.763	3.680	3.257	3.390	
3.251	3.394	3.104	3.132	3.680	3.136	3.495	3.601	3.390	3.090	3.155	2.939	3.046	2.919	2.686	3.168	3.760	3.168	3.789	3.233	3.274	3.175	3.122	3.065	3.465	3.152	2.854	2.979	3.015	3.156	3.209	3.244	3.052	2.929	2.945	3.165	3.651	3.744	3.130	3.025	3.808	3.177	3.517	3.242	3.715	3.389	3.214	3.153	2.508	3.111	3.071	3.297	3.197	3.368	3.423	3.420	3.316	3.089	3.813	2.911	3.236	3.326	3.426	3.245	3.336	3.665	3.172	3.180	3.074	3.395	3.151	3.106	3.245	3.886	3.107	3.118	3.217	3.231	3.352	3.030	3.230	3.617	3.446	3.436	3.518	3.161	4.021	3.311	3.152	3.311	3.308	3.092	3.503	2.798	3.051	3.783	3.379	3.289	3.830	3.367	3.963	3.457	3.182	4.245	3.101	3.153	3.087	3.250	3.162	3.526	3.157	3.226	2.977	3.010	3.796	3.046	3.353	3.252	3.414	3.622	3.729	3.678	3.314	3.357	3.609	2.668	3.051	3.063	3.332	3.194	3.071	3.407	3.322	3.042	3.766	3.045	3.513	3.056	3.073	3.893	
3.135	3.030	2.835	3.115	3.728	3.435	3.288	3.713	3.345	3.550	3.517	3.343	3.257	3.407	3.030	3.327	3.746	3.278	3.566	3.429	3.182	3.183	3.203	3.108	3.413	3.762	3.131	3.132	2.777	3.180	3.236	3.130	3.015	3.163	3.234	3.327	3.530	4.106	3.392	3.378	3.328	2.470	3.038	3.576	4.244	3.340	3.130	3.133	2.786	2.621	3.082	3.042	3.292	3.351	2.893	3.119	3.405	3.841	3.997	3.067	3.278	3.125	3.113	3.264	3.399	3.183	3.189	2.410	2.423	2.896	3.022	3.262	3.418	4.371	3.418	3.516	3.083	3.755	3.854	3.341	2.928	3.405	3.252	3.187	3.171	2.941	3.867	3.093	2.894	2.715	3.149	3.194	3.263	3.596	3.460	3.634	3.760	3.443	3.202	3.198	3.483	3.610	3.384	4.230	3.072	3.499	2.965	3.183	3.190	3.299	3.328	2.757	3.288	3.026	4.021	3.579	3.643	3.396	3.492	3.669	3.453	3.690	3.375	3.200	4.094	2.924	3.394	3.396	3.167	3.002	3.215	3.176	3.027	3.429	3.450	3.344	3.658	2.970	2.956	3.779	
3.324	3.392	3.241	3.300	3.963	3.529	3.896	3.584	3.163	3.776	3.378	3.288	3.190	3.242	3.152	3.401	3.686	3.150	3.580	3.113	2.755	2.906	3.270	3.397	3.644	3.482	2.967	3.356	3.642	3.139	3.178	3.283	3.112	3.357	3.186	3.275	3.077	3.632	3.239	3.084	3.208	3.413	3.375	3.211	4.126	3.284	3.344	3.124	2.985	2.856	3.260	3.144	3.305	3.779	3.233	2.981	2.961	3.419	3.782	3.157	3.552	3.507	3.422	3.361	3.633	3.255	3.297	2.572	2.547	2.825	3.231	3.179	3.100	3.690	3.151	3.356	3.205	3.201	3.485	2.988	3.214	3.573	3.366	3.191	3.374	3.224	3.976	3.534	3.454	2.873	3.299	3.343	3.201	3.064	2.833	3.163	3.150	3.083	3.239	3.358	3.849	3.697	3.293	4.266	3.457	3.643	3.295	3.358	3.066	2.988	2.897	3.101	3.158	3.260	3.928	3.012	3.049	3.173	3.087	3.079	3.481	3.410	3.176	3.129	4.080	3.174	3.339	2.655	2.937	2.883	3.094	2.961	3.405	3.183	3.236	2.927	3.281	2.867	2.810	3.649	
3.710	2.925	3.474	3.070	3.712	3.391	3.573	3.446	2.665	2.984	2.925	3.399	3.439	3.283	3.403	3.546	3.486	3.256	3.940	3.268	2.698	2.820	3.345	3.257	3.224	3.327	2.756	3.108	2.827	2.998	3.102	2.852	2.982	3.244	3.309	3.594	2.948	3.884	3.430	2.848	3.317	2.826	3.269	3.099	4.280	3.122	2.977	3.221	2.981	2.973	3.119	2.816	2.968	3.314	3.293	3.297	3.586	3.392	4.216	3.019	3.387	3.307	3.076	3.424	3.685	3.449	2.934	2.767	2.910	2.551	2.586	2.583	2.864	3.843	3.313	3.019	2.905	3.637	3.721	2.961	2.941	3.329	3.621	2.915	3.167	3.010	3.630	2.848	3.040	2.559	2.352	2.733	2.575	2.839	2.917	3.002	2.743	3.428	3.560	3.355	3.368	3.091	3.207	3.923	2.959	3.233	2.637	2.784	2.667	2.724	2.493	2.827	2.668	2.906	3.738	3.249	3.292	3.110	3.433	3.265	2.979	3.048	2.935	3.098	3.704	2.983	2.668	2.794	2.640	2.538	2.649	2.702	2.913	3.044	3.470	3.402	3.817	3.349	3.279	3.858	
3.937	3.083	3.084	3.403	3.620	2.974	3.238	3.074	3.169	3.252	2.765	2.853	3.050	3.087	3.522	3.476	3.758	3.145	3.848	3.816	2.792	3.171	3.495	3.534	3.442	2.921	2.427	3.076	3.246	2.894	2.906	2.674	3.148	3.265	3.647	3.915	3.605	3.980	3.258	3.761	3.552	3.670	3.683	3.350	4.283	3.537	2.963	3.057	3.132	3.220	3.099	3.362	3.223	3.588	3.360	3.519	3.394	3.337	3.765	3.465	3.585	3.442	3.731	3.745	3.586	3.250	3.216	2.856	3.277	3.225	3.194	3.780	3.146	4.045	3.391	3.457	3.224	3.195	4.113	3.273	3.559	3.366	3.700	3.303	3.410	3.563	3.646	3.032	2.858	3.245	2.906	3.435	3.378	3.535	3.486	4.024	3.409	3.346	3.333	3.460	3.740	3.495	3.381	4.394	3.674	3.488	2.974	3.092	3.248	3.191	3.311	3.560	3.559	3.694	3.751	3.336	3.210	3.050	3.334	3.407	3.095	3.588	3.374	3.259	3.444	2.919	3.100	3.016	3.182	3.162	3.125	3.542	3.319	3.217	3.560	2.612	3.215	3.045	2.959	3.914	
3.565	3.362	3.558	3.582	3.942	3.212	3.693	3.708	3.429	3.468	3.270	3.109	3.143	2.723	3.189	3.086	3.506	2.836	3.784	3.411	2.675	3.679	3.827	3.906	3.823	3.265	3.274	3.680	2.773	3.306	3.027	2.889	3.271	3.171	3.428	3.427	3.708	4.239	3.360	3.413	3.380	3.427	3.103	3.597	4.500	3.547	3.483	3.534	3.207	2.978	3.185	3.055	2.825	3.544	3.093	3.396	3.622	3.359	4.016	3.250	3.403	3.586	3.356	3.901	3.943	3.408	3.236	2.918	2.906	2.977	3.614	3.435	3.117	3.932	3.329	3.513	3.585	3.664	4.160	3.331	3.045	3.224	3.196	3.620	3.422	3.451	4.018	3.200	3.435	3.033	3.173	3.640	3.378	3.279	3.534	3.825	3.139	3.742	3.456	3.401	3.498	3.495	3.695	4.287	3.584	3.987	3.607	3.309	3.187	3.213	3.371	3.297	3.483	3.533	4.047	3.572	3.518	3.630	3.645	3.360	3.313	3.141	3.506	3.184	3.717	3.307	3.494	3.131	3.080	3.388	3.440	3.182	2.951	3.177	3.499	3.159	3.440	3.452	3.059	3.884	
3.692	3.604	3.232	3.272	3.534	2.834	3.052	3.517	3.200	3.330	2.835	3.182	2.956	2.932	3.771	3.120	3.590	2.822	3.251	3.437	2.787	2.974	3.138	3.002	3.631	3.108	2.933	3.665	3.475	3.453	2.928	3.324	3.221	3.280	2.933	3.504	3.192	3.827	3.169	3.272	2.966	2.844	2.996	2.841	3.661	3.496	3.348	3.263	3.164	3.242	3.344	3.123	3.210	3.450	3.235	2.852	2.884	3.193	3.859	3.095	3.272	3.421	3.097	3.133	3.649	3.341	3.049	2.755	3.113	3.339	3.105	3.397	2.902	3.623	2.986	2.971	3.088	3.112	3.516	3.105	3.227	3.277	3.680	2.775	3.183	3.304	3.809	3.202	3.226	3.142	3.252	3.059	3.064	3.078	3.308	3.907	2.811	3.484	3.262	3.020	3.511	3.598	3.376	4.299	3.292	3.227	3.462	3.147	3.161	3.409	3.226	3.323	3.494	3.388	4.042	3.364	3.746	3.474	3.174	3.117	2.928	3.075	3.232	3.250	3.775	2.948	3.238	3.168	3.023	3.245	3.292	2.932	3.821	3.544	4.057	3.283	3.759	3.780	3.182	3.766	
3.267	3.571	3.721	3.441	3.879	3.133	3.443	3.816	2.775	3.231	3.034	3.395	3.301	3.164	3.529	3.264	3.383	3.118	3.400	3.882	2.678	3.132	3.486	3.333	3.303	3.433	2.939	3.257	3.166	3.226	3.219	3.320	3.673	3.117	3.266	3.451	3.800	4.715	3.353	3.561	3.258	3.349	3.485	3.403	4.288	3.106	2.946	3.681	3.639	3.092	3.545	3.569	3.733	4.124	3.809	3.585	3.467	3.728	4.376	3.186	3.440	3.350	3.552	3.515	3.952	3.485	3.254	3.344	3.443	3.233	3.567	3.468	3.514	4.416	3.627	3.813	3.495	3.738	3.741	3.311	3.410	3.394	3.298	3.501	3.324	3.593	4.217	3.587	3.505	3.611	3.477	3.430	3.742	3.512	3.600	3.503	3.400	3.338	3.994	3.572	3.734	3.333	3.406	4.365	3.479	3.425	3.299	3.223	3.575	3.383	3.322	3.321	3.314	3.492	4.017	3.438	3.539	3.619	3.536	3.410	3.468	3.350	3.358	3.097	3.847	2.979	3.181	3.397	3.069	3.122	3.035	2.914	3.006	3.071	3.626	2.901	3.524	3.179	3.291	3.942	
3.253	3.385	3.305	3.090	3.877	3.598	3.953	4.013	3.453	3.538	3.758	3.578	3.548	3.291	3.233	3.444	3.706	3.137	3.603	3.525	2.952	3.127	3.394	3.309	3.483	3.663	3.525	3.200	3.630	3.640	3.392	3.151	3.396	3.210	3.566	3.583	3.384	4.292	3.105	2.879	3.493	3.396	3.142	3.477	4.029	3.566	3.413	3.331	3.644	3.625	3.500	3.477	3.347	3.634	3.709	3.571	3.341	3.352	4.056	3.304	3.500	3.423	2.919	3.370	3.649	3.361	3.090	3.246	3.196	3.173	2.810	3.224	3.174	3.892	3.281	3.184	3.090	3.110	3.382	3.306	3.759	3.323	3.289	3.118	3.233	3.262	3.826	3.211	3.134	2.915	2.895	3.141	3.049	3.205	3.345	3.462	3.218	3.304	3.201	3.498	4.054	3.219	3.564	4.106	3.185	3.409	3.020	2.962	3.219	3.086	3.226	3.169	3.486	3.112	4.051	3.055	3.227	3.339	3.208	2.895	3.407	3.323	2.824	3.324	4.049	3.465	3.460	3.257	3.201	2.893	2.829	3.310	3.237	3.509	3.370	2.776	3.488	3.016	2.288	3.154	
3.669	3.382	3.106	3.133	3.476	3.320	2.946	3.601	3.197	3.196	3.432	3.431	3.501	3.072	3.324	3.397	3.452	3.024	3.419	3.959	2.809	2.888	3.381	3.501	3.461	3.735	3.100	2.848	2.909	3.126	3.235	3.257	3.318	3.387	3.407	3.320	3.537	4.210	3.531	3.460	3.169	3.326	3.187	3.361	4.118	2.875	3.208	3.252	3.193	3.273	2.945	2.956	3.109	3.270	3.106	3.367	3.477	3.433	4.119	3.279	3.496	3.162	3.184	3.262	3.890	3.325	2.889	2.860	3.358	3.111	3.225	3.231	3.192	3.846	2.983	3.095	2.966	3.640	3.757	3.180	3.419	3.342	3.233	3.175	3.383	3.448	3.976	3.484	3.365	3.343	3.084	3.220	3.102	3.353	2.997	3.333	2.890	2.930	3.459	3.372	3.494	3.587	3.429	4.532	3.822	3.616	3.349	3.430	3.321	3.086	3.198	3.286	3.490	3.245	4.013	3.153	3.006	3.286	3.223	3.227	3.710	2.968	3.044	3.364	3.880	3.593	3.501	2.910	2.854	3.036	3.147	2.948	3.317	3.323	4.073	2.935	3.157	3.306	2.555	3.694	
3.660	3.623	3.246	3.338	3.305	3.807	2.824	3.759	2.930	3.391	3.118	3.170	2.840	3.143	3.045	2.728	3.747	2.854	3.226	3.923	2.588	3.342	3.372	3.639	3.609	3.250	2.945	2.770	3.169	3.112	3.234	2.961	3.038	3.136	2.826	3.261	2.931	4.012	3.268	3.173	3.072	3.165	2.898	3.085	4.266	3.811	3.450	3.113	3.271	3.005	2.936	3.098	2.759	3.170	3.068	2.933	3.096	3.435	4.219	3.062	3.062	3.237	3.324	3.439	3.639	3.682	2.771	3.093	3.099	3.104	3.491	3.320	3.183	3.824	3.232	3.421	3.490	3.536	3.499	3.162	3.487	3.654	3.347	3.122	3.492	3.175	4.118	3.008	2.969	3.391	3.282	3.453	3.499	3.272	3.168	3.930	3.487	3.247	3.628	3.596	3.710	3.202	3.307	3.931	3.565	3.533	3.354	2.934	2.980	3.005	3.410	3.178	3.444	3.184	4.004	3.314	3.424	3.510	3.424	3.166	3.519	3.840	3.366	3.031	3.678	3.354	3.333	3.387	3.024	2.986	3.289	3.232	3.037	3.320	3.697	3.272	3.612	3.317	2.950	3.399	
3.637	3.167	2.932	3.207	3.430	3.768	3.016	3.599	3.516	3.395	3.417	3.263	3.019	3.185	3.006	3.299	3.584	3.082	3.879	4.264	3.040	3.166	3.236	3.695	3.242	3.531	3.713	3.438	3.319	3.259	3.172	3.114	3.141	2.968	3.072	3.728	3.665	4.751	3.438	3.473	3.239	3.438	3.492	3.369	4.389	3.372	3.419	3.113	3.857	2.740	3.003	2.806	3.405	3.174	3.117	2.989	3.251	3.978	4.278	3.342	3.110	3.478	3.555	4.079	3.789	3.646	3.168	3.032	3.030	2.913	2.899	3.027	3.119	3.722	2.984	3.329	2.933	3.398	4.015	3.518	3.337	3.397	3.081	3.304	3.434	3.443	3.893	3.028	3.024	2.705	2.976	3.006	2.899	3.058	3.151	3.809	3.343	3.643	3.201	3.752	3.950	3.267	3.142	4.143	3.036	2.970	2.863	2.703	2.729	3.203	2.860	3.046	3.126	3.240	3.812	3.537	3.420	3.525	3.528	3.598	3.476	3.131	3.239	2.661	3.473	2.552	2.915	2.845	2.706	2.801	3.127	3.033	3.324	3.404	3.586	2.899	3.814	3.266	3.169	3.686	
3.382	3.009	3.022	3.018	3.354	3.595	2.986	3.275	2.646	2.748	2.625	3.175	3.178	3.027	3.150	3.367	3.817	2.699	3.309	3.547	2.469	2.915	2.990	2.980	3.051	2.992	3.047	2.712	2.514	3.057	2.811	2.910	3.073	3.150	3.047	3.302	2.959	4.027	3.064	3.621	3.003	2.868	2.991	2.848	3.541	2.986	2.736	2.726	3.276	2.408	2.644	2.804	2.837	3.033	3.179	2.957	3.249	3.543	4.057	3.223	2.743	3.176	3.018	2.802	3.338	2.984	2.794	2.753	2.568	2.531	2.947	2.985	3.043	3.959	2.927	3.061	3.340	3.715	3.330	3.230	2.758	3.094	3.164	3.320	3.068	3.211	3.748	3.141	2.716	2.552	2.912	2.977	3.032	3.010	3.435	3.972	3.580	3.488	3.394	3.308	3.320	3.267	3.315	4.063	3.443	3.292	2.940	2.897	3.046	2.605	3.129	3.389	3.407	3.301	3.743	3.636	3.055	3.606	3.223	3.342	2.943	3.011	3.028	3.397	3.782	3.313	3.421	2.886	3.249	2.603	3.225	3.005	3.209	3.534	3.912	3.655	3.635	3.553	3.272	3.984	
3.732	3.260	3.170	2.895	3.181	3.032	3.059	3.360	3.214	3.290	3.103	2.803	2.958	2.687	3.075	3.356	3.651	3.067	3.152	3.277	2.733	3.329	3.248	3.229	3.614	3.256	3.140	3.348	3.032	2.996	3.217	3.182	3.137	2.971	3.736	3.491	3.369	4.245	3.572	3.608	2.890	3.012	3.213	3.280	3.981	3.128	3.228	3.366	3.344	2.584	2.654	3.092	3.134	3.440	3.390	3.796	3.539	3.608	4.071	3.263	3.066	3.092	3.356	3.414	3.737	3.658	3.136	2.934	2.951	3.118	3.456	2.926	3.358	3.947	3.470	3.320	3.516	3.193	3.362	3.079	2.594	2.996	3.275	3.396	3.470	3.044	3.992	3.171	2.966	3.389	3.514	2.923	3.350	3.170	2.974	3.086	3.065	3.354	3.364	3.535	3.137	3.352	3.460	4.507	3.513	3.657	2.945	3.198	3.304	3.419	2.974	3.154	2.910	3.120	3.813	3.141	3.474	3.386	3.369	3.154	2.718	3.168	3.091	2.964	3.718	3.244	3.320	2.942	2.788	3.139	3.081	3.005	2.970	3.070	2.867	2.954	3.830	3.036	3.201	3.490	
3.368	3.034	2.846	3.065	3.162	3.404	3.027	3.412	3.124	3.181	3.303	3.318	2.979	2.925	2.745	2.886	3.146	2.936	3.402	3.533	2.845	2.833	2.809	2.955	3.113	3.160	3.463	3.169	2.620	3.103	3.039	3.258	3.257	3.104	2.974	3.202	3.339	4.253	3.528	3.161	2.765	3.009	3.211	2.840	3.588	3.092	2.972	2.881	2.952	2.440	2.701	3.046	3.346	3.473	3.067	3.154	3.321	3.329	4.116	3.314	3.372	3.333	3.488	3.146	3.275	3.224	2.953	3.132	3.035	2.757	2.977	3.092	3.293	4.105	3.072	3.113	2.862	3.307	3.411	3.090	3.024	3.292	3.196	2.985	3.045	3.210	3.988	3.047	3.132	2.949	2.932	3.047	3.226	3.060	2.866	3.316	2.913	3.626	3.174	3.104	3.758	3.010	3.746	4.085	3.755	3.002	3.291	3.161	2.795	3.133	3.229	3.179	3.022	2.839	3.688	3.489	3.203	3.023	2.979	3.123	3.462	3.521	3.222	3.137	3.753	3.127	3.188	3.164	3.340	3.185	3.231	3.320	3.242	3.138	3.562	3.171	3.830	3.102	2.652	3.474	
2.827	3.397	3.489	3.269	3.589	4.028	3.364	3.971	3.300	3.574	3.281	3.469	3.302	3.209	3.053	3.333	3.757	2.669	3.153	3.437	3.043	2.915	3.549	3.482	3.495	3.737	3.674	3.594	3.319	3.246	3.201	3.115	3.224	3.140	3.064	3.427	3.296	4.464	3.771	3.772	3.464	3.474	3.237	3.392	4.301	3.849	3.978	3.480	3.135	2.696	3.073	2.841	3.245	3.316	2.992	3.151	3.043	3.295	4.143	3.230	3.314	2.960	3.098	3.394	3.673	4.099	3.530	3.504	3.223	3.013	3.509	3.240	3.206	4.033	3.161	3.257	3.403	3.319	3.494	3.007	3.261	3.012	2.680	3.522	3.214	3.314	4.223	3.237	3.191	3.255	3.207	2.951	3.277	3.112	3.007	3.440	3.175	2.900	3.163	3.131	3.572	3.027	3.031	3.649	3.283	3.273	3.084	3.363	3.238	3.137	3.049	3.577	3.439	3.576	3.950	3.245	3.377	3.155	3.277	3.535	3.809	3.088	3.261	3.336	3.564	3.151	3.129	3.373	3.529	3.503	3.666	3.416	3.174	3.419	3.430	2.882	3.219	2.831	3.130	3.775	
